INSERT INTO Events (Type,EventClass,Description,Help,EventArt,EventAudio,RandomChance,RandomChanceDelta,IsOneShot,IgnoresGlobalCooldown,Global,EraScaling,EventCooldown,NumChoices,MinimumNationalPopulation,MinimumNumberCities,RequiredCiv,RequiredEra,ObsoleteEra,IsUnhappy,IsSuperUnhappy,ImprovementAnywhereRequired,MinimumNumCoastalCities,LessThanMaximumTradeRoutes,RequiredPolicy,RequiredIdeology,RequiresWar,RequiresWarMinor,UnitClassRequired,PrereqTech,ObsoleteTech,RequiresPantheon,RequiredReligion,RequiredStateReligion,RequiresAnyStateReligion,RequiredAnywhereBuildingClass,RequiredNowhereBuildingClass,RequiresHolyCity,RequiresIdeology,HasMetAMajorCiv,InDebt,LosingMoney,IsVassalOfSomeone,IsMasterOfSomeone) VALUES ('PLAYER_EVENT_COMET','EVENT_CLASS_NEUTRAL','TXT_KEY_PLAYER_EVENT_COMET_DESCRIPTION','TXT_KEY_PLAYER_EVENT_COMET_HELP',NULL,'AS2D_INTERFACE_CITY_TILE',5,1,'false','false','true','true',200,3,1,1,NULL,NULL,NULL,'false','false',NULL,0,'false',NULL,NULL,'false','false',NULL,NULL,NULL,'false',NULL,NULL,'false',NULL,NULL,'false','false','false','false','false','false','false'),
 ('PLAYER_EVENT_METEOR','EVENT_CLASS_GOOD','TXT_KEY_PLAYER_EVENT_METEOR_DESCRIPTION','TXT_KEY_PLAYER_EVENT_METEOR_HELP',NULL,'AS2D_INTERFACE_CITY_TILE',5,2,'false','false','true','true',150,3,5,2,NULL,NULL,NULL,'false','false',NULL,0,'false',NULL,NULL,'false','false',NULL,NULL,NULL,'false',NULL,NULL,'false',NULL,NULL,'false','false','false','false','false','false','false'),
 ('PLAYER_EVENT_ECLIPSE','EVENT_CLASS_NEUTRAL','TXT_KEY_PLAYER_EVENT_ECLIPSE_DESCRIPTION','TXT_KEY_PLAYER_EVENT_ECLIPSE_HELP',NULL,'AS2D_INTERFACE_CITY_TILE',5,1,'false','false','true','true',150,3,10,3,NULL,NULL,NULL,'false','false',NULL,0,'false',NULL,NULL,'false','false',NULL,NULL,NULL,'false',NULL,NULL,'false',NULL,NULL,'false','false','false','false','false','false','false'),
 ('PLAYER_EVENT_HEAT_WAVE','EVENT_CLASS_BAD','TXT_KEY_PLAYER_EVENT_HEAT_WAVE_DESCRIPTION','TXT_KEY_PLAYER_EVENT_HEAT_WAVE_HELP','badeventdefaultbackground.dds','AS2D_EVENT_NOTIFICATION_VERY_BAD',15,0,'false','false','true','true',250,3,15,3,NULL,NULL,NULL,'false','false',NULL,0,'false',NULL,NULL,'false','false',NULL,NULL,NULL,'false',NULL,NULL,'false',NULL,NULL,'false','false','false','false','false','false','false'),
 ('PLAYER_EVENT_ICE_AGE','EVENT_CLASS_BAD','TXT_KEY_PLAYER_EVENT_ICE_AGE_DESCRIPTION','TXT_KEY_PLAYER_EVENT_ICE_AGE_HELP','badeventdefaultbackground.dds','AS2D_EVENT_NOTIFICATION_VERY_BAD',15,0,'false','false','true','true',300,3,15,3,NULL,NULL,NULL,'false','false',NULL,0,'false',NULL,NULL,'false','false',NULL,NULL,NULL,'false',NULL,NULL,'false',NULL,NULL,'false','false','false','false','false','false','false'),
 ('PLAYER_EVENT_REVOLUTION','EVENT_CLASS_BAD','TXT_KEY_PLAYER_EVENT_REVOLUTION_DESCRIPTION','TXT_KEY_PLAYER_EVENT_REVOLUTION_HELP','badeventdefaultbackground.dds','AS2D_EVENT_NOTIFICATION_VERY_BAD',15,0,'false','false','false','true',100,3,20,4,NULL,NULL,NULL,'false','true',NULL,0,'false',NULL,NULL,'false','false',NULL,NULL,NULL,'false',NULL,NULL,'false',NULL,NULL,'false','false','false','false','false','false','false'),
 ('PLAYER_EVENT_WAR_FERVOR','EVENT_CLASS_GOOD','TXT_KEY_PLAYER_EVENT_WAR_FERVOR_DESCRIPTION','TXT_KEY_PLAYER_EVENT_WAR_FERVOR_HELP',NULL,'AS2D_INTERFACE_DECLARE_WAR',15,1,'false','false','false','true',100,3,20,4,NULL,NULL,NULL,'false','false',NULL,0,'false',NULL,NULL,'true','false',NULL,'TECH_ARCHERY',NULL,'false',NULL,NULL,'false',NULL,NULL,'false','false','false','false','false','false','false'),
 ('PLAYER_EVENT_WAR_WEARINESS','EVENT_CLASS_NEUTRAL','TXT_KEY_PLAYER_EVENT_WAR_WEARINESS_DESCRIPTION','TXT_KEY_PLAYER_EVENT_WAR_WEARINESS_HELP',NULL,'AS2D_EVENT_NOTIFICATION_VERY_BAD',15,1,'false','false','false','true',100,3,20,4,NULL,NULL,NULL,'true','false',NULL,0,'false',NULL,NULL,'true','false',NULL,'TECH_ARCHERY',NULL,'false',NULL,NULL,'false',NULL,NULL,'false','false','false','false','false','false','false'),
 ('PLAYER_EVENT_CASTLE_DOCTRINE','EVENT_CLASS_GOOD','TXT_KEY_PLAYER_EVENT_CASTLE_DOCTRINE_DESCRIPTION','TXT_KEY_PLAYER_EVENT_CASTLE_DOCTRINE_HELP',NULL,'AS2D_INTERFACE_BORDERS_EXPAND',20,0,'true','false','false','false',30,4,25,4,NULL,NULL,'ERA_INDUSTRIAL','false','false',NULL,0,'false',NULL,NULL,'true','false',NULL,NULL,NULL,'false',NULL,NULL,'false','BUILDINGCLASS_CASTLE',NULL,'false','false','false','false','false','false','false'),
 ('PLAYER_EVENT_UNIVERSITY_POLICY','EVENT_CLASS_GOOD','TXT_KEY_PLAYER_EVENT_UNIVERSITY_POLICY_DESCRIPTION','TXT_KEY_PLAYER_EVENT_UNIVERSITY_POLICY_HELP',NULL,'AS2D_INTERFACE_BORDERS_EXPAND',20,0,'true','false','false','false',30,2,25,5,NULL,NULL,NULL,'false','false',NULL,0,'false',NULL,NULL,'false','false',NULL,NULL,NULL,'false',NULL,NULL,'false','BUILDINGCLASS_UNIVERSITY',NULL,'false','false','false','false','false','false','false'),
 ('PLAYER_EVENT_BANK_DECISION','EVENT_CLASS_GOOD','TXT_KEY_PLAYER_EVENT_BANK_DECISION_DESCRIPTION','TXT_KEY_PLAYER_EVENT_BANK_DECISION_HELP',NULL,'AS2D_INTERFACE_BORDERS_EXPAND',20,1,'true','false','false','false',30,3,30,4,NULL,NULL,NULL,'false','false',NULL,0,'false',NULL,NULL,'false','false',NULL,NULL,NULL,'false',NULL,NULL,'false','BUILDINGCLASS_BANK',NULL,'false','false','false','false','true','false','false'),
 ('PLAYER_EVENT_WINDMILLS_MODERNIZE','EVENT_CLASS_GOOD','TXT_KEY_PLAYER_EVENT_WINDMILLS_MODERNIZE_DESCRIPTION','TXT_KEY_PLAYER_EVENT_WINDMILLS_MODERNIZE_HELP',NULL,'AS2D_INTERFACE_BORDERS_EXPAND',20,1,'true','false','false','false',30,3,0,0,NULL,'ERA_INDUSTRIAL',NULL,'false','false',NULL,0,'false',NULL,NULL,'false','false',NULL,NULL,NULL,'false',NULL,NULL,'false','BUILDINGCLASS_WINDMILL',NULL,'false','false','false','false','false','false','false'),
 ('PLAYER_EVENT_STADIUM_WORLD_EVENT','EVENT_CLASS_GOOD',NULL,NULL,NULL,'AS2D_INTERFACE_BORDERS_EXPAND',10,1,'false','false','false','false',50,1,0,4,NULL,NULL,NULL,'false','false',NULL,0,'false',NULL,NULL,'false','false',NULL,NULL,NULL,'false',NULL,NULL,'false','BUILDINGCLASS_STADIUM',NULL,'false','true','true','false','false','false','false'),
 ('PLAYER_EVENT_CORRUPTION_SCIENCE_FAILURE','EVENT_CLASS_BAD',NULL,NULL,'badeventdefaultbackground.dds','AS2D_EVENT_NOTIFICATION_VERY_BAD',20,1,'false','false','false','true',75,1,10,3,NULL,NULL,NULL,'true','false',NULL,0,'false',NULL,NULL,'false','false',NULL,NULL,NULL,'false',NULL,NULL,'false',NULL,NULL,'false','false','false','false','false','false','false'),
 ('PLAYER_EVENT_BABY_BOOM','EVENT_CLASS_GOOD',NULL,NULL,NULL,'AS2D_INTERFACE_BORDERS_EXPAND',15,1,'false','false','false','false',100,1,0,3,NULL,'ERA_INDUSTRIAL',NULL,'false','false',NULL,0,'false',NULL,NULL,'false','false',NULL,NULL,NULL,'false',NULL,NULL,'false',NULL,NULL,'false','false','false','false','false','false','false'),
 ('PLAYER_EVENT_PLAGUE','EVENT_CLASS_BAD',NULL,NULL,'badeventdefaultbackground.dds','AS2D_EVENT_NOTIFICATION_VERY_BAD',10,1,'false','false','true','false',200,1,20,4,NULL,'ERA_CLASSICAL','ERA_MODERN','false','false',NULL,0,'false',NULL,NULL,'false','false',NULL,NULL,NULL,'false',NULL,NULL,'false',NULL,NULL,'false','false','false','false','false','false','false'),
 ('PLAYER_EVENT_ADVISOR_DEBATE','EVENT_CLASS_GOOD','TXT_KEY_PLAYER_EVENT_ADVISOR_DEBATE','TXT_KEY_PLAYER_EVENT_ADVISOR_DEBATE_HELP',NULL,'AS2D_INTERFACE_BORDERS_EXPAND',20,1,'false','false','true','true',100,4,15,3,NULL,'ERA_INDUSTRIAL',NULL,'false','false',NULL,0,'false',NULL,NULL,'false','false',NULL,NULL,NULL,'false',NULL,NULL,'false',NULL,NULL,'false','false','true','false','false','false','false'),
 ('PLAYER_EVENT_DEATH_MERCHANT','EVENT_CLASS_GOOD','TXT_KEY_PLAYER_EVENT_DEATH_MERCHANT','TXT_KEY_PLAYER_EVENT_DEATH_MERCHANT_HELP',NULL,'AS2D_INTERFACE_BORDERS_EXPAND',10,1,'true','false','false','true',100,3,0,0,NULL,NULL,'ERA_INDUSTRIAL','false','false','IMPROVEMENT_ACADEMY',0,'true',NULL,NULL,'false','false',NULL,NULL,NULL,'false',NULL,NULL,'false',NULL,NULL,'false','false','false','false','false','false','false'),
 ('PLAYER_EVENT_MARKET_DEVELOPMENT','EVENT_CLASS_GOOD','TXT_KEY_PLAYER_EVENT_MARKET_DEVELOPMENT','TXT_KEY_PLAYER_EVENT_MARKET_DEVELOPMENT_HELP',NULL,'AS2D_INTERFACE_BORDERS_EXPAND',15,1,'true','false','false','false',100,4,15,3,NULL,NULL,'ERA_MEDIEVAL','false','false',NULL,0,'false',NULL,NULL,'false','false',NULL,NULL,NULL,'true',NULL,NULL,'false','BUILDINGCLASS_MARKET',NULL,'false','false','true','false','false','false','false'),
 ('PLAYER_EVENT_MONUMENT_DEVELOPMENT','EVENT_CLASS_GOOD','TXT_KEY_PLAYER_EVENT_MONUMENT_DEVELOPMENT','TXT_KEY_PLAYER_EVENT_MONUMENT_DEVELOPMENT_HELP',NULL,'AS2D_INTERFACE_BORDERS_EXPAND',15,1,'true','false','false','false',100,4,10,2,NULL,NULL,'ERA_MEDIEVAL','false','false',NULL,0,'false',NULL,NULL,'false','false',NULL,NULL,NULL,'false',NULL,NULL,'false','BUILDINGCLASS_MONUMENT',NULL,'false','false','false','false','false','false','false'),
 ('PLAYER_EVENT_FACTORY_PARTNERSHIP','EVENT_CLASS_GOOD','TXT_KEY_PLAYER_EVENT_FACTORY_PARTNERSHIP','TXT_KEY_PLAYER_EVENT_FACTORY_PARTNERSHIP_HELP',NULL,'AS2D_INTERFACE_BORDERS_EXPAND',25,1,'true','false','false','false',100,4,50,5,NULL,NULL,NULL,'false','false',NULL,0,'false',NULL,'POLICY_BRANCH_FREEDOM','false','false',NULL,'TECH_REPLACEABLE_PARTS',NULL,'false',NULL,NULL,'false','BUILDINGCLASS_FACTORY',NULL,'false','false','false','false','false','false','false'),
 ('PLAYER_EVENT_PUBLIC_SCHOOL_DECISION','EVENT_CLASS_GOOD','TXT_KEY_PLAYER_EVENT_PUBLIC_SCHOOL_DECISION','TXT_KEY_PLAYER_EVENT_PUBLIC_SCHOOL_DECISION_HELP',NULL,'AS2D_INTERFACE_BORDERS_EXPAND',15,1,'true','false','false','false',100,4,40,4,NULL,NULL,NULL,'false','false',NULL,0,'false',NULL,NULL,'false','false',NULL,NULL,NULL,'false',NULL,NULL,'false','BUILDINGCLASS_PUBLIC_SCHOOL',NULL,'false','false','false','false','false','false','false');

INSERT INTO Event_ParentEvents (EventChoiceType,EventType) VALUES ('PLAYER_EVENT_COMET_CHOICE_1','PLAYER_EVENT_COMET'),
 ('PLAYER_EVENT_COMET_CHOICE_2','PLAYER_EVENT_COMET'),
 ('PLAYER_EVENT_COMET_CHOICE_3','PLAYER_EVENT_COMET'),
 ('PLAYER_EVENT_COMET_CHOICE_4','PLAYER_EVENT_COMET'),
 ('PLAYER_EVENT_METEOR_CHOICE_1','PLAYER_EVENT_METEOR'),
 ('PLAYER_EVENT_METEOR_CHOICE_2','PLAYER_EVENT_METEOR'),
 ('PLAYER_EVENT_METEOR_CHOICE_3','PLAYER_EVENT_METEOR'),
 ('PLAYER_EVENT_METEOR_CHOICE_4','PLAYER_EVENT_METEOR'),
 ('PLAYER_EVENT_METEOR_CHOICE_5','PLAYER_EVENT_METEOR'),
 ('PLAYER_EVENT_ECLIPSE_CHOICE_1','PLAYER_EVENT_ECLIPSE'),
 ('PLAYER_EVENT_ECLIPSE_CHOICE_2','PLAYER_EVENT_ECLIPSE'),
 ('PLAYER_EVENT_ECLIPSE_CHOICE_3','PLAYER_EVENT_ECLIPSE'),
 ('PLAYER_EVENT_ECLIPSE_CHOICE_4','PLAYER_EVENT_ECLIPSE'),
 ('PLAYER_EVENT_HEAT_WAVE_CHOICE_1','PLAYER_EVENT_HEAT_WAVE'),
 ('PLAYER_EVENT_HEAT_WAVE_CHOICE_2','PLAYER_EVENT_HEAT_WAVE'),
 ('PLAYER_EVENT_HEAT_WAVE_CHOICE_3','PLAYER_EVENT_HEAT_WAVE'),
 ('PLAYER_EVENT_HEAT_WAVE_CHOICE_4','PLAYER_EVENT_HEAT_WAVE'),
 ('PLAYER_EVENT_ICE_AGE_CHOICE_1','PLAYER_EVENT_ICE_AGE'),
 ('PLAYER_EVENT_ICE_AGE_CHOICE_2','PLAYER_EVENT_ICE_AGE'),
 ('PLAYER_EVENT_ICE_AGE_CHOICE_3','PLAYER_EVENT_ICE_AGE'),
 ('PLAYER_EVENT_REVOLUTION_CHOICE_1','PLAYER_EVENT_REVOLUTION'),
 ('PLAYER_EVENT_REVOLUTION_CHOICE_2','PLAYER_EVENT_REVOLUTION'),
 ('PLAYER_EVENT_REVOLUTION_CHOICE_3','PLAYER_EVENT_REVOLUTION'),
 ('PLAYER_EVENT_REVOLUTION_CHOICE_4','PLAYER_EVENT_REVOLUTION'),
 ('PLAYER_EVENT_WAR_FERVOR_CHOICE_1','PLAYER_EVENT_WAR_FERVOR'),
 ('PLAYER_EVENT_WAR_FERVOR_CHOICE_2','PLAYER_EVENT_WAR_FERVOR'),
 ('PLAYER_EVENT_WAR_FERVOR_CHOICE_3','PLAYER_EVENT_WAR_FERVOR'),
 ('PLAYER_EVENT_WAR_FERVOR_CHOICE_4','PLAYER_EVENT_WAR_FERVOR'),
 ('PLAYER_EVENT_WAR_FERVOR_CHOICE_5','PLAYER_EVENT_WAR_FERVOR'),
 ('PLAYER_EVENT_WAR_WEARINESS_CHOICE_1','PLAYER_EVENT_WAR_WEARINESS'),
 ('PLAYER_EVENT_WAR_WEARINESS_CHOICE_2','PLAYER_EVENT_WAR_WEARINESS'),
 ('PLAYER_EVENT_WAR_WEARINESS_CHOICE_3','PLAYER_EVENT_WAR_WEARINESS'),
 ('PLAYER_EVENT_WAR_WEARINESS_CHOICE_4','PLAYER_EVENT_WAR_WEARINESS'),
 ('PLAYER_EVENT_CASTLE_DOCTRINE_CHOICE_1','PLAYER_EVENT_CASTLE_DOCTRINE'),
 ('PLAYER_EVENT_CASTLE_DOCTRINE_CHOICE_2','PLAYER_EVENT_CASTLE_DOCTRINE'),
 ('PLAYER_EVENT_CASTLE_DOCTRINE_CHOICE_3','PLAYER_EVENT_CASTLE_DOCTRINE'),
 ('PLAYER_EVENT_CASTLE_DOCTRINE_CHOICE_4','PLAYER_EVENT_CASTLE_DOCTRINE'),
 ('PLAYER_EVENT_UNIVERSITY_POLICY_CHOICE_1','PLAYER_EVENT_UNIVERSITY_POLICY'),
 ('PLAYER_EVENT_UNIVERSITY_POLICY_CHOICE_2','PLAYER_EVENT_UNIVERSITY_POLICY'),
 ('PLAYER_EVENT_UNIVERSITY_POLICY_CHOICE_3','PLAYER_EVENT_UNIVERSITY_POLICY'),
 ('PLAYER_EVENT_UNIVERSITY_POLICY_CHOICE_4','PLAYER_EVENT_UNIVERSITY_POLICY'),
 ('PLAYER_EVENT_BANK_DECISION_CHOICE_1','PLAYER_EVENT_BANK_DECISION'),
 ('PLAYER_EVENT_BANK_DECISION_CHOICE_2','PLAYER_EVENT_BANK_DECISION'),
 ('PLAYER_EVENT_BANK_DECISION_CHOICE_3','PLAYER_EVENT_BANK_DECISION'),
 ('PLAYER_EVENT_WINDMILLS_MODERNIZE_CHOICE_1','PLAYER_EVENT_WINDMILLS_MODERNIZE'),
 ('PLAYER_EVENT_WINDMILLS_MODERNIZE_CHOICE_2','PLAYER_EVENT_WINDMILLS_MODERNIZE'),
 ('PLAYER_EVENT_WINDMILLS_MODERNIZE_CHOICE_3','PLAYER_EVENT_WINDMILLS_MODERNIZE'),
 ('PLAYER_EVENT_NO_CHOICE','PLAYER_EVENT_WINDMILLS_MODERNIZE'),
 ('PLAYER_EVENT_STADIUM_WORLD_EVENT_CHOICE_1','PLAYER_EVENT_STADIUM_WORLD_EVENT'),
 ('PLAYER_EVENT_CORRUPTION_SCIENCE_FAILURE_CHOICE_1','PLAYER_EVENT_CORRUPTION_SCIENCE_FAILURE'),
 ('PLAYER_EVENT_BABY_BOOM_CHOICE_1','PLAYER_EVENT_BABY_BOOM'),
 ('PLAYER_EVENT_PLAGUE_CHOICE_1','PLAYER_EVENT_PLAGUE'),
 ('PLAYER_EVENT_ADVISOR_DEBATE_CHOICE_1','PLAYER_EVENT_ADVISOR_DEBATE'),
 ('PLAYER_EVENT_ADVISOR_DEBATE_CHOICE_2','PLAYER_EVENT_ADVISOR_DEBATE'),
 ('PLAYER_EVENT_ADVISOR_DEBATE_CHOICE_3','PLAYER_EVENT_ADVISOR_DEBATE'),
 ('PLAYER_EVENT_ADVISOR_DEBATE_CHOICE_4','PLAYER_EVENT_ADVISOR_DEBATE'),
 ('PLAYER_EVENT_DEATH_MERCHANT_CHOICE_1','PLAYER_EVENT_DEATH_MERCHANT'),
 ('PLAYER_EVENT_DEATH_MERCHANT_CHOICE_2','PLAYER_EVENT_DEATH_MERCHANT'),
 ('PLAYER_EVENT_DEATH_MERCHANT_CHOICE_3','PLAYER_EVENT_DEATH_MERCHANT'),
 ('PLAYER_EVENT_MARKET_DEVELOPMENT_CHOICE_1','PLAYER_EVENT_MARKET_DEVELOPMENT'),
 ('PLAYER_EVENT_MARKET_DEVELOPMENT_CHOICE_2','PLAYER_EVENT_MARKET_DEVELOPMENT'),
 ('PLAYER_EVENT_MONUMENT_DEVELOPMENT_CHOICE_1','PLAYER_EVENT_MONUMENT_DEVELOPMENT'),
 ('PLAYER_EVENT_MONUMENT_DEVELOPMENT_CHOICE_2','PLAYER_EVENT_MONUMENT_DEVELOPMENT'),
 ('PLAYER_EVENT_MONUMENT_DEVELOPMENT_CHOICE_3','PLAYER_EVENT_MONUMENT_DEVELOPMENT'),
 ('PLAYER_EVENT_FACTORY_PARTNERSHIP_CHOICE_1','PLAYER_EVENT_FACTORY_PARTNERSHIP'),
 ('PLAYER_EVENT_FACTORY_PARTNERSHIP_CHOICE_2','PLAYER_EVENT_FACTORY_PARTNERSHIP'),
 ('PLAYER_EVENT_FACTORY_PARTNERSHIP_CHOICE_3','PLAYER_EVENT_FACTORY_PARTNERSHIP'),
 ('PLAYER_EVENT_FACTORY_PARTNERSHIP_CHOICE_4','PLAYER_EVENT_FACTORY_PARTNERSHIP'),
 ('PLAYER_EVENT_FACTORY_PARTNERSHIP_CHOICE_5','PLAYER_EVENT_FACTORY_PARTNERSHIP'),
 ('PLAYER_EVENT_PUBLIC_SCHOOL_DECISION_CHOICE_1','PLAYER_EVENT_PUBLIC_SCHOOL_DECISION'),
 ('PLAYER_EVENT_PUBLIC_SCHOOL_DECISION_CHOICE_2','PLAYER_EVENT_PUBLIC_SCHOOL_DECISION');

INSERT INTO Event_MinimumStartYield (EventType,YieldType,Yield) VALUES ('PLAYER_EVENT_WINDMILLS_MODERNIZE','YIELD_GOLD',500),
 ('PLAYER_EVENT_CORRUPTION_SCIENCE_FAILURE','YIELD_SCIENCE',75);

INSERT INTO Event_MinimumResourceRequired (EventType,ResourceType,Quantity) VALUES ('PLAYER_EVENT_WINDMILLS_MODERNIZE','RESOURCE_IRON',4);

INSERT INTO EventChoices (Type,Description,Help,DisabledTooltip,EventChoiceAudio,IsOneShot,EventDuration,EraScaling,EventChance,Expires,MinimumNationalPopulation,MinimumNumberCities,MinimumNumCoastalCities,AffectsCoastalCitiesOnly,LessThanMaximumTradeRoutes,RequiredCiv,RequiredEra,ObsoleteEra,IsUnhappy,IsSuperUnhappy,ImprovementAnywhereRequired,RequiredPolicy,RequiredIdeology,RequiresWar,RequiresWarMinor,UnitClassRequired,PrereqTech,ObsoleteTech,RequiresPantheon,RequiredReligion,RequiredStateReligion,RequiresAnyStateReligion,RequiredAnywhereBuildingClass,RequiredNowhereBuildingClass,RequiresHolyCity,RequiresIdeology,CapitalEffectOnly,YieldBonusAllCities,EventPolicy,EventPromotion,EventTech,EventBuildingClassGlobal,EventFreePolicies,FreeGreatPeople,GoldenAgeTurns,WLTKDTurns,ResistanceTurns,PlayerHappiness,HappinessPerCity,RandomBarbarianSpawn,FreeUnitsTechAppropriate,HasMetAMajorCiv,InDebt,LosingMoney,IsVassalOfSomeone,IsMasterOfSomeone) VALUES ('PLAYER_EVENT_COMET_CHOICE_1','TXT_KEY_EVENT_COMET_CHOICE_1','TXT_KEY_EVENT_COMET_CHOICE_1_HELP',NULL,'AS2D_EVENT_CHOICE','false',30,'true',0,'false',0,0,0,'false','false',NULL,NULL,NULL,'false','false',NULL,NULL,NULL,'false','false',NULL,NULL,NULL,'false',NULL,NULL,'false',NULL,NULL,'false','false','false','false',NULL,NULL,NULL,NULL,0,0,0,0,0,0,0,0,0,'false','false','false','false','false'),
 ('PLAYER_EVENT_COMET_CHOICE_2','TXT_KEY_EVENT_COMET_CHOICE_2','TXT_KEY_EVENT_COMET_CHOICE_2_HELP',NULL,'AS2D_EVENT_CHOICE','false',30,'false',0,'true',0,0,0,'false','false',NULL,NULL,NULL,'false','false',NULL,NULL,NULL,'false','false',NULL,NULL,NULL,'false',NULL,NULL,'false',NULL,NULL,'false','false','false','false',NULL,NULL,NULL,NULL,0,0,0,0,0,0,1,0,0,'false','false','false','false','false'),
 ('PLAYER_EVENT_COMET_CHOICE_3','TXT_KEY_EVENT_COMET_CHOICE_3','TXT_KEY_EVENT_COMET_CHOICE_3_HELP',NULL,'AS2D_EVENT_CHOICE','false',30,'true',50,'false',0,0,0,'false','false',NULL,NULL,NULL,'false','false',NULL,NULL,NULL,'false','false',NULL,NULL,NULL,'false',NULL,NULL,'false',NULL,NULL,'true','false','false','false',NULL,NULL,NULL,NULL,0,0,0,0,0,0,0,0,0,'false','false','false','false','false'),
 ('PLAYER_EVENT_COMET_CHOICE_4','TXT_KEY_EVENT_COMET_CHOICE_4','TXT_KEY_EVENT_COMET_CHOICE_4_HELP',NULL,'AS2D_EVENT_CHOICE','false',30,'true',0,'false',0,0,0,'false','false',NULL,NULL,NULL,'false','false',NULL,NULL,NULL,'false','false',NULL,NULL,NULL,'false',NULL,NULL,'false','BUILDINGCLASS_OBSERVATORY',NULL,'false','false','false','false',NULL,NULL,NULL,NULL,0,0,0,0,0,0,0,0,0,'false','false','false','false','false'),
 ('PLAYER_EVENT_METEOR_CHOICE_1','TXT_KEY_PLAYER_EVENT_METEOR_CHOICE_1','TXT_KEY_PLAYER_EVENT_METEOR_CHOICE_1_HELP',NULL,'AS2D_EVENT_CHOICE','false',30,'false',50,'false',0,0,0,'false','false',NULL,NULL,NULL,'false','false',NULL,NULL,NULL,'false','false',NULL,NULL,NULL,'false',NULL,NULL,'false','BUILDINGCLASS_FORGE',NULL,'false','false','false','false',NULL,NULL,NULL,NULL,0,0,0,0,0,0,0,0,0,'false','false','false','false','false'),
 ('PLAYER_EVENT_METEOR_CHOICE_2','TXT_KEY_PLAYER_EVENT_METEOR_CHOICE_2','TXT_KEY_PLAYER_EVENT_METEOR_CHOICE_2_HELP',NULL,'AS2D_EVENT_CHOICE','true',30,'false',0,'false',0,0,0,'false','false',NULL,NULL,NULL,'false','false',NULL,NULL,NULL,'false','false',NULL,NULL,NULL,'false',NULL,NULL,'false',NULL,NULL,'false','false','false','false',NULL,NULL,NULL,NULL,0,0,0,0,0,0,0,0,0,'false','false','false','false','false'),
 ('PLAYER_EVENT_METEOR_CHOICE_3','TXT_KEY_PLAYER_EVENT_METEOR_CHOICE_3','TXT_KEY_PLAYER_EVENT_METEOR_CHOICE_3_HELP',NULL,'AS2D_EVENT_CHOICE','true',30,'false',0,'false',0,0,0,'false','false',NULL,NULL,NULL,'false','false',NULL,NULL,NULL,'false','false',NULL,NULL,NULL,'false',NULL,NULL,'false','BUILDINGCLASS_PALACE',NULL,'false','false','false','false',NULL,NULL,NULL,NULL,0,0,0,0,0,0,0,0,0,'false','false','false','false','false'),
 ('PLAYER_EVENT_METEOR_CHOICE_4','TXT_KEY_PLAYER_EVENT_METEOR_CHOICE_4','TXT_KEY_PLAYER_EVENT_METEOR_CHOICE_4_HELP',NULL,'AS2D_EVENT_CHOICE','true',30,'false',0,'false',0,0,0,'false','false',NULL,NULL,NULL,'false','false',NULL,NULL,NULL,'false','false',NULL,NULL,NULL,'false',NULL,NULL,'false','BUILDINGCLASS_UNIVERSITY',NULL,'false','false','false','false',NULL,NULL,NULL,NULL,0,0,0,0,0,0,0,0,0,'false','false','false','false','false'),
 ('PLAYER_EVENT_METEOR_CHOICE_5','TXT_KEY_PLAYER_EVENT_METEOR_CHOICE_5','TXT_KEY_PLAYER_EVENT_METEOR_CHOICE_5_HELP',NULL,'AS2D_EVENT_CHOICE','true',30,'false',0,'false',0,0,0,'false','false',NULL,NULL,NULL,'false','false',NULL,NULL,NULL,'false','false',NULL,NULL,NULL,'false',NULL,NULL,'false','BUILDINGCLASS_MUSEUM',NULL,'false','false','false','false',NULL,NULL,NULL,NULL,0,0,0,0,0,0,0,0,0,'false','false','false','false','false'),
 ('PLAYER_EVENT_ECLIPSE_CHOICE_1','TXT_KEY_PLAYER_EVENT_ECLIPSE_CHOICE_1','TXT_KEY_PLAYER_EVENT_ECLIPSE_CHOICE_1_HELP',NULL,'AS2D_EVENT_CHOICE','false',30,'true',25,'false',0,0,0,'false','false',NULL,NULL,NULL,'false','false',NULL,NULL,NULL,'false','false',NULL,NULL,NULL,'false',NULL,NULL,'false',NULL,NULL,'false','false','false','false',NULL,NULL,NULL,NULL,0,0,0,0,0,0,0,0,0,'false','false','false','false','false'),
  ('PLAYER_EVENT_ECLIPSE_CHOICE_2','TXT_KEY_PLAYER_EVENT_ECLIPSE_CHOICE_2','TXT_KEY_PLAYER_EVENT_ECLIPSE_CHOICE_2_HELP',NULL,'AS2D_EVENT_CHOICE','false',30,'true',0,'false',0,0,0,'false','false',NULL,NULL,NULL,'false','false',NULL,NULL,NULL,'false','false',NULL,NULL,'TECH_THEOLOGY','true',NULL,NULL,'false',NULL,NULL,'false','false','true','false',NULL,NULL,NULL,NULL,0,0,0,0,0,0,0,0,0,'false','false','false','false','false'),
 ('PLAYER_EVENT_ECLIPSE_CHOICE_3','TXT_KEY_PLAYER_EVENT_ECLIPSE_CHOICE_3','TXT_KEY_PLAYER_EVENT_ECLIPSE_CHOICE_3_HELP',NULL,'AS2D_EVENT_CHOICE','false',30,'true',0,'false',0,0,0,'false','false',NULL,NULL,NULL,'false','false',NULL,NULL,NULL,'false','false',NULL,'TECH_ASTRONOMY',NULL,'false',NULL,NULL,'false',NULL,NULL,'false','false','false','false',NULL,NULL,NULL,NULL,0,0,0,0,0,0,0,0,0,'false','false','false','false','false'),
 ('PLAYER_EVENT_ECLIPSE_CHOICE_4','TXT_KEY_PLAYER_EVENT_ECLIPSE_CHOICE_4','TXT_KEY_PLAYER_EVENT_ECLIPSE_CHOICE_4_HELP',NULL,'AS2D_EVENT_CHOICE','false',30,'true',0,'false',0,0,0,'false','false',NULL,NULL,NULL,'false','false',NULL,NULL,NULL,'false','false',NULL,'TECH_REPLACEABLE_PARTS',NULL,'false',NULL,NULL,'false',NULL,NULL,'false','false','false','false',NULL,NULL,NULL,NULL,0,0,0,0,0,0,0,0,0,'false','false','false','false','false'),
 ('PLAYER_EVENT_HEAT_WAVE_CHOICE_1','TXT_KEY_PLAYER_EVENT_HEAT_WAVE_CHOICE_1','TXT_KEY_PLAYER_EVENT_HEAT_WAVE_CHOICE_1_HELP',NULL,'AS2D_EVENT_CHOICE','false',30,'true',0,'false',0,0,0,'false','false',NULL,NULL,NULL,'false','false',NULL,NULL,NULL,'false','false',NULL,'TECH_ELECTRICITY',NULL,'false',NULL,NULL,'false',NULL,NULL,'false','false','false','false',NULL,NULL,NULL,NULL,0,0,0,0,0,0,0,0,0,'false','false','false','false','false'),
 ('PLAYER_EVENT_HEAT_WAVE_CHOICE_2','TXT_KEY_PLAYER_EVENT_HEAT_WAVE_CHOICE_2','TXT_KEY_PLAYER_EVENT_HEAT_WAVE_CHOICE_2_HELP',NULL,'AS2D_EVENT_CHOICE','false',30,'true',0,'false',0,0,0,'false','false',NULL,NULL,NULL,'false','false',NULL,NULL,NULL,'false','false',NULL,'TECH_ECONOMICS',NULL,'false',NULL,NULL,'false',NULL,NULL,'false','false','false','false',NULL,NULL,NULL,NULL,0,0,0,0,0,0,0,0,0,'false','false','false','false','false'),
 ('PLAYER_EVENT_HEAT_WAVE_CHOICE_3','TXT_KEY_PLAYER_EVENT_HEAT_WAVE_CHOICE_3','TXT_KEY_PLAYER_EVENT_HEAT_WAVE_CHOICE_3_HELP',NULL,'AS2D_EVENT_CHOICE','false',30,'true',0,'false',0,0,0,'false','false',NULL,NULL,NULL,'false','false',NULL,NULL,NULL,'false','false',NULL,NULL,NULL,'false',NULL,NULL,'false',NULL,NULL,'false','false','false','false',NULL,NULL,NULL,NULL,0,0,0,0,0,0,0,0,0,'false','false','false','false','false'),
 ('PLAYER_EVENT_HEAT_WAVE_CHOICE_4','TXT_KEY_PLAYER_EVENT_HEAT_WAVE_CHOICE_4','TXT_KEY_PLAYER_EVENT_HEAT_WAVE_CHOICE_4_HELP',NULL,'AS2D_EVENT_CHOICE','false',30,'false',0,'false',0,0,0,'false','false',NULL,NULL,NULL,'false','false',NULL,NULL,NULL,'false','false',NULL,NULL,NULL,'false',NULL,NULL,'false',NULL,NULL,'false','false','false','false',NULL,NULL,NULL,NULL,0,0,0,0,0,0,0,0,0,'false','false','false','false','false'),
 ('PLAYER_EVENT_ICE_AGE_CHOICE_1','TXT_KEY_PLAYER_EVENT_ICE_AGE_CHOICE_1','TXT_KEY_PLAYER_EVENT_ICE_AGE_CHOICE_1_HELP',NULL,'AS2D_EVENT_CHOICE','false',50,'false',0,'true',0,0,0,'false','false',NULL,NULL,NULL,'false','false',NULL,NULL,NULL,'false','false',NULL,NULL,NULL,'false',NULL,NULL,'false',NULL,NULL,'false','false','false','false',NULL,NULL,NULL,NULL,0,0,0,0,0,0,0,0,0,'false','false','false','false','false'),
 ('PLAYER_EVENT_ICE_AGE_CHOICE_2','TXT_KEY_PLAYER_EVENT_ICE_AGE_CHOICE_2','TXT_KEY_PLAYER_EVENT_ICE_AGE_CHOICE_2_HELP',NULL,'AS2D_EVENT_CHOICE','false',50,'false',0,'true',0,0,0,'false','false',NULL,NULL,NULL,'false','false',NULL,NULL,NULL,'false','false',NULL,NULL,NULL,'false',NULL,NULL,'false',NULL,NULL,'false','false','false','false',NULL,NULL,NULL,NULL,0,0,0,0,0,0,0,0,0,'false','false','false','false','false'),
 ('PLAYER_EVENT_ICE_AGE_CHOICE_3','TXT_KEY_PLAYER_EVENT_ICE_AGE_CHOICE_3','TXT_KEY_PLAYER_EVENT_ICE_AGE_CHOICE_3_HELP',NULL,'AS2D_EVENT_CHOICE','false',50,'false',0,'true',0,0,0,'false','false',NULL,NULL,NULL,'false','false',NULL,NULL,NULL,'false','false',NULL,'TECH_RAILROAD',NULL,'false',NULL,NULL,'false',NULL,NULL,'false','false','false','false',NULL,NULL,NULL,NULL,0,0,0,0,0,0,0,0,0,'false','false','false','false','false'),
 ('PLAYER_EVENT_REVOLUTION_CHOICE_1','TXT_KEY_PLAYER_EVENT_REVOLUTION_CHOICE_1','TXT_KEY_PLAYER_EVENT_REVOLUTION_CHOICE_1_HELP',NULL,'AS2D_EVENT_CHOICE','false',30,'false',0,'false',0,0,0,'false','false',NULL,NULL,NULL,'true','false',NULL,NULL,NULL,'false','false',NULL,NULL,NULL,'false',NULL,NULL,'false',NULL,NULL,'false','false','false','false',NULL,NULL,NULL,NULL,0,0,0,0,5,0,0,2,0,'false','false','false','false','false'),
 ('PLAYER_EVENT_REVOLUTION_CHOICE_2','TXT_KEY_PLAYER_EVENT_REVOLUTION_CHOICE_2','TXT_KEY_PLAYER_EVENT_REVOLUTION_CHOICE_2_HELP',NULL,'AS2D_EVENT_CHOICE','false',30,'false',0,'false',0,0,0,'false','false',NULL,NULL,NULL,'true','false',NULL,'POLICY_PATRONAGE_FINISHER',NULL,'false','false',NULL,NULL,NULL,'false',NULL,NULL,'false',NULL,NULL,'false','false','false','false',NULL,NULL,NULL,NULL,0,0,0,0,3,0,0,0,0,'false','false','false','false','false'),
 ('PLAYER_EVENT_REVOLUTION_CHOICE_3','TXT_KEY_PLAYER_EVENT_REVOLUTION_CHOICE_3','TXT_KEY_PLAYER_EVENT_REVOLUTION_CHOICE_3_HELP',NULL,'AS2D_EVENT_CHOICE','false',30,'false',0,'false',0,0,0,'false','false',NULL,NULL,NULL,'false','false',NULL,'POLICY_LIBERTY_FINISHER',NULL,'false','false',NULL,NULL,NULL,'false',NULL,NULL,'false',NULL,NULL,'false','false','false','false',NULL,NULL,NULL,NULL,0,0,0,0,2,0,0,1,0,'false','false','false','false','false'),
 ('PLAYER_EVENT_REVOLUTION_CHOICE_4','TXT_KEY_PLAYER_EVENT_REVOLUTION_CHOICE_4','TXT_KEY_PLAYER_EVENT_REVOLUTION_CHOICE_4_HELP',NULL,'AS2D_EVENT_CHOICE','false',30,'true',0,'false',0,0,0,'false','false',NULL,NULL,NULL,'false','false',NULL,NULL,NULL,'false','false',NULL,NULL,NULL,'false',NULL,NULL,'false',NULL,NULL,'false','false','false','false',NULL,NULL,NULL,NULL,0,0,0,0,0,0,0,0,0,'false','false','false','false','false'),
 ('PLAYER_EVENT_WAR_FERVOR_CHOICE_1','TXT_KEY_PLAYER_EVENT_WAR_FERVOR_CHOICE_1','TXT_KEY_PLAYER_EVENT_WAR_FERVOR_CHOICE_1_HELP',NULL,'AS2D_EVENT_CHOICE','false',30,'false',0,'true',0,0,0,'false','false',NULL,NULL,NULL,'false','false',NULL,NULL,NULL,'true','false',NULL,NULL,NULL,'false',NULL,NULL,'false',NULL,NULL,'false','false','false','false',NULL,'PROMOTION_MORALE',NULL,NULL,0,0,0,0,0,5,0,0,0,'false','false','false','false','false'),
 ('PLAYER_EVENT_WAR_FERVOR_CHOICE_2','TXT_KEY_PLAYER_EVENT_WAR_FERVOR_CHOICE_2','TXT_KEY_PLAYER_EVENT_WAR_FERVOR_CHOICE_2_HELP',NULL,'AS2D_EVENT_CHOICE','false',30,'false',0,'true',0,0,0,'false','false',NULL,NULL,NULL,'false','false',NULL,NULL,NULL,'true','false',NULL,NULL,NULL,'false',NULL,NULL,'false',NULL,NULL,'false','false','false','false',NULL,NULL,NULL,NULL,0,0,0,0,0,0,0,0,0,'false','false','false','false','false'),
 ('PLAYER_EVENT_WAR_FERVOR_CHOICE_3','TXT_KEY_PLAYER_EVENT_WAR_FERVOR_CHOICE_3','TXT_KEY_PLAYER_EVENT_WAR_FERVOR_CHOICE_3_HELP',NULL,'AS2D_EVENT_CHOICE','false',30,'false',0,'true',0,0,0,'false','false',NULL,NULL,NULL,'false','false',NULL,NULL,'POLICY_BRANCH_AUTOCRACY','true','false',NULL,NULL,NULL,'false',NULL,NULL,'false',NULL,NULL,'false','false','false','false',NULL,NULL,NULL,NULL,0,0,0,10,0,0,0,0,0,'false','false','false','false','false'),
 ('PLAYER_EVENT_WAR_FERVOR_CHOICE_4','TXT_KEY_PLAYER_EVENT_WAR_FERVOR_CHOICE_4','TXT_KEY_PLAYER_EVENT_WAR_FERVOR_CHOICE_4_HELP',NULL,'AS2D_EVENT_CHOICE','false',30,'false',0,'true',0,0,0,'false','false',NULL,NULL,NULL,'false','false',NULL,NULL,'POLICY_BRANCH_ORDER','true','false',NULL,NULL,NULL,'false',NULL,NULL,'false',NULL,NULL,'false','false','false','false',NULL,NULL,NULL,NULL,0,0,0,0,0,0,0,0,0,'false','false','false','false','false'),
 ('PLAYER_EVENT_WAR_FERVOR_CHOICE_5','TXT_KEY_PLAYER_EVENT_WAR_FERVOR_CHOICE_5','TXT_KEY_PLAYER_EVENT_WAR_FERVOR_CHOICE_5_HELP',NULL,'AS2D_EVENT_CHOICE','false',30,'false',0,'true',0,0,0,'false','false',NULL,NULL,NULL,'false','false',NULL,NULL,'POLICY_BRANCH_FREEDOM','true','false',NULL,NULL,NULL,'false',NULL,NULL,'false',NULL,NULL,'false','false','false','false',NULL,NULL,NULL,NULL,0,0,0,0,0,0,0,0,0,'false','false','false','false','false'),
 ('PLAYER_EVENT_WAR_WEARINESS_CHOICE_1','TXT_KEY_PLAYER_EVENT_WAR_WEARINESS_CHOICE_1','TXT_KEY_PLAYER_EVENT_WAR_WEARINESS_CHOICE_1_HELP',NULL,'AS2D_EVENT_CHOICE','false',20,'false',75,'true',0,0,0,'false','false',NULL,NULL,NULL,'true','false',NULL,NULL,NULL,'true','false',NULL,NULL,NULL,'false',NULL,NULL,'false',NULL,NULL,'false','false','false','false',NULL,NULL,NULL,NULL,0,0,0,0,0,0,-1,0,0,'false','false','false','false','false'),
 ('PLAYER_EVENT_WAR_WEARINESS_CHOICE_2','TXT_KEY_PLAYER_EVENT_WAR_WEARINESS_CHOICE_2','TXT_KEY_PLAYER_EVENT_WAR_WEARINESS_CHOICE_2_HELP',NULL,'AS2D_EVENT_CHOICE','false',20,'true',0,'true',0,0,0,'false','false',NULL,NULL,NULL,'true','false',NULL,NULL,NULL,'true','false',NULL,NULL,NULL,'false',NULL,NULL,'false',NULL,NULL,'true','false','false','false',NULL,NULL,NULL,NULL,0,0,0,0,0,0,0,0,0,'false','false','false','false','false'),
 ('PLAYER_EVENT_WAR_WEARINESS_CHOICE_3','TXT_KEY_PLAYER_EVENT_WAR_WEARINESS_CHOICE_3','TXT_KEY_PLAYER_EVENT_WAR_WEARINESS_CHOICE_3_HELP',NULL,'AS2D_EVENT_CHOICE','false',20,'false',25,'true',0,0,0,'false','false',NULL,NULL,NULL,'false','false',NULL,NULL,NULL,'true','false',NULL,NULL,NULL,'false',NULL,NULL,'false','BUILDINGCLASS_BROADCAST_TOWER',NULL,'false','false','false','false',NULL,NULL,NULL,NULL,0,0,0,0,0,0,-2,0,0,'false','false','false','false','false'),
 ('PLAYER_EVENT_WAR_WEARINESS_CHOICE_4','TXT_KEY_PLAYER_EVENT_WAR_WEARINESS_CHOICE_4','TXT_KEY_PLAYER_EVENT_WAR_WEARINESS_CHOICE_4_HELP',NULL,'AS2D_EVENT_CHOICE','false',20,'false',50,'true',0,0,0,'false','false',NULL,NULL,NULL,'false','false',NULL,NULL,NULL,'false','false',NULL,NULL,NULL,'false',NULL,NULL,'false',NULL,NULL,'false','true','false','false',NULL,NULL,NULL,NULL,0,0,0,0,2,0,0,0,1,'false','false','false','false','false'),
 ('PLAYER_EVENT_CASTLE_DOCTRINE_CHOICE_1','TXT_KEY_PLAYER_EVENT_CASTLE_DOCTRINE_CHOICE_1','TXT_KEY_PLAYER_EVENT_CASTLE_DOCTRINE_CHOICE_1_HELP',NULL,'AS2D_EVENT_CHOICE','true',30,'false',0,'false',0,0,0,'false','false',NULL,NULL,NULL,'false','false',NULL,NULL,NULL,'false','false',NULL,NULL,NULL,'false',NULL,NULL,'false',NULL,NULL,'false','false','false','false',NULL,NULL,NULL,NULL,0,0,0,0,0,0,0,0,0,'false','false','false','false','false'),
 ('PLAYER_EVENT_CASTLE_DOCTRINE_CHOICE_2','TXT_KEY_PLAYER_EVENT_CASTLE_DOCTRINE_CHOICE_2','TXT_KEY_PLAYER_EVENT_CASTLE_DOCTRINE_CHOICE_2_HELP',NULL,'AS2D_EVENT_CHOICE','true',30,'false',0,'false',0,0,0,'false','false',NULL,NULL,NULL,'false','false',NULL,NULL,NULL,'false','false',NULL,NULL,NULL,'false',NULL,NULL,'false',NULL,NULL,'false','false','false','false',NULL,NULL,NULL,NULL,0,0,0,0,0,0,0,0,0,'false','false','false','false','false'),
 ('PLAYER_EVENT_CASTLE_DOCTRINE_CHOICE_3','TXT_KEY_PLAYER_EVENT_CASTLE_DOCTRINE_CHOICE_3','TXT_KEY_PLAYER_EVENT_CASTLE_DOCTRINE_CHOICE_3_HELP',NULL,'AS2D_EVENT_CHOICE','true',30,'false',0,'false',0,0,0,'false','false',NULL,NULL,NULL,'false','false',NULL,NULL,NULL,'false','false',NULL,NULL,NULL,'false',NULL,NULL,'false',NULL,NULL,'false','false','false','false',NULL,NULL,NULL,NULL,0,0,0,0,0,0,0,0,0,'false','false','false','false','false'),
 ('PLAYER_EVENT_CASTLE_DOCTRINE_CHOICE_4','TXT_KEY_PLAYER_EVENT_CASTLE_DOCTRINE_CHOICE_4','TXT_KEY_PLAYER_EVENT_CASTLE_DOCTRINE_CHOICE_4_HELP',NULL,'AS2D_EVENT_CHOICE','true',30,'false',0,'false',0,0,0,'false','false',NULL,NULL,NULL,'false','false',NULL,NULL,NULL,'false','false',NULL,NULL,NULL,'false',NULL,NULL,'false',NULL,NULL,'true','false','false','false',NULL,NULL,NULL,NULL,0,0,0,0,0,0,0,0,0,'false','false','false','false','false'),
 ('PLAYER_EVENT_UNIVERSITY_POLICY_CHOICE_1','TXT_KEY_PLAYER_EVENT_UNIVERSITY_POLICY_CHOICE_1','TXT_KEY_PLAYER_EVENT_UNIVERSITY_POLICY_CHOICE_1_HELP',NULL,'AS2D_EVENT_CHOICE','true',30,'false',0,'false',0,0,0,'false','false',NULL,NULL,NULL,'false','false',NULL,NULL,NULL,'false','false',NULL,NULL,NULL,'false',NULL,NULL,'false',NULL,NULL,'false','false','false','false',NULL,NULL,NULL,NULL,0,0,0,0,0,0,0,0,0,'false','false','false','false','false'),
 ('PLAYER_EVENT_UNIVERSITY_POLICY_CHOICE_2','TXT_KEY_PLAYER_EVENT_UNIVERSITY_POLICY_CHOICE_2','TXT_KEY_PLAYER_EVENT_UNIVERSITY_POLICY_CHOICE_2_HELP',NULL,'AS2D_EVENT_CHOICE','true',30,'false',0,'false',0,0,0,'false','false',NULL,NULL,NULL,'false','false',NULL,NULL,NULL,'false','false',NULL,NULL,NULL,'false',NULL,NULL,'false',NULL,NULL,'false','false','false','false',NULL,NULL,NULL,NULL,0,0,0,0,0,0,0,0,0,'false','false','false','false','false'),
 ('PLAYER_EVENT_UNIVERSITY_POLICY_CHOICE_3','TXT_KEY_PLAYER_EVENT_UNIVERSITY_POLICY_CHOICE_3','TXT_KEY_PLAYER_EVENT_UNIVERSITY_POLICY_CHOICE_3_HELP',NULL,'AS2D_EVENT_CHOICE','true',30,'false',0,'false',0,0,0,'false','false',NULL,NULL,NULL,'false','false',NULL,NULL,NULL,'false','false',NULL,NULL,NULL,'false',NULL,NULL,'false',NULL,NULL,'true','false','false','false',NULL,NULL,NULL,NULL,0,0,0,0,0,0,0,0,0,'false','false','false','false','false'),
 ('PLAYER_EVENT_UNIVERSITY_POLICY_CHOICE_4','TXT_KEY_PLAYER_EVENT_UNIVERSITY_POLICY_CHOICE_4','TXT_KEY_PLAYER_EVENT_UNIVERSITY_POLICY_CHOICE_4_HELP',NULL,'AS2D_EVENT_CHOICE','true',30,'false',0,'false',0,0,0,'false','false',NULL,NULL,NULL,'false','false',NULL,'POLICY_HONOR_FINISHER',NULL,'false','false',NULL,NULL,NULL,'false',NULL,NULL,'false',NULL,NULL,'false','false','false','false',NULL,NULL,NULL,NULL,0,0,0,0,0,0,0,0,0,'false','false','false','false','false'),
 ('PLAYER_EVENT_BANK_DECISION_CHOICE_1','TXT_KEY_PLAYER_EVENT_BANK_DECISION_CHOICE_1','TXT_KEY_PLAYER_EVENT_BANK_DECISION_CHOICE_1_HELP',NULL,'AS2D_EVENT_CHOICE','true',30,'false',0,'false',0,0,0,'false','false',NULL,NULL,NULL,'false','false','IMPROVEMENT_ACADEMY',NULL,NULL,'false','false',NULL,NULL,NULL,'false',NULL,NULL,'false',NULL,NULL,'false','false','false','false',NULL,NULL,NULL,NULL,0,0,0,0,0,0,0,0,0,'false','false','false','false','false'),
 ('PLAYER_EVENT_BANK_DECISION_CHOICE_2','TXT_KEY_PLAYER_EVENT_BANK_DECISION_CHOICE_2','TXT_KEY_PLAYER_EVENT_BANK_DECISION_CHOICE_2_HELP',NULL,'AS2D_EVENT_CHOICE','true',30,'false',0,'false',0,0,0,'false','false',NULL,NULL,NULL,'false','false',NULL,NULL,NULL,'false','false',NULL,NULL,NULL,'false',NULL,NULL,'false',NULL,NULL,'false','false','false','false',NULL,NULL,NULL,NULL,0,0,0,0,0,0,0,0,0,'false','false','false','false','false'),
 ('PLAYER_EVENT_BANK_DECISION_CHOICE_3','TXT_KEY_PLAYER_EVENT_BANK_DECISION_CHOICE_3','TXT_KEY_PLAYER_EVENT_BANK_DECISION_CHOICE_3_HELP',NULL,'AS2D_EVENT_CHOICE','true',30,'false',0,'false',0,0,0,'false','false',NULL,NULL,NULL,'false','false',NULL,NULL,NULL,'false','false',NULL,NULL,NULL,'false',NULL,NULL,'false',NULL,NULL,'false','false','false','false',NULL,NULL,NULL,NULL,0,0,0,0,0,0,0,0,0,'false','false','false','false','false'),
 ('PLAYER_EVENT_WINDMILLS_MODERNIZE_CHOICE_1','TXT_KEY_PLAYER_EVENT_WINDMILLS_MODERNIZE_CHOICE_1','TXT_KEY_PLAYER_EVENT_WINDMILLS_MODERNIZE_CHOICE_1_HELP',NULL,'AS2D_EVENT_CHOICE','true',30,'false',0,'false',0,0,0,'false','false',NULL,NULL,NULL,'false','false',NULL,'POLICY_COMMERCE_FINISHER',NULL,'false','false',NULL,NULL,NULL,'false',NULL,NULL,'false',NULL,NULL,'false','false','false','false',NULL,NULL,NULL,NULL,0,0,0,0,0,0,0,0,0,'false','false','false','false','false'),
 ('PLAYER_EVENT_WINDMILLS_MODERNIZE_CHOICE_2','TXT_KEY_PLAYER_EVENT_WINDMILLS_MODERNIZE_CHOICE_2','TXT_KEY_PLAYER_EVENT_WINDMILLS_MODERNIZE_CHOICE_2_HELP',NULL,'AS2D_EVENT_CHOICE','true',30,'false',0,'false',0,0,0,'false','false',NULL,NULL,NULL,'false','false','IMPROVEMENT_MANUFACTORY',NULL,NULL,'false','false',NULL,NULL,NULL,'false',NULL,NULL,'false',NULL,NULL,'false','false','false','false',NULL,NULL,NULL,NULL,0,0,0,0,0,0,0,0,0,'false','false','false','false','false'),
 ('PLAYER_EVENT_WINDMILLS_MODERNIZE_CHOICE_3','TXT_KEY_PLAYER_EVENT_WINDMILLS_MODERNIZE_CHOICE_3','TXT_KEY_PLAYER_EVENT_WINDMILLS_MODERNIZE_CHOICE_3_HELP',NULL,'AS2D_EVENT_CHOICE','true',30,'false',0,'false',0,0,0,'false','false',NULL,NULL,NULL,'false','false',NULL,NULL,NULL,'false','false',NULL,NULL,NULL,'false',NULL,NULL,'false',NULL,NULL,'false','false','false','false',NULL,NULL,NULL,NULL,0,0,0,0,0,0,0,0,0,'false','false','false','false','false'),
 ('PLAYER_EVENT_NO_CHOICE','TXT_KEY_PLAYER_EVENT_NO_CHOICE','TXT_KEY_PLAYER_EVENT_NO_CHOICE_HELP',NULL,'AS2D_EVENT_CHOICE','false',30,'false',0,'false',0,0,0,'false','false',NULL,NULL,NULL,'false','false',NULL,NULL,NULL,'false','false',NULL,NULL,NULL,'false',NULL,NULL,'false',NULL,NULL,'false','false','false','false',NULL,NULL,NULL,NULL,0,0,0,0,0,0,0,0,0,'false','false','false','false','false'),
 ('PLAYER_EVENT_STADIUM_WORLD_EVENT_CHOICE_1','TXT_KEY_PLAYER_EVENT_STADIUM_WORLD_EVENT_CHOICE_1','TXT_KEY_PLAYER_EVENT_STADIUM_WORLD_EVENT_CHOICE_1_HELP',NULL,'AS2D_EVENT_CHOICE','false',30,'false',0,'false',0,0,0,'false','false',NULL,NULL,NULL,'false','false',NULL,NULL,NULL,'false','false',NULL,NULL,NULL,'false',NULL,NULL,'false',NULL,NULL,'false','false','false','false',NULL,NULL,NULL,NULL,0,0,0,0,0,0,0,0,0,'false','false','false','false','false'),
 ('PLAYER_EVENT_CORRUPTION_SCIENCE_FAILURE_CHOICE_1','TXT_KEY_PLAYER_EVENT_CORRUPTION_SCIENCE_FAILURE_CHOICE_1','TXT_KEY_PLAYER_EVENT_CORRUPTION_SCIENCE_FAILURE_CHOICE_1_HELP',NULL,'AS2D_EVENT_CHOICE','false',30,'true',0,'false',0,0,0,'false','false',NULL,NULL,NULL,'false','false',NULL,NULL,NULL,'false','false',NULL,NULL,NULL,'false',NULL,NULL,'false',NULL,NULL,'false','false','false','false',NULL,NULL,NULL,NULL,0,0,0,0,0,0,0,0,0,'false','false','false','false','false'),
 ('PLAYER_EVENT_BABY_BOOM_CHOICE_1','TXT_KEY_PLAYER_EVENT_BABY_BOOM_CHOICE_1','TXT_KEY_PLAYER_EVENT_BABY_BOOM_CHOICE_1_HELP',NULL,'AS2D_EVENT_CHOICE','false',30,'false',0,'false',0,0,0,'false','false',NULL,NULL,NULL,'false','false',NULL,NULL,NULL,'false','false',NULL,NULL,NULL,'false',NULL,NULL,'false',NULL,NULL,'false','false','false','true',NULL,NULL,NULL,NULL,0,0,0,5,0,0,0,0,0,'false','false','false','false','false'),
 ('PLAYER_EVENT_PLAGUE_CHOICE_1','TXT_KEY_PLAYER_EVENT_PLAGUE_CHOICE_1','TXT_KEY_PLAYER_EVENT_PLAGUE_CHOICE_1_HELP',NULL,'AS2D_EVENT_CHOICE','false',30,'false',0,'false',0,0,0,'false','false',NULL,NULL,NULL,'false','false',NULL,NULL,NULL,'false','false',NULL,NULL,NULL,'false',NULL,NULL,'false',NULL,NULL,'false','false','false','false',NULL,NULL,NULL,NULL,0,0,0,0,0,0,0,0,0,'false','false','false','false','false'),
 ('PLAYER_EVENT_ADVISOR_DEBATE_CHOICE_1','TXT_KEY_PLAYER_EVENT_ADVISOR_DEBATE_CHOICE_1','TXT_KEY_PLAYER_EVENT_ADVISOR_DEBATE_CHOICE_1_HELP',NULL,'AS2D_EVENT_CHOICE','false',-1,'true',0,'false',0,0,0,'false','false',NULL,NULL,NULL,'false','false',NULL,NULL,NULL,'false','false',NULL,NULL,NULL,'false',NULL,NULL,'false','BUILDINGCLASS_MINT',NULL,'false','false','false','false',NULL,NULL,NULL,NULL,0,0,0,10,0,0,0,0,0,'false','false','false','false','false'),
 ('PLAYER_EVENT_ADVISOR_DEBATE_CHOICE_2','TXT_KEY_PLAYER_EVENT_ADVISOR_DEBATE_CHOICE_2','TXT_KEY_PLAYER_EVENT_ADVISOR_DEBATE_CHOICE_2_HELP',NULL,'AS2D_EVENT_CHOICE','false',-1,'true',17,'false',0,0,0,'false','false',NULL,NULL,NULL,'false','false',NULL,NULL,NULL,'false','false',NULL,NULL,NULL,'false',NULL,NULL,'false',NULL,NULL,'false','false','true','false',NULL,NULL,NULL,NULL,0,0,0,0,0,0,0,0,0,'false','false','false','false','false'),
 ('PLAYER_EVENT_ADVISOR_DEBATE_CHOICE_3','TXT_KEY_PLAYER_EVENT_ADVISOR_DEBATE_CHOICE_3','TXT_KEY_PLAYER_EVENT_ADVISOR_DEBATE_CHOICE_3_HELP',NULL,'AS2D_EVENT_CHOICE','false',-1,'true',0,'false',0,0,0,'false','false',NULL,NULL,NULL,'false','false',NULL,NULL,NULL,'false','false',NULL,NULL,NULL,'false',NULL,NULL,'false','BUILDINGCLASS_BANK',NULL,'false','false','true','false',NULL,NULL,NULL,NULL,0,0,0,0,0,0,0,0,0,'false','false','false','false','false'),
 ('PLAYER_EVENT_ADVISOR_DEBATE_CHOICE_4','TXT_KEY_PLAYER_EVENT_ADVISOR_DEBATE_CHOICE_4','TXT_KEY_PLAYER_EVENT_ADVISOR_DEBATE_CHOICE_4_HELP',NULL,'AS2D_EVENT_CHOICE','false',-1,'true',0,'false',0,0,0,'false','false',NULL,NULL,NULL,'false','false',NULL,NULL,NULL,'false','false',NULL,NULL,NULL,'false',NULL,NULL,'false','BUILDINGCLASS_ARSENAL',NULL,'false','false','true','false',NULL,NULL,NULL,NULL,0,0,0,0,0,0,0,0,3,'false','false','false','false','false'),
 ('PLAYER_EVENT_DEATH_MERCHANT_CHOICE_1','TXT_KEY_PLAYER_EVENT_DEATH_MERCHANT_CHOICE_1','TXT_KEY_PLAYER_EVENT_DEATH_MERCHANT_CHOICE_1_HELP',NULL,'AS2D_EVENT_CHOICE','false',30,'true',0,'false',0,0,0,'false','false',NULL,NULL,NULL,'false','false',NULL,NULL,NULL,'false','false',NULL,NULL,NULL,'false',NULL,NULL,'false',NULL,NULL,'false','false','false','false',NULL,NULL,NULL,NULL,0,0,0,0,0,0,0,0,0,'false','false','false','false','false'),
 ('PLAYER_EVENT_DEATH_MERCHANT_CHOICE_2','TXT_KEY_PLAYER_EVENT_DEATH_MERCHANT_CHOICE_2','TXT_KEY_PLAYER_EVENT_DEATH_MERCHANT_CHOICE_2_HELP',NULL,'AS2D_EVENT_CHOICE','false',30,'false',0,'false',0,0,0,'false','true',NULL,NULL,NULL,'false','false',NULL,NULL,NULL,'false','false',NULL,NULL,NULL,'false',NULL,NULL,'false',NULL,NULL,'false','false','true','false',NULL,NULL,NULL,NULL,0,0,0,0,0,0,0,0,0,'false','false','false','false','false'),
 ('PLAYER_EVENT_DEATH_MERCHANT_CHOICE_3','TXT_KEY_PLAYER_EVENT_DEATH_MERCHANT_CHOICE_3','TXT_KEY_PLAYER_EVENT_DEATH_MERCHANT_CHOICE_3_HELP',NULL,'AS2D_EVENT_CHOICE','false',30,'false',0,'false',0,0,1,'true','false',NULL,NULL,NULL,'false','false',NULL,NULL,NULL,'false','false',NULL,NULL,NULL,'false',NULL,NULL,'false',NULL,NULL,'false','false','false','false',NULL,NULL,NULL,NULL,0,0,0,0,0,0,0,0,0,'false','false','false','false','false'),
 ('PLAYER_EVENT_MARKET_DEVELOPMENT_CHOICE_1','TXT_KEY_PLAYER_EVENT_MARKET_DEVELOPMENT_CHOICE_1','TXT_KEY_PLAYER_EVENT_MARKET_DEVELOPMENT_CHOICE_1_HELP',NULL,'AS2D_EVENT_CHOICE','true',30,'false',0,'false',0,0,0,'false','false',NULL,NULL,NULL,'false','false',NULL,NULL,NULL,'false','false',NULL,NULL,NULL,'false',NULL,NULL,'false',NULL,NULL,'false','false','false','false',NULL,NULL,NULL,NULL,0,0,0,0,0,0,0,0,0,'false','false','false','false','false'),
 ('PLAYER_EVENT_MARKET_DEVELOPMENT_CHOICE_2','TXT_KEY_PLAYER_EVENT_MARKET_DEVELOPMENT_CHOICE_2','TXT_KEY_PLAYER_EVENT_MARKET_DEVELOPMENT_CHOICE_2_HELP',NULL,'AS2D_EVENT_CHOICE','true',30,'false',0,'false',0,0,0,'false','false',NULL,NULL,NULL,'false','false',NULL,NULL,NULL,'false','false',NULL,NULL,NULL,'false',NULL,NULL,'false',NULL,NULL,'false','false','false','false',NULL,NULL,NULL,NULL,0,0,0,0,0,0,0,0,0,'false','false','false','false','false'),
 ('PLAYER_EVENT_MONUMENT_DEVELOPMENT_CHOICE_1','TXT_KEY_PLAYER_EVENT_MONUMENT_DEVELOPMENT_CHOICE_1','TXT_KEY_PLAYER_EVENT_MONUMENT_DEVELOPMENT_CHOICE_1_HELP',NULL,'AS2D_EVENT_CHOICE','true',30,'false',0,'false',0,0,0,'false','false',NULL,NULL,NULL,'false','false',NULL,NULL,NULL,'false','false',NULL,NULL,NULL,'false',NULL,NULL,'false',NULL,NULL,'false','false','false','false',NULL,NULL,NULL,NULL,0,0,0,0,0,0,0,0,0,'false','false','false','false','false'),
 ('PLAYER_EVENT_MONUMENT_DEVELOPMENT_CHOICE_2','TXT_KEY_PLAYER_EVENT_MONUMENT_DEVELOPMENT_CHOICE_2','TXT_KEY_PLAYER_EVENT_MONUMENT_DEVELOPMENT_CHOICE_2_HELP',NULL,'AS2D_EVENT_CHOICE','true',30,'false',0,'false',0,0,0,'false','false',NULL,NULL,NULL,'false','false',NULL,NULL,NULL,'false','false',NULL,NULL,NULL,'false',NULL,NULL,'false',NULL,NULL,'false','false','false','false',NULL,NULL,NULL,NULL,0,0,0,0,0,0,0,0,0,'false','false','false','false','false'),
 ('PLAYER_EVENT_MONUMENT_DEVELOPMENT_CHOICE_3','TXT_KEY_PLAYER_EVENT_MONUMENT_DEVELOPMENT_CHOICE_3','TXT_KEY_PLAYER_EVENT_MONUMENT_DEVELOPMENT_CHOICE_3_HELP',NULL,'AS2D_EVENT_CHOICE','true',30,'false',0,'false',0,0,0,'false','false',NULL,NULL,NULL,'false','false',NULL,NULL,NULL,'false','false',NULL,NULL,NULL,'false',NULL,NULL,'false',NULL,NULL,'false','false','false','false',NULL,NULL,NULL,NULL,0,0,0,0,0,0,0,0,0,'false','false','false','false','false'),
 ('PLAYER_EVENT_FACTORY_PARTNERSHIP_CHOICE_1','TXT_KEY_PLAYER_EVENT_FACTORY_PARTNERSHIP_CHOICE_1','TXT_KEY_PLAYER_EVENT_FACTORY_PARTNERSHIP_CHOICE_1_HELP',NULL,'AS2D_EVENT_CHOICE','true',30,'false',0,'false',0,0,0,'false','false',NULL,NULL,NULL,'false','false',NULL,NULL,NULL,'false','false',NULL,NULL,NULL,'false',NULL,NULL,'false',NULL,NULL,'false','false','false','false',NULL,NULL,NULL,NULL,0,0,0,0,0,0,0,0,0,'false','false','false','false','false'),
 ('PLAYER_EVENT_FACTORY_PARTNERSHIP_CHOICE_2','TXT_KEY_PLAYER_EVENT_FACTORY_PARTNERSHIP_CHOICE_2','TXT_KEY_PLAYER_EVENT_FACTORY_PARTNERSHIP_CHOICE_2_HELP',NULL,'AS2D_EVENT_CHOICE','true',30,'false',0,'false',0,0,0,'false','false',NULL,NULL,NULL,'false','false',NULL,NULL,NULL,'false','false',NULL,NULL,NULL,'false',NULL,NULL,'false',NULL,NULL,'false','false','false','false',NULL,NULL,NULL,NULL,0,0,0,0,0,0,0,0,0,'false','false','false','false','false'),
 ('PLAYER_EVENT_FACTORY_PARTNERSHIP_CHOICE_3','TXT_KEY_PLAYER_EVENT_FACTORY_PARTNERSHIP_CHOICE_3','TXT_KEY_PLAYER_EVENT_FACTORY_PARTNERSHIP_CHOICE_3_HELP',NULL,'AS2D_EVENT_CHOICE','true',30,'false',0,'false',0,0,0,'false','false',NULL,NULL,NULL,'false','false',NULL,NULL,NULL,'false','false',NULL,NULL,NULL,'false',NULL,NULL,'false',NULL,NULL,'false','false','false','false',NULL,NULL,NULL,NULL,0,0,0,0,0,0,0,0,0,'false','false','false','false','false'),
 ('PLAYER_EVENT_FACTORY_PARTNERSHIP_CHOICE_4','TXT_KEY_PLAYER_EVENT_FACTORY_PARTNERSHIP_CHOICE_4','TXT_KEY_PLAYER_EVENT_FACTORY_PARTNERSHIP_CHOICE_4_HELP',NULL,'AS2D_EVENT_CHOICE','true',30,'false',0,'false',0,0,0,'false','false',NULL,NULL,NULL,'false','false',NULL,NULL,NULL,'false','false',NULL,NULL,NULL,'false',NULL,NULL,'false',NULL,NULL,'false','false','false','false',NULL,NULL,NULL,NULL,0,0,0,0,0,0,0,0,0,'false','false','false','false','false'),
 ('PLAYER_EVENT_FACTORY_PARTNERSHIP_CHOICE_5','TXT_KEY_PLAYER_EVENT_FACTORY_PARTNERSHIP_CHOICE_5','TXT_KEY_PLAYER_EVENT_FACTORY_PARTNERSHIP_CHOICE_5_HELP',NULL,'AS2D_EVENT_CHOICE','true',30,'false',0,'false',0,0,0,'false','false',NULL,NULL,NULL,'false','false',NULL,NULL,NULL,'false','false',NULL,NULL,NULL,'false',NULL,NULL,'false',NULL,NULL,'false','false','false','false',NULL,NULL,NULL,NULL,0,0,0,0,0,0,0,0,0,'false','false','false','false','false'),
 ('PLAYER_EVENT_PUBLIC_SCHOOL_DECISION_CHOICE_1','TXT_KEY_PLAYER_EVENT_PUBLIC_SCHOOL_DECISION_CHOICE_1','TXT_KEY_PLAYER_EVENT_PUBLIC_SCHOOL_DECISION_CHOICE_1_HELP',NULL,'AS2D_EVENT_CHOICE','true',30,'false',0,'false',0,0,0,'false','false',NULL,NULL,NULL,'false','false',NULL,NULL,NULL,'false','false',NULL,NULL,NULL,'false',NULL,NULL,'false',NULL,NULL,'false','false','false','false',NULL,NULL,NULL,NULL,0,0,0,0,0,0,0,0,0,'false','false','false','false','false'),
 ('PLAYER_EVENT_PUBLIC_SCHOOL_DECISION_CHOICE_2','TXT_KEY_PLAYER_EVENT_PUBLIC_SCHOOL_DECISION_CHOICE_2','TXT_KEY_PLAYER_EVENT_PUBLIC_SCHOOL_DECISION_CHOICE_2_HELP',NULL,'AS2D_EVENT_CHOICE','true',30,'false',0,'false',0,0,0,'false','false',NULL,NULL,NULL,'false','false',NULL,NULL,NULL,'false','false',NULL,NULL,NULL,'false',NULL,NULL,'false',NULL,NULL,'false','false','false','false',NULL,NULL,NULL,NULL,0,0,0,0,0,0,0,0,0,'false','false','false','false','false');
 
 UPDATE EventChoices
 SET EventFreeTechs = 1
 WHERE Type = 'PLAYER_EVENT_ADVISOR_DEBATE_CHOICE_2';

INSERT INTO Event_EventLinks (EventType,EventLinker,EventChoice,CityEvent,CityEventChoice,CheckKnownPlayers,CheckForActive) VALUES ('PLAYER_EVENT_COMET','PLAYER_EVENT_COMET',NULL,NULL,NULL,'false','false'),
 ('PLAYER_EVENT_METEOR','PLAYER_EVENT_METEOR',NULL,NULL,NULL,'false','false'),
 ('PLAYER_EVENT_ECLIPSE','PLAYER_EVENT_ECLIPSE',NULL,NULL,NULL,'false','false'),
 ('PLAYER_EVENT_ICE_AGE','PLAYER_EVENT_ICE_AGE',NULL,NULL,NULL,'false','false'),
 ('PLAYER_EVENT_HEAT_WAVE','PLAYER_EVENT_HEAT_WAVE',NULL,NULL,NULL,'false','false'),
 ('PLAYER_EVENT_STADIUM_WORLD_EVENT','PLAYER_EVENT_STADIUM_WORLD_EVENT',NULL,NULL,NULL,'false','false');

INSERT INTO EventChoice_ResourceQuantity (EventChoiceType,ResourceType,Quantity) VALUES ('PLAYER_EVENT_WINDMILLS_MODERNIZE_CHOICE_2','RESOURCE_IRON',-4),
 ('PLAYER_EVENT_METEOR_CHOICE_1','RESOURCE_IRON',2);

INSERT INTO EventChoice_Notification (EventChoiceType,NotificationType,Description,ShortDescription,IsWorldEvent,NeedPlayerID,Variable1,Variable2) VALUES ('PLAYER_EVENT_ECLIPSE_CHOICE_1','NOTIFICATION_GENERIC','TXT_KEY_PLAYER_EVENT_ECLIPSE_CHOICE_1_SUCCESSFUL','TXT_KEY_PLAYER_EVENT_ECLIPSE_CHOICE_1_SUCCESSFUL_S','false','false',-1,-1),
 ('PLAYER_EVENT_WAR_WEARINESS_CHOICE_1','NOTIFICATION_GENERIC','TXT_KEY_PLAYER_EVENT_WAR_WEARINESS_CHOICE_1_SUCCESSFUL','TXT_KEY_PLAYER_EVENT_WAR_WEARINESS_CHOICE_1_SUCCESSFUL_S','false','false',-1,-1),
 ('PLAYER_EVENT_WAR_WEARINESS_CHOICE_3','NOTIFICATION_GENERIC','TXT_KEY_PLAYER_EVENT_WAR_WEARINESS_CHOICE_3_SUCCESSFUL','TXT_KEY_PLAYER_EVENT_WAR_WEARINESS_CHOICE_3_SUCCESSFUL_S','false','false',-1,-1),
 ('PLAYER_EVENT_WAR_WEARINESS_CHOICE_4','NOTIFICATION_GENERIC','TXT_KEY_PLAYER_EVENT_WAR_WEARINESS_CHOICE_4_SUCCESSFUL','TXT_KEY_PLAYER_EVENT_WAR_WEARINESS_CHOICE_4_SUCCESSFUL_S','false','false',-1,-1),
 ('PLAYER_EVENT_STADIUM_WORLD_EVENT_CHOICE_1','NOTIFICATION_GENERIC','TXT_KEY_PLAYER_EVENT_STADIUM_WORLD_EVENT_CHOICE_1_SUCCESSFUL','TXT_KEY_PLAYER_EVENT_STADIUM_WORLD_EVENT_CHOICE_1_SUCCESSFUL_S','true','false',-1,-1),
 ('PLAYER_EVENT_METEOR_CHOICE_1','NOTIFICATION_GENERIC','TXT_KEY_PLAYER_EVENT_METEOR_CHOICE_1_SUCCESSFUL','TXT_KEY_PLAYER_EVENT_METEOR_CHOICE_1_SUCCESSFUL_S','false','false',-1,-1),
 ('PLAYER_EVENT_COMET_CHOICE_3','NOTIFICATION_GENERIC','TXT_KEY_PLAYER_EVENT_COMET_CHOICE_3_SUCCESSFUL','TXT_KEY_PLAYER_EVENT_COMET_CHOICE_3_SUCCESSFUL_S','false','false',-1,-1),
 ('PLAYER_EVENT_ADVISOR_DEBATE_CHOICE_2','NOTIFICATION_GENERIC','TXT_KEY_PLAYER_EVENT_ADVISOR_DEBATE_CHOICE_2_SUCCESSFUL','TXT_KEY_PLAYER_EVENT_ADVISOR_DEBATE_CHOICE_2_SUCCESSFUL_S','false','false',-1,-1);

INSERT INTO EventChoice_MinimumStartYield (EventChoiceType,YieldType,Yield) VALUES ('PLAYER_EVENT_WINDMILLS_MODERNIZE_CHOICE_1','YIELD_GOLD',2000),
 ('PLAYER_EVENT_WINDMILLS_MODERNIZE_CHOICE_2','YIELD_GOLD',1000),
 ('PLAYER_EVENT_WINDMILLS_MODERNIZE_CHOICE_3','YIELD_GOLD',500);

INSERT INTO EventChoice_MinimumResourceRequired (EventChoiceType,ResourceType,Quantity) VALUES ('PLAYER_EVENT_WINDMILLS_MODERNIZE_CHOICE_2','RESOURCE_IRON',4);

INSERT INTO EventChoice_SpecialistYieldChange (EventChoiceType, SpecialistType, YieldType, YieldChange) VALUES ('PLAYER_EVENT_BANK_DECISION_CHOICE_1', 'SPECIALIST_CITIZEN', 'YIELD_GOLD', 1),
('PLAYER_EVENT_BANK_DECISION_CHOICE_1', 'SPECIALIST_MERCHANT', 'YIELD_GOLD', 1);

INSERT INTO EventChoice_InstantYield (EventChoiceType,YieldType,Yield) VALUES ('PLAYER_EVENT_ECLIPSE_CHOICE_1','YIELD_GOLDEN_AGE_POINTS',-200),
 ('PLAYER_EVENT_BABY_BOOM_CHOICE_1','YIELD_POPULATION',1),
 ('PLAYER_EVENT_COMET_CHOICE_1','YIELD_GOLDEN_AGE_POINTS',100),
 ('PLAYER_EVENT_ECLIPSE_CHOICE_2','YIELD_FAITH',50),
 ('PLAYER_EVENT_COMET_CHOICE_3','YIELD_FAITH',200),
 ('PLAYER_EVENT_ADVISOR_DEBATE_CHOICE_3','YIELD_GOLD',600),
 ('PLAYER_EVENT_ADVISOR_DEBATE_CHOICE_4','YIELD_CULTURE',200),
 ('PLAYER_EVENT_DEATH_MERCHANT_CHOICE_1','YIELD_GOLD',250),
 ('PLAYER_EVENT_ECLIPSE_CHOICE_3','YIELD_SCIENCE',100),
 ('PLAYER_EVENT_ECLIPSE_CHOICE_4','YIELD_CULTURE',150);

INSERT INTO EventChoice_FreeUnitClasses (EventChoiceType,UnitClassType,Quantity) VALUES ('PLAYER_EVENT_DEATH_MERCHANT_CHOICE_2','UNITCLASS_CARAVAN',1);

INSERT INTO EventChoice_EventCostYield (EventChoiceType,YieldType,Yield) VALUES ('PLAYER_EVENT_ECLIPSE_CHOICE_1','YIELD_GOLDEN_AGE_POINTS',-100),
 ('PLAYER_EVENT_HEAT_WAVE_CHOICE_1','YIELD_GOLD',500),
 ('PLAYER_EVENT_HEAT_WAVE_CHOICE_2','YIELD_GOLD',250),
 ('PLAYER_EVENT_HEAT_WAVE_CHOICE_3','YIELD_GOLD',100),
 ('PLAYER_EVENT_REVOLUTION_CHOICE_4','YIELD_GOLD',1000),
 ('PLAYER_EVENT_ADVISOR_DEBATE_CHOICE_2','YIELD_SCIENCE',-100),
 ('PLAYER_EVENT_WAR_WEARINESS_CHOICE_2','YIELD_GOLDEN_AGE_POINTS',250),
 ('PLAYER_EVENT_WAR_WEARINESS_CHOICE_4','YIELD_GOLD',1000),
 ('PLAYER_EVENT_WINDMILLS_MODERNIZE_CHOICE_1','YIELD_GOLD',2000),
 ('PLAYER_EVENT_WINDMILLS_MODERNIZE_CHOICE_2','YIELD_GOLD',1000),
 ('PLAYER_EVENT_WINDMILLS_MODERNIZE_CHOICE_3','YIELD_GOLD',500),
 ('PLAYER_EVENT_CORRUPTION_SCIENCE_FAILURE_CHOICE_1','YIELD_SCIENCE',75),
 ('PLAYER_EVENT_ECLIPSE_CHOICE_2','YIELD_FOOD',25);

INSERT INTO EventChoice_CityYield (EventChoiceType,YieldType,Yield) VALUES ('PLAYER_EVENT_ICE_AGE_CHOICE_1','YIELD_GOLD',-2),
 ('PLAYER_EVENT_ICE_AGE_CHOICE_2','YIELD_PRODUCTION',-2),
 ('PLAYER_EVENT_WAR_FERVOR_CHOICE_2','YIELD_PRODUCTION',3),
 ('PLAYER_EVENT_DEATH_MERCHANT_CHOICE_3','YIELD_GOLD',1);

INSERT INTO EventChoice_BuildingClassYieldModifier (EventChoiceType,BuildingClassType,YieldType,Modifier) VALUES ('PLAYER_EVENT_WAR_FERVOR_CHOICE_4','BUILDINGCLASS_FACTORY','YIELD_PRODUCTION',10),
 ('PLAYER_EVENT_WAR_FERVOR_CHOICE_5','BUILDINGCLASS_BANK','YIELD_GOLD',20),
 ('PLAYER_EVENT_BANK_DECISION_CHOICE_2','BUILDINGCLASS_BANK','YIELD_GOLD',5),
 ('PLAYER_EVENT_ADVISOR_DEBATE_CHOICE_3','BUILDINGCLASS_BANK','YIELD_GOLD',5),
 ('PLAYER_EVENT_WINDMILLS_MODERNIZE_CHOICE_1','BUILDINGCLASS_WINDMILL','YIELD_PRODUCTION',10),
 ('PLAYER_EVENT_WINDMILLS_MODERNIZE_CHOICE_2','BUILDINGCLASS_WINDMILL','YIELD_PRODUCTION',15),
 ('PLAYER_EVENT_PUBLIC_SCHOOL_DECISION_CHOICE_1','BUILDINGCLASS_PUBLIC_SCHOOL','YIELD_CULTURE',10),
 ('PLAYER_EVENT_PUBLIC_SCHOOL_DECISION_CHOICE_2','BUILDINGCLASS_PUBLIC_SCHOOL','YIELD_GOLD',10);

INSERT INTO EventChoice_BuildingClassYieldChange (EventChoiceType,BuildingClassType,YieldType,YieldChange) VALUES ('PLAYER_EVENT_METEOR_CHOICE_3','BUILDINGCLASS_PALACE','YIELD_CULTURE',2),
 ('PLAYER_EVENT_METEOR_CHOICE_4','BUILDINGCLASS_UNIVERSITY','YIELD_SCIENCE',1),
 ('PLAYER_EVENT_METEOR_CHOICE_5','BUILDINGCLASS_MUSEUM','YIELD_CULTURE',1),
 ('PLAYER_EVENT_WAR_FERVOR_CHOICE_3','BUILDINGCLASS_MILITARY_ACADEMY','YIELD_SCIENCE',5),
 ('PLAYER_EVENT_CASTLE_DOCTRINE_CHOICE_1','BUILDINGCLASS_CASTLE','YIELD_CULTURE',1),
 ('PLAYER_EVENT_CASTLE_DOCTRINE_CHOICE_2','BUILDINGCLASS_CASTLE','YIELD_PRODUCTION',2),
 ('PLAYER_EVENT_CASTLE_DOCTRINE_CHOICE_3','BUILDINGCLASS_CASTLE','YIELD_FOOD',2),
 ('PLAYER_EVENT_CASTLE_DOCTRINE_CHOICE_4','BUILDINGCLASS_CASTLE','YIELD_FAITH',1),
 ('PLAYER_EVENT_UNIVERSITY_POLICY_CHOICE_1','BUILDINGCLASS_UNIVERSITY','YIELD_SCIENCE',2),
 ('PLAYER_EVENT_UNIVERSITY_POLICY_CHOICE_2','BUILDINGCLASS_UNIVERSITY','YIELD_CULTURE',1),
 ('PLAYER_EVENT_UNIVERSITY_POLICY_CHOICE_3','BUILDINGCLASS_UNIVERSITY','YIELD_FAITH',1),
 ('PLAYER_EVENT_UNIVERSITY_POLICY_CHOICE_4','BUILDINGCLASS_UNIVERSITY','YIELD_PRODUCTION',2),
 ('PLAYER_EVENT_ADVISOR_DEBATE_CHOICE_1','BUILDINGCLASS_MINT','YIELD_TOURISM',2),
 ('PLAYER_EVENT_BANK_DECISION_CHOICE_3','BUILDINGCLASS_BANK','YIELD_GOLD',3),
 ('PLAYER_EVENT_WINDMILLS_MODERNIZE_CHOICE_3','BUILDINGCLASS_WINDMILL','YIELD_PRODUCTION',3),
 ('PLAYER_EVENT_MARKET_DEVELOPMENT_CHOICE_1','BUILDINGCLASS_MARKET','YIELD_GOLD',-1),
 ('PLAYER_EVENT_MARKET_DEVELOPMENT_CHOICE_1','BUILDINGCLASS_MARKET','YIELD_CULTURE',1),
 ('PLAYER_EVENT_MARKET_DEVELOPMENT_CHOICE_2','BUILDINGCLASS_MARKET','YIELD_GOLD',1),
 ('PLAYER_EVENT_MONUMENT_DEVELOPMENT_CHOICE_1','BUILDINGCLASS_MONUMENT','YIELD_FOOD',1),
 ('PLAYER_EVENT_MONUMENT_DEVELOPMENT_CHOICE_2','BUILDINGCLASS_MONUMENT','YIELD_FAITH',1),
 ('PLAYER_EVENT_MONUMENT_DEVELOPMENT_CHOICE_3','BUILDINGCLASS_MONUMENT','YIELD_GOLD',1),
 ('PLAYER_EVENT_FACTORY_PARTNERSHIP_CHOICE_1','BUILDINGCLASS_FACTORY','YIELD_CULTURE',2),
 ('PLAYER_EVENT_FACTORY_PARTNERSHIP_CHOICE_2','BUILDINGCLASS_FACTORY','YIELD_GOLD',3),
 ('PLAYER_EVENT_FACTORY_PARTNERSHIP_CHOICE_3','BUILDINGCLASS_FACTORY','YIELD_PRODUCTION',2),
 ('PLAYER_EVENT_FACTORY_PARTNERSHIP_CHOICE_4','BUILDINGCLASS_FACTORY','YIELD_SCIENCE',2),
 ('PLAYER_EVENT_FACTORY_PARTNERSHIP_CHOICE_5','BUILDINGCLASS_FACTORY','YIELD_FOOD',2),
 ('PLAYER_EVENT_METEOR_CHOICE_2','BUILDINGCLASS_SHRINE','YIELD_FAITH',1);

INSERT INTO EventChoiceFlavors (EventChoiceType,FlavorType,Flavor) VALUES ('PLAYER_EVENT_COMET_CHOICE_1','FLAVOR_HAPPINESS',20),
 ('PLAYER_EVENT_COMET_CHOICE_2','FLAVOR_HAPPINESS',20),
 ('PLAYER_EVENT_COMET_CHOICE_3','FLAVOR_RELIGION',20),
 ('PLAYER_EVENT_COMET_CHOICE_4','FLAVOR_SCIENCE',20),
 ('PLAYER_EVENT_METEOR_CHOICE_1','FLAVOR_OFFENSE',20),
 ('PLAYER_EVENT_METEOR_CHOICE_2','FLAVOR_RELIGION',20),
 ('PLAYER_EVENT_METEOR_CHOICE_3','FLAVOR_CULTURE',20),
 ('PLAYER_EVENT_METEOR_CHOICE_4','FLAVOR_SCIENCE',20),
 ('PLAYER_EVENT_METEOR_CHOICE_5','FLAVOR_CULTURE',25),
 ('PLAYER_EVENT_ECLIPSE_CHOICE_1','FLAVOR_HAPPINESS',20),
 ('PLAYER_EVENT_ECLIPSE_CHOICE_2','FLAVOR_RELIGION',20),
 ('PLAYER_EVENT_ECLIPSE_CHOICE_3','FLAVOR_SCIENCE',20),
 ('PLAYER_EVENT_ECLIPSE_CHOICE_4','FLAVOR_CULTURE',20),
 ('PLAYER_EVENT_HEAT_WAVE_CHOICE_1','FLAVOR_GROWTH',40),
 ('PLAYER_EVENT_HEAT_WAVE_CHOICE_2','FLAVOR_GROWTH',30),
 ('PLAYER_EVENT_HEAT_WAVE_CHOICE_3','FLAVOR_GROWTH',20),
 ('PLAYER_EVENT_HEAT_WAVE_CHOICE_4','FLAVOR_GROWTH',10),
 ('PLAYER_EVENT_ICE_AGE_CHOICE_1','FLAVOR_PRODUCTION',20),
 ('PLAYER_EVENT_ICE_AGE_CHOICE_2','FLAVOR_GOLD',20),
 ('PLAYER_EVENT_ICE_AGE_CHOICE_3','FLAVOR_GOLD',100),
 ('PLAYER_EVENT_REVOLUTION_CHOICE_1','FLAVOR_OFFENSE',20),
 ('PLAYER_EVENT_REVOLUTION_CHOICE_2','FLAVOR_DIPLOMACY',40),
 ('PLAYER_EVENT_REVOLUTION_CHOICE_3','FLAVOR_CULTURE',40),
 ('PLAYER_EVENT_REVOLUTION_CHOICE_4','FLAVOR_GOLD',40),
 ('PLAYER_EVENT_WAR_FERVOR_CHOICE_1','FLAVOR_OFFENSE',20),
 ('PLAYER_EVENT_WAR_FERVOR_CHOICE_2','FLAVOR_PRODUCTION',20),
 ('PLAYER_EVENT_WAR_FERVOR_CHOICE_3','FLAVOR_OFFENSE',50),
 ('PLAYER_EVENT_WAR_FERVOR_CHOICE_4','FLAVOR_PRODUCTION',50),
 ('PLAYER_EVENT_WAR_FERVOR_CHOICE_5','FLAVOR_GOLD',50),
 ('PLAYER_EVENT_WAR_WEARINESS_CHOICE_1','FLAVOR_HAPPINESS',20),
 ('PLAYER_EVENT_WAR_WEARINESS_CHOICE_2','FLAVOR_RELIGION',20),
 ('PLAYER_EVENT_WAR_WEARINESS_CHOICE_3','FLAVOR_HAPPINESS',30),
 ('PLAYER_EVENT_WAR_WEARINESS_CHOICE_4','FLAVOR_OFFENSE',20),
 ('PLAYER_EVENT_CASTLE_DOCTRINE_CHOICE_1','FLAVOR_CULTURE',20),
 ('PLAYER_EVENT_CASTLE_DOCTRINE_CHOICE_2','FLAVOR_PRODUCTION',20),
 ('PLAYER_EVENT_CASTLE_DOCTRINE_CHOICE_3','FLAVOR_GROWTH',20),
 ('PLAYER_EVENT_CASTLE_DOCTRINE_CHOICE_4','FLAVOR_RELIGION',20),
 ('PLAYER_EVENT_UNIVERSITY_POLICY_CHOICE_1','FLAVOR_SCIENCE',20),
 ('PLAYER_EVENT_UNIVERSITY_POLICY_CHOICE_2','FLAVOR_CULTURE',20),
 ('PLAYER_EVENT_UNIVERSITY_POLICY_CHOICE_3','FLAVOR_RELIGION',20),
 ('PLAYER_EVENT_UNIVERSITY_POLICY_CHOICE_4','FLAVOR_PRODUCTION',20),
 ('PLAYER_EVENT_BANK_DECISION_CHOICE_1','FLAVOR_CULTURE',50),
 ('PLAYER_EVENT_BANK_DECISION_CHOICE_2','FLAVOR_GROWTH',20),
 ('PLAYER_EVENT_BANK_DECISION_CHOICE_3','FLAVOR_GOLD',20),
 ('PLAYER_EVENT_NO_CHOICE','FLAVOR_GOLD',15),
 ('PLAYER_EVENT_WINDMILLS_MODERNIZE_CHOICE_1','FLAVOR_PRODUCTION',20),
 ('PLAYER_EVENT_WINDMILLS_MODERNIZE_CHOICE_2','FLAVOR_PRODUCTION',40),
 ('PLAYER_EVENT_WINDMILLS_MODERNIZE_CHOICE_3','FLAVOR_PRODUCTION',15),
 ('PLAYER_EVENT_ADVISOR_DEBATE_CHOICE_1','FLAVOR_CULTURE',20),
 ('PLAYER_EVENT_ADVISOR_DEBATE_CHOICE_2','FLAVOR_SCIENCE',20),
 ('PLAYER_EVENT_ADVISOR_DEBATE_CHOICE_3','FLAVOR_GOLD',20),
 ('PLAYER_EVENT_ADVISOR_DEBATE_CHOICE_4','FLAVOR_OFFENSE',20),
 ('PLAYER_EVENT_DEATH_MERCHANT_CHOICE_1','FLAVOR_GOLD',20),
 ('PLAYER_EVENT_DEATH_MERCHANT_CHOICE_2','FLAVOR_I_LAND_TRADE_ROUTE',20),
 ('PLAYER_EVENT_DEATH_MERCHANT_CHOICE_3','FLAVOR_GOLD',20),
 ('PLAYER_EVENT_MARKET_DEVELOPMENT_CHOICE_1','FLAVOR_CULTURE',20),
 ('PLAYER_EVENT_MARKET_DEVELOPMENT_CHOICE_2','FLAVOR_GOLD',20),
 ('PLAYER_EVENT_MONUMENT_DEVELOPMENT_CHOICE_1','FLAVOR_GROWTH',20),
 ('PLAYER_EVENT_MONUMENT_DEVELOPMENT_CHOICE_2','FLAVOR_RELIGION',20),
 ('PLAYER_EVENT_MONUMENT_DEVELOPMENT_CHOICE_3','FLAVOR_GOLD',20),
 ('PLAYER_EVENT_FACTORY_PARTNERSHIP_CHOICE_1','FLAVOR_CULTURE',20),
 ('PLAYER_EVENT_FACTORY_PARTNERSHIP_CHOICE_2','FLAVOR_GOLD',20),
 ('PLAYER_EVENT_FACTORY_PARTNERSHIP_CHOICE_3','FLAVOR_PRODUCTION',20),
 ('PLAYER_EVENT_FACTORY_PARTNERSHIP_CHOICE_4','FLAVOR_SCIENCE',20),
 ('PLAYER_EVENT_FACTORY_PARTNERSHIP_CHOICE_5','FLAVOR_GROWTH',20),
 ('PLAYER_EVENT_PUBLIC_SCHOOL_DECISION_CHOICE_1','FLAVOR_CULTURE',20),
 ('PLAYER_EVENT_PUBLIC_SCHOOL_DECISION_CHOICE_2','FLAVOR_GOLD',20);

INSERT INTO CityEvents (Type,EventClass,Description,Help,CityEventArt,CityEventAudio,RandomChance,RandomChanceDelta,IsOneShot,EraScaling,IgnoresGlobalCooldown,EventCooldown,NumChoices,MinimumCityPopulation,MaximumCityPopulation,RequiredCiv,RequiredEra,ObsoleteEra,IsUnhappy,IsSuperUnhappy,RequiredPolicy,RequiredIdeology,RequiresWar,RequiresWarMinor,PrereqTech,ObsoleteTech,RequiresPantheon,RequiredReligion,RequiredStateReligion,RequiresAnyStateReligion,RequiredBuildingClass,CannotHaveBuildingClass,RequiresHolyCity,RequiresIdeology,NearbyFeature,NearbyTerrain,LocalResourceRequired,HasTradeConnection,HasCityConnection,RequiresGarrison,CapitalOnly,CoastalOnly,RiverOnly,RequiresResistance,RequiresWLTKD,RequiresOccupied,RequiresRazing,HasAnyReligion,RequiresPuppet,RequiresNearbyNaturalWonder,RequiresNearbyMountain,ImprovementRequired,HasMetAMajorCiv,InDebt,LosingMoney,IsVassalOfSomeone,IsMasterOfSomeone,CityHasPlayerReligion,CityLacksPlayerReligion,CityHasPlayerMajorityReligion,CityLacksPlayerMajorityReligion) VALUES ('CITY_EVENT_DROUGHT','EVENT_CLASS_BAD',NULL,NULL,'badeventdefaultbackground.dds','AS2D_EVENT_NOTIFICATION_VERY_BAD',25,1,'false','false','false',50,1,0,0,NULL,NULL,NULL,'false','false',NULL,NULL,'false','false',NULL,NULL,'false',NULL,NULL,'false',NULL,NULL,'false','false',NULL,NULL,NULL,'false','false','false','false','false','false','false','false','false','false','false','false','false','false','IMPROVEMENT_FARM','false','false','false','false','false','false','false','false','false'),
 ('CITY_EVENT_DROUGHT_SEVERE','EVENT_CLASS_BAD',NULL,NULL,'badeventdefaultbackground.dds','AS2D_EVENT_NOTIFICATION_VERY_BAD',25,1,'false','false','false',50,1,0,0,NULL,NULL,NULL,'false','false',NULL,NULL,'false','false',NULL,NULL,'false',NULL,NULL,'false',NULL,NULL,'false','false',NULL,NULL,NULL,'false','false','false','false','false','false','false','false','false','false','false','false','false','false','IMPROVEMENT_FARM','false','false','false','false','false','false','false','false','false'),
 ('CITY_EVENT_DROUGHT_CRITICAL','EVENT_CLASS_BAD',NULL,NULL,'badeventdefaultbackground.dds','AS2D_EVENT_NOTIFICATION_VERY_BAD',25,1,'false','false','false',50,1,0,0,NULL,NULL,NULL,'false','false',NULL,NULL,'false','false',NULL,NULL,'false',NULL,NULL,'false',NULL,NULL,'false','false',NULL,NULL,NULL,'false','false','false','false','false','false','false','false','false','false','false','false','false','false','IMPROVEMENT_FARM','false','false','false','false','false','false','false','false','false'),
 ('CITY_EVENT_ICE_AGE_EXPOSURE','EVENT_CLASS_BAD',NULL,NULL,'badeventdefaultbackground.dds','AS2D_EVENT_NOTIFICATION_VERY_BAD',20,1,'false','false','false',50,1,8,0,NULL,NULL,NULL,'false','false',NULL,NULL,'false','false',NULL,'TECH_STEAM_POWER','false',NULL,NULL,'false',NULL,NULL,'false','false',NULL,NULL,NULL,'false','false','false','false','false','false','false','false','false','false','false','false','false','false',NULL,'false','false','false','false','false','false','false','false','false'),
 ('CITY_EVENT_ICE_AGE_NO_FUEL','EVENT_CLASS_BAD',NULL,NULL,'badeventdefaultbackground.dds','AS2D_EVENT_NOTIFICATION_VERY_BAD',36,1,'false','true','false',50,1,0,0,NULL,NULL,NULL,'false','false',NULL,NULL,'false','false',NULL,'TECH_STEAM_POWER','false',NULL,NULL,'false',NULL,NULL,'false','false',NULL,NULL,NULL,'false','false','false','false','false','false','false','false','false','false','false','false','false','false',NULL,'false','false','false','false','false','false','false','false','false'),
 ('CITY_EVENT_ICE_AGE_FROZEN_WATER','EVENT_CLASS_BAD',NULL,NULL,'badeventdefaultbackground.dds','AS2D_EVENT_NOTIFICATION_VERY_BAD',36,1,'false','false','false',50,1,0,0,NULL,NULL,NULL,'false','false',NULL,NULL,'false','false',NULL,'TECH_STEAM_POWER','false',NULL,NULL,'false',NULL,NULL,'false','false',NULL,NULL,NULL,'false','false','false','false','false','true','false','false','false','false','false','false','false','false',NULL,'false','false','false','false','false','false','false','false','false'),
 ('CITY_EVENT_ICE_AGE_BITTER_WINDS','EVENT_CLASS_BAD',NULL,NULL,'badeventdefaultbackground.dds','AS2D_EVENT_NOTIFICATION_VERY_BAD',36,1,'false','false','false',50,1,0,0,NULL,NULL,NULL,'false','false',NULL,NULL,'false','false',NULL,'TECH_STEAM_POWER','false',NULL,NULL,'false',NULL,NULL,'false','false',NULL,NULL,NULL,'false','false','false','false','false','false','false','false','false','false','false','false','false','false',NULL,'false','false','false','false','false','false','false','false','false'),
 ('CITY_EVENT_STONE_WORKS_DISCOVERY','EVENT_CLASS_GOOD','TXT_KEY_CITY_EVENT_STONE_WORKS_DISCOVERY','TXT_KEY_CITY_EVENT_STONE_WORKS_DISCOVERY_HELP',NULL,'AS2D_INTERFACE_BORDERS_EXPAND',60,1,'true','false','false',100,3,5,0,NULL,NULL,'ERA_RENAISSANCE','false','false',NULL,NULL,'false','false',NULL,NULL,'false',NULL,NULL,'false','BUILDINGCLASS_STONE_WORKS',NULL,'false','false',NULL,NULL,'RESOURCE_MARBLE','false','false','false','false','false','false','false','false','false','false','false','false','false','false','IMPROVEMENT_QUARRY','true','false','false','false','false','false','false','false','false'),
 ('CITY_EVENT_FISHING_EXPEDITION','EVENT_CLASS_GOOD','TXT_KEY_CITY_EVENT_FISHING_EXPEDITION','TXT_KEY_CITY_EVENT_FISHING_EXPEDITION_HELP',NULL,'AS2D_INTERFACE_BORDERS_EXPAND',50,1,'false','true','false',100,3,3,0,NULL,NULL,NULL,'false','false',NULL,NULL,'false','false',NULL,NULL,'false',NULL,NULL,'false',NULL,NULL,'false','false',NULL,NULL,'RESOURCE_FISH','false','true','false','false','true','false','false','false','false','false','false','false','false','false','IMPROVEMENT_FISHING_BOATS','false','false','false','false','false','false','false','false','false'),
 ('CITY_EVENT_AMPHITHEATER_NEW_DRAMA','EVENT_CLASS_GOOD','TXT_KEY_CITY_EVENT_AMPHITHEATER_NEW_DRAMA','TXT_KEY_CITY_EVENT_AMPHITHEATER_NEW_DRAMA_HELP',NULL,'AS2D_INTERFACE_BORDERS_EXPAND',50,1,'true','true','false',100,4,6,0,NULL,NULL,'ERA_RENAISSANCE','false','false',NULL,NULL,'false','false',NULL,NULL,'false',NULL,NULL,'false','BUILDINGCLASS_AMPHITHEATER',NULL,'false','false',NULL,NULL,NULL,'false','false','false','false','false','false','false','false','false','false','false','false','false','false',NULL,'false','false','false','false','false','false','false','false','false'),
 ('CITY_EVENT_TEMPLE_CONCERNS','EVENT_CLASS_GOOD','TXT_KEY_CITY_EVENT_TEMPLE_CONCERNS','TXT_KEY_CITY_EVENT_TEMPLE_CONCERNS_HELP',NULL,'AS2D_INTERFACE_BORDERS_EXPAND',40,1,'true','false','false',30,3,5,0,NULL,NULL,'ERA_INDUSTRIAL','true','false',NULL,NULL,'false','false',NULL,NULL,'false',NULL,NULL,'false','BUILDINGCLASS_TEMPLE',NULL,'false','false',NULL,NULL,NULL,'false','false','false','false','false','false','false','false','false','false','true','false','false','false',NULL,'false','false','false','false','false','false','false','false','false'),
 ('CITY_EVENT_LIGHTHOUSE','EVENT_CLASS_GOOD','TXT_KEY_CITY_EVENT_LIGHTHOUSE','TXT_KEY_CITY_EVENT_LIGHTHOUSE_HELP',NULL,'AS2D_INTERFACE_BORDERS_EXPAND',50,1,'true','false','false',30,2,6,0,NULL,NULL,NULL,'false','false',NULL,NULL,'false','false',NULL,NULL,'false',NULL,NULL,'false','BUILDINGCLASS_LIGHTHOUSE',NULL,'false','false',NULL,NULL,NULL,'false','false','false','false','true','false','false','false','false','false','false','false','false','false','IMPROVEMENT_FISHING_BOATS','false','false','true','false','false','false','false','false','false'),
 ('CITY_EVENT_HOSPITAL_OVERCROWDING','EVENT_CLASS_BAD','TXT_KEY_CITY_EVENT_HOSPITAL_OVERCROWDING','TXT_KEY_CITY_EVENT_HOSPITAL_OVERCROWDING_HELP',NULL,'AS2D_INTERFACE_BORDERS_EXPAND',30,1,'true','false','false',30,3,0,0,NULL,NULL,NULL,'false','false',NULL,NULL,'true','false',NULL,NULL,'false',NULL,NULL,'false','BUILDINGCLASS_HOSPITAL',NULL,'false','false',NULL,NULL,NULL,'false','false','false','false','false','false','false','false','false','false','false','false','false','false',NULL,'false','false','false','false','false','false','false','false','false'),
 ('CITY_EVENT_STADIUM_WORLD_EVENT','EVENT_CLASS_GOOD',NULL,NULL,NULL,'AS2D_INTERFACE_BORDERS_EXPAND',75,1,'false','false','false',50,1,0,0,NULL,NULL,NULL,'false','false',NULL,NULL,'false','false',NULL,NULL,'false',NULL,NULL,'false','BUILDINGCLASS_STADIUM',NULL,'false','false',NULL,NULL,NULL,'false','false','false','false','false','false','false','false','false','false','false','false','false','false',NULL,'false','false','false','false','false','false','false','false','false'),
 ('CITY_EVENT_STADIUM_LOCAL_EVENT','EVENT_CLASS_GOOD','TXT_KEY_CITY_EVENT_STADIUM_LOCAL_EVENT','TXT_KEY_CITY_EVENT_STADIUM_LOCAL_EVENT_HELP',NULL,'AS2D_INTERFACE_BORDERS_EXPAND',40,1,'false','false','false',50,3,20,0,NULL,NULL,NULL,'false','false',NULL,NULL,'false','false',NULL,NULL,'false',NULL,NULL,'false','BUILDINGCLASS_STADIUM',NULL,'false','false',NULL,NULL,NULL,'false','false','false','false','false','false','false','false','false','false','false','false','false','false',NULL,'false','false','false','false','false','false','false','false','false'),
 ('CITY_EVENT_NUCLEAR_MELTDOWN','EVENT_CLASS_BAD',NULL,NULL,'badeventdefaultbackground.dds','AS2D_EVENT_NOTIFICATION_VERY_BAD',15,0,'false','false','false',30,1,15,0,NULL,NULL,NULL,'true','false',NULL,NULL,'false','false',NULL,NULL,'false',NULL,NULL,'false','BUILDINGCLASS_NUCLEAR_PLANT',NULL,'false','false',NULL,NULL,NULL,'false','false','false','false','false','false','false','false','false','false','false','false','false','false',NULL,'false','false','false','false','false','false','false','false','false'),
 ('CITY_EVENT_MINE_COLLAPSE','EVENT_CLASS_BAD','TXT_KEY_CITY_EVENT_MINE_COLLAPSE','TXT_KEY_CITY_EVENT_MINE_COLLAPSE_HELP','badeventdefaultbackground.dds','AS2D_EVENT_NOTIFICATION_VERY_BAD',20,0,'false','false','false',100,3,10,0,NULL,NULL,NULL,'false','false',NULL,NULL,'false','false',NULL,'TECH_CONSTRUCTION','false',NULL,NULL,'false',NULL,NULL,'false','false',NULL,NULL,NULL,'false','false','false','false','false','false','false','false','false','false','false','false','false','false','IMPROVEMENT_MINE','false','false','false','false','false','false','false','false','false'),
 ('CITY_EVENT_FOREST_FIRE','EVENT_CLASS_BAD','TXT_KEY_CITY_EVENT_FOREST_FIRE','TXT_KEY_CITY_EVENT_FOREST_FIRE_HELP','badeventdefaultbackground.dds','AS2D_EVENT_NOTIFICATION_VERY_BAD',20,0,'false','false','false',100,3,5,0,NULL,NULL,NULL,'false','false',NULL,NULL,'false','false',NULL,NULL,'false',NULL,NULL,'false',NULL,NULL,'false','false','FEATURE_FOREST',NULL,NULL,'false','false','false','false','false','false','false','false','false','false','false','false','false','false','IMPROVEMENT_LUMBERMILL','false','false','false','false','false','false','false','false','false'),
 ('CITY_EVENT_AVALANCHE','EVENT_CLASS_BAD',NULL,NULL,'badeventdefaultbackground.dds','AS2D_EVENT_NOTIFICATION_VERY_BAD',20,0,'false','false','false',100,1,10,0,NULL,NULL,NULL,'false','false',NULL,NULL,'false','false',NULL,NULL,'false',NULL,NULL,'false',NULL,NULL,'false','false',NULL,'TERRAIN_TUNDRA',NULL,'false','false','false','false','false','false','false','false','false','false','false','false','false','true','IMPROVEMENT_TRADING_POST','false','false','false','false','false','false','false','false','false'),
 ('CITY_EVENT_CORRUPTION','EVENT_CLASS_BAD','TXT_KEY_CITY_EVENT_CORRUPTION','TXT_KEY_CITY_EVENT_CORRUPTION_HELP','badeventdefaultbackground.dds','AS2D_EVENT_NOTIFICATION_VERY_BAD',30,0,'false','true','false',50,3,5,0,NULL,NULL,NULL,'true','false',NULL,NULL,'false','false',NULL,NULL,'false',NULL,NULL,'false',NULL,NULL,'false','false',NULL,NULL,NULL,'false','false','false','false','false','false','false','false','false','false','false','false','false','false',NULL,'false','false','false','false','false','false','false','false','false'),
 ('CITY_EVENT_CORRUPTION_FOOD_SPOILED','EVENT_CLASS_BAD',NULL,NULL,'badeventdefaultbackground.dds','AS2D_EVENT_NOTIFICATION_VERY_BAD',15,1,'false','true','false',75,1,5,0,NULL,NULL,NULL,'true','false',NULL,NULL,'false','false',NULL,NULL,'false',NULL,NULL,'false','BUILDINGCLASS_GRANARY',NULL,'false','false',NULL,NULL,NULL,'false','false','false','false','false','false','false','false','false','false','false','false','false','false',NULL,'false','false','false','false','false','false','false','false','false'),
 ('CITY_EVENT_CORRUPTION_BANDITS','EVENT_CLASS_BAD',NULL,NULL,'badeventdefaultbackground.dds','AS2D_EVENT_NOTIFICATION_VERY_BAD',15,1,'false','true','false',75,1,8,0,NULL,NULL,NULL,'true','false',NULL,NULL,'false','false',NULL,NULL,'false',NULL,NULL,'false',NULL,NULL,'false','false',NULL,NULL,NULL,'false','false','false','false','false','false','false','false','false','false','false','false','false','false',NULL,'false','false','false','false','false','false','false','false','false'),
 ('CITY_EVENT_GOOD_HARVEST','EVENT_CLASS_GOOD',NULL,NULL,NULL,'AS2D_INTERFACE_BORDERS_EXPAND',25,1,'false','true','false',50,1,0,0,NULL,NULL,NULL,'false','false',NULL,NULL,'false','false',NULL,NULL,'false',NULL,NULL,'false',NULL,NULL,'false','false',NULL,NULL,NULL,'false','false','false','false','false','false','false','false','false','false','false','false','false','false','IMPROVEMENT_FARM','false','false','false','false','false','false','false','false','false'),
 ('CITY_EVENT_MARKET_DAY','EVENT_CLASS_GOOD',NULL,NULL,NULL,'AS2D_INTERFACE_BORDERS_EXPAND',20,1,'false','true','false',75,1,6,0,NULL,NULL,'ERA_INDUSTRIAL','false','false',NULL,NULL,'false','false',NULL,NULL,'false',NULL,NULL,'false','BUILDINGCLASS_MARKET',NULL,'false','false',NULL,NULL,NULL,'false','false','false','false','false','false','false','false','false','false','false','false','false','false',NULL,'false','false','false','false','false','false','false','false','false'),
 ('CITY_EVENT_VOLCANO','EVENT_CLASS_BAD',NULL,NULL,'badeventdefaultbackground.dds','AS2D_EVENT_NOTIFICATION_VERY_BAD',3,0,'false','false','false',300,1,8,0,NULL,NULL,NULL,'false','false',NULL,NULL,'false','false',NULL,NULL,'false',NULL,NULL,'false',NULL,NULL,'false','false','FEATURE_JUNGLE',NULL,NULL,'false','false','false','false','false','false','false','false','false','false','false','false','false','true',NULL,'false','false','false','false','false','false','false','false','false'),
 ('CITY_EVENT_VOLCANO_SPECIAL','EVENT_CLASS_BAD',NULL,NULL,'badeventdefaultbackground.dds','AS2D_EVENT_NOTIFICATION_VERY_BAD',5,0,'false','false','false',300,1,8,0,NULL,NULL,NULL,'false','false',NULL,NULL,'false','false',NULL,NULL,'false',NULL,NULL,'false',NULL,NULL,'false','false','FEATURE_VOLCANO',NULL,NULL,'false','false','false','false','false','false','false','false','false','false','false','false','false','false',NULL,'false','false','false','false','false','false','false','false','false'),
 ('CITY_EVENT_HOTEL_ESTABLISHED','EVENT_CLASS_GOOD',NULL,NULL,NULL,'AS2D_INTERFACE_BORDERS_EXPAND',10,0,'true','false','false',30,1,0,0,NULL,'ERA_INDUSTRIAL',NULL,'false','false',NULL,NULL,'false','false',NULL,NULL,'false',NULL,NULL,'false',NULL,'BUILDINGCLASS_HOTEL','false','false',NULL,NULL,NULL,'false','false','false','false','false','false','false','false','false','false','false','false','true','false',NULL,'false','false','false','false','false','false','false','false','false'),
 ('CITY_EVENT_PESTILENCE','EVENT_CLASS_BAD','TXT_KEY_CITY_EVENT_PESTILENCE','TXT_KEY_CITY_EVENT_PESTILENCE_HELP','badeventdefaultbackground.dds','AS2D_EVENT_NOTIFICATION_VERY_BAD',1,1,'false','false','false',150,3,10,0,NULL,NULL,NULL,'false','false',NULL,NULL,'false','false',NULL,NULL,'false',NULL,NULL,'false',NULL,NULL,'false','false',NULL,NULL,NULL,'false','false','false','false','false','false','false','false','false','false','false','false','false','false','IMPROVEMENT_FARM','false','false','false','false','false','false','false','false','false'),
 ('CITY_EVENT_FLOODING','EVENT_CLASS_BAD','TXT_KEY_CITY_EVENT_FLOODING','TXT_KEY_CITY_EVENT_FLOODING_HELP','badeventdefaultbackground.dds','AS2D_EVENT_NOTIFICATION_VERY_BAD',10,2,'false','false','false',150,3,5,0,NULL,NULL,NULL,'false','false',NULL,NULL,'false','false',NULL,NULL,'false',NULL,NULL,'false',NULL,NULL,'false','false',NULL,NULL,NULL,'false','false','false','false','false','true','false','false','false','false','false','false','false','false','IMPROVEMENT_FARM','false','false','false','false','false','false','false','false','false'),
 ('CITY_EVENT_HURRICANE','EVENT_CLASS_BAD','TXT_KEY_CITY_EVENT_HURRICANE','TXT_KEY_CITY_EVENT_HURRICANE_HELP','badeventdefaultbackground.dds','AS2D_EVENT_NOTIFICATION_VERY_BAD',5,0,'false','false','false',125,3,10,0,NULL,NULL,NULL,'false','false',NULL,NULL,'false','false',NULL,NULL,'false',NULL,NULL,'false',NULL,NULL,'false','false',NULL,NULL,NULL,'false','false','false','false','true','false','false','false','false','false','false','false','false','false',NULL,'false','false','false','false','false','false','false','false','false'),
 ('CITY_EVENT_PLAGUE','EVENT_CLASS_BAD',NULL,NULL,'badeventdefaultbackground.dds','AS2D_EVENT_NOTIFICATION_VERY_BAD',15,1,'false','false','false',50,1,7,0,NULL,NULL,NULL,'false','false',NULL,NULL,'false','false',NULL,NULL,'false',NULL,NULL,'false',NULL,NULL,'false','false',NULL,NULL,NULL,'true','false','false','false','false','false','false','false','false','false','false','false','false','false',NULL,'false','false','false','false','false','false','false','false','false'),
 ('CITY_EVENT_WANDERER','EVENT_CLASS_GOOD','TXT_KEY_CITY_EVENT_WANDERER','TXT_KEY_CITY_EVENT_WANDERER_HELP',NULL,'AS2D_INTERFACE_BORDERS_EXPAND',50,0,'true','false','false',100,4,5,0,NULL,NULL,'ERA_RENAISSANCE','false','false',NULL,NULL,'false','false',NULL,NULL,'false',NULL,NULL,'false','BUILDINGCLASS_WALLS',NULL,'false','false',NULL,NULL,NULL,'true','false','false','false','false','true','false','false','false','false','false','false','false','false',NULL,'false','false','false','false','false','false','false','false','false'),
 ('CITY_EVENT_NOMADS','EVENT_CLASS_GOOD','TXT_KEY_CITY_EVENT_NOMADS','TXT_KEY_CITY_EVENT_NOMADS_HELP',NULL,'AS2D_INTERFACE_BORDERS_EXPAND',50,0,'true','false','false',30,4,3,10,NULL,NULL,'ERA_RENAISSANCE','false','false',NULL,NULL,'false','false',NULL,NULL,'false',NULL,NULL,'false','BUILDINGCLASS_GRANARY',NULL,'false','false',NULL,NULL,NULL,'false','false','false','false','false','false','false','false','false','false','false','false','false','false',NULL,'false','false','false','false','false','false','false','false','false'),
 ('CITY_EVENT_OCCUPIED_REBELS','EVENT_CLASS_BAD','TXT_KEY_CITY_EVENT_OCCUPIED_REBELS','TXT_KEY_CITY_EVENT_OCCUPIED_REBELS_HELP','badeventdefaultbackground.dds','AS2D_EVENT_NOTIFICATION_VERY_BAD',75,1,'true','false','true',50,3,10,0,NULL,NULL,NULL,'true','false',NULL,NULL,'false','false',NULL,NULL,'false',NULL,NULL,'false',NULL,NULL,'false','false',NULL,NULL,NULL,'false','false','false','false','false','false','false','false','true','false','false','false','false','false',NULL,'false','false','false','false','false','false','false','false','false');

INSERT INTO CityEvent_ParentEvents (CityEventChoiceType,CityEventType) VALUES ('CITY_EVENT_DROUGHT_CHOICE_1','CITY_EVENT_DROUGHT'),
 ('CITY_EVENT_SEVERE_DROUGHT_CHOICE_1','CITY_EVENT_DROUGHT_SEVERE'),
 ('CITY_EVENT_CRITICAL_DROUGHT_CHOICE_1','CITY_EVENT_DROUGHT_CRITICAL'),
 ('CITY_EVENT_ICE_AGE_EXPOSURE_CHOICE_1','CITY_EVENT_ICE_AGE_EXPOSURE'),
 ('CITY_EVENT_ICE_AGE_NO_FUEL_CHOICE_1','CITY_EVENT_ICE_AGE_NO_FUEL'),
 ('CITY_EVENT_ICE_AGE_FROZEN_WATER_CHOICE_1','CITY_EVENT_ICE_AGE_FROZEN_WATER'),
 ('CITY_EVENT_ICE_AGE_BITTER_WINDS_CHOICE_1','CITY_EVENT_ICE_AGE_BITTER_WINDS'),
 ('CITY_EVENT_STONE_WORKS_DISCOVERY_CHOICE_1','CITY_EVENT_STONE_WORKS_DISCOVERY'),
 ('CITY_EVENT_STONE_WORKS_DISCOVERY_CHOICE_2','CITY_EVENT_STONE_WORKS_DISCOVERY'),
 ('CITY_EVENT_STONE_WORKS_DISCOVERY_CHOICE_3','CITY_EVENT_STONE_WORKS_DISCOVERY'),
 ('CITY_EVENT_STONE_WORKS_DISCOVERY_CHOICE_4','CITY_EVENT_STONE_WORKS_DISCOVERY'),
 ('CITY_EVENT_FISHING_EXPEDITION_CHOICE_1','CITY_EVENT_FISHING_EXPEDITION'),
 ('CITY_EVENT_FISHING_EXPEDITION_CHOICE_2','CITY_EVENT_FISHING_EXPEDITION'),
 ('CITY_EVENT_FISHING_EXPEDITION_CHOICE_3','CITY_EVENT_FISHING_EXPEDITION'),
 ('CITY_EVENT_DO_NOTHING_CHOICE','CITY_EVENT_FISHING_EXPEDITION'),
 ('CITY_EVENT_AMPHITHEATER_NEW_DRAMA_CHOICE_1','CITY_EVENT_AMPHITHEATER_NEW_DRAMA'),
 ('CITY_EVENT_AMPHITHEATER_NEW_DRAMA_CHOICE_2','CITY_EVENT_AMPHITHEATER_NEW_DRAMA'),
 ('CITY_EVENT_AMPHITHEATER_NEW_DRAMA_CHOICE_3','CITY_EVENT_AMPHITHEATER_NEW_DRAMA'),
 ('CITY_EVENT_AMPHITHEATER_NEW_DRAMA_CHOICE_4','CITY_EVENT_AMPHITHEATER_NEW_DRAMA'),
 ('CITY_EVENT_TEMPLE_CONCERNS_CHOICE_1','CITY_EVENT_TEMPLE_CONCERNS'),
 ('CITY_EVENT_TEMPLE_CONCERNS_CHOICE_2','CITY_EVENT_TEMPLE_CONCERNS'),
 ('CITY_EVENT_TEMPLE_CONCERNS_CHOICE_3','CITY_EVENT_TEMPLE_CONCERNS'),
 ('CITY_EVENT_TEMPLE_CONCERNS_CHOICE_4','CITY_EVENT_TEMPLE_CONCERNS'),
 ('CITY_EVENT_LIGHTHOUSE_CHOICE_1','CITY_EVENT_LIGHTHOUSE'),
 ('CITY_EVENT_LIGHTHOUSE_CHOICE_2','CITY_EVENT_LIGHTHOUSE'),
 ('CITY_EVENT_LIGHTHOUSE_CHOICE_3','CITY_EVENT_LIGHTHOUSE'),
 ('CITY_EVENT_HOSPITAL_OVERCROWDING_CHOICE_1','CITY_EVENT_HOSPITAL_OVERCROWDING'),
 ('CITY_EVENT_HOSPITAL_OVERCROWDING_CHOICE_2','CITY_EVENT_HOSPITAL_OVERCROWDING'),
 ('CITY_EVENT_HOSPITAL_OVERCROWDING_CHOICE_3','CITY_EVENT_HOSPITAL_OVERCROWDING'),
 ('CITY_EVENT_HOSPITAL_OVERCROWDING_CHOICE_4','CITY_EVENT_HOSPITAL_OVERCROWDING'),
 ('CITY_EVENT_HOSPITAL_OVERCROWDING_CHOICE_5','CITY_EVENT_HOSPITAL_OVERCROWDING'),
 ('CITY_EVENT_STADIUM_WORLD_EVENT_CHOICE_1','CITY_EVENT_STADIUM_WORLD_EVENT'),
 ('CITY_EVENT_STADIUM_LOCAL_EVENT_CHOICE_1','CITY_EVENT_STADIUM_LOCAL_EVENT'),
 ('CITY_EVENT_STADIUM_LOCAL_EVENT_CHOICE_2','CITY_EVENT_STADIUM_LOCAL_EVENT'),
 ('CITY_EVENT_STADIUM_LOCAL_EVENT_CHOICE_3','CITY_EVENT_STADIUM_LOCAL_EVENT'),
 ('CITY_EVENT_STADIUM_LOCAL_EVENT_CHOICE_4','CITY_EVENT_STADIUM_LOCAL_EVENT'),
 ('CITY_EVENT_STADIUM_LOCAL_EVENT_CHOICE_5','CITY_EVENT_STADIUM_LOCAL_EVENT'),
 ('CITY_EVENT_NUCLEAR_MELTDOWN_CHOICE_1','CITY_EVENT_NUCLEAR_MELTDOWN'),
 ('CITY_EVENT_MINE_COLLAPSE_CHOICE_1','CITY_EVENT_MINE_COLLAPSE'),
 ('CITY_EVENT_MINE_COLLAPSE_CHOICE_2','CITY_EVENT_MINE_COLLAPSE'),
 ('CITY_EVENT_MINE_COLLAPSE_CHOICE_3','CITY_EVENT_MINE_COLLAPSE'),
 ('CITY_EVENT_FOREST_FIRE_CHOICE_1','CITY_EVENT_FOREST_FIRE'),
 ('CITY_EVENT_FOREST_FIRE_CHOICE_2','CITY_EVENT_FOREST_FIRE'),
 ('CITY_EVENT_FOREST_FIRE_CHOICE_3','CITY_EVENT_FOREST_FIRE'),
 ('CITY_EVENT_AVALANCHE_CHOICE_1','CITY_EVENT_AVALANCHE'),
 ('CITY_EVENT_CORRUPTION_CHOICE_1','CITY_EVENT_CORRUPTION'),
 ('CITY_EVENT_CORRUPTION_CHOICE_2','CITY_EVENT_CORRUPTION'),
 ('CITY_EVENT_CORRUPTION_CHOICE_3','CITY_EVENT_CORRUPTION'),
 ('CITY_EVENT_CORRUPTION_CHOICE_4','CITY_EVENT_CORRUPTION'),
 ('CITY_EVENT_CORRUPTION_FOOD_SPOILED_CHOICE_1','CITY_EVENT_CORRUPTION_FOOD_SPOILED'),
 ('CITY_EVENT_CORRUPTION_BANDITS_CHOICE_1','CITY_EVENT_CORRUPTION_BANDITS'),
 ('CITY_EVENT_GOOD_HARVEST_CHOICE_1','CITY_EVENT_GOOD_HARVEST'),
 ('CITY_EVENT_MARKET_DAY_CHOICE_1','CITY_EVENT_MARKET_DAY'),
 ('CITY_EVENT_VOLCANO_CHOICE_1','CITY_EVENT_VOLCANO'),
 ('CITY_EVENT_VOLCANO_SPECIAL_CHOICE_1','CITY_EVENT_VOLCANO_SPECIAL'),
 ('CITY_EVENT_HOTEL_ESTABLISHED_CHOICE_1','CITY_EVENT_HOTEL_ESTABLISHED'),
 ('CITY_EVENT_PESTILENCE_CHOICE_1','CITY_EVENT_PESTILENCE'),
 ('CITY_EVENT_PESTILENCE_CHOICE_2','CITY_EVENT_PESTILENCE'),
 ('CITY_EVENT_PESTILENCE_CHOICE_3','CITY_EVENT_PESTILENCE'),
 ('CITY_EVENT_FLOODING_CHOICE_1','CITY_EVENT_FLOODING'),
 ('CITY_EVENT_FLOODING_CHOICE_2','CITY_EVENT_FLOODING'),
 ('CITY_EVENT_FLOODING_CHOICE_3','CITY_EVENT_FLOODING'),
 ('CITY_EVENT_HURRICANE_CHOICE_1','CITY_EVENT_HURRICANE'),
 ('CITY_EVENT_HURRICANE_CHOICE_2','CITY_EVENT_HURRICANE'),
 ('CITY_EVENT_HURRICANE_CHOICE_3','CITY_EVENT_HURRICANE'),
 ('CITY_EVENT_HURRICANE_CHOICE_4','CITY_EVENT_HURRICANE'),
 ('CITY_EVENT_HURRICANE_CHOICE_5','CITY_EVENT_HURRICANE'),
 ('CITY_EVENT_WANDERER_CHOICE_1','CITY_EVENT_WANDERER'),
 ('CITY_EVENT_WANDERER_CHOICE_2','CITY_EVENT_WANDERER'),
 ('CITY_EVENT_WANDERER_CHOICE_3','CITY_EVENT_WANDERER'),
 ('CITY_EVENT_WANDERER_CHOICE_4','CITY_EVENT_WANDERER'),
 ('CITY_EVENT_NOMADS_CHOICE_1','CITY_EVENT_NOMADS'),
 ('CITY_EVENT_NOMADS_CHOICE_2','CITY_EVENT_NOMADS'),
 ('CITY_EVENT_NOMADS_CHOICE_3','CITY_EVENT_NOMADS'),
 ('CITY_EVENT_NOMADS_CHOICE_4','CITY_EVENT_NOMADS'),
 ('CITY_EVENT_OCCUPIED_REBELS_CHOICE_1','CITY_EVENT_OCCUPIED_REBELS'),
 ('CITY_EVENT_OCCUPIED_REBELS_CHOICE_2','CITY_EVENT_OCCUPIED_REBELS'),
 ('CITY_EVENT_OCCUPIED_REBELS_CHOICE_3','CITY_EVENT_OCCUPIED_REBELS');

INSERT INTO CityEvent_MinimumStartYield (CityEventType,YieldType,Yield) VALUES ('CITY_EVENT_ICE_AGE_NO_FUEL','YIELD_PRODUCTION',50),
 ('CITY_EVENT_FISHING_EXPEDITION','YIELD_GOLD',250),
 ('CITY_EVENT_CORRUPTION_FOOD_SPOILED','YIELD_FOOD',50),
 ('CITY_EVENT_CORRUPTION_BANDITS','YIELD_GOLD',50);

INSERT INTO CityEventChoices (Type,Description,Help,DisabledTooltip,EventChoiceAudio,EventChance,IsOneShot,EraScaling,EventDuration,Expires,MinimumCityPopulation,MaximumCityPopulation,RequiredCiv,RequiredEra,IsUnhappy,IsSuperUnhappy,ObsoleteEra,RequiredPolicy,RequiredIdeology,RequiresWar,RequiresWarMinor,PrereqTech,ObsoleteTech,RequiresPantheon,RequiredReligion,RequiredStateReligion,RequiresAnyStateReligion,RequiredBuildingClass,CannotHaveBuildingClass,RequiresHolyCity,RequiresIdeology,NearbyFeature,NearbyTerrain,LocalResourceRequired,HasTradeConnection,HasCityConnection,RequiresGarrison,CapitalOnly,CoastalOnly,RiverOnly,RequiresResistance,RequiresWLTKD,RequiresOccupied,RequiresRazing,HasAnyReligion,RequiresPuppet,RequiresNearbyNaturalWonder,RequiresNearbyMountain,EventBuildingClassDestruction,EventBuildingClass,CityWideBuildingDestructionChance,WLTKDTurns,ResistanceTurns,CityHappiness,RandomBarbarianSpawn,ConvertToPlayerReligionPercent,ConvertToPlayerMajorityReligionPercent,ImprovementRequired,FreeUnitsTechAppropriate,HasMetAMajorCiv,InDebt,LosingMoney,IsVassalOfSomeone,IsMasterOfSomeone,CityHasPlayerReligion,CityLacksPlayerReligion,CityHasPlayerMajorityReligion,CityLacksPlayerMajorityReligion) VALUES ('CITY_EVENT_DROUGHT_CHOICE_1','TXT_KEY_CITY_EVENT_DROUGHT_CHOICE_1_DESCRIPTION','TXT_KEY_CITY_EVENT_DROUGHT_CHOICE_1_HELP',NULL,'AS2D_EVENT_CHOICE',0,'false','false',50,'true',0,0,NULL,NULL,'false','false',NULL,NULL,NULL,'false','false',NULL,NULL,'false',NULL,NULL,'false',NULL,NULL,'false','false',NULL,NULL,NULL,'false','false','false','false','false','false','false','false','false','false','false','false','false','false',NULL,NULL,0,0,0,0,0,0,0,NULL,0,'false','false','false','false','false','false','false','false','false'),
 ('CITY_EVENT_SEVERE_DROUGHT_CHOICE_1','TXT_KEY_CITY_EVENT_SEVERE_DROUGHT_CHOICE_1_DESCRIPTION','TXT_KEY_CITY_EVENT_SEVERE_DROUGHT_CHOICE_1_HELP',NULL,'AS2D_EVENT_CHOICE',0,'false','false',50,'true',0,0,NULL,NULL,'false','false',NULL,NULL,NULL,'false','false',NULL,NULL,'false',NULL,NULL,'false',NULL,NULL,'false','false',NULL,NULL,NULL,'false','false','false','false','false','false','false','false','false','false','false','false','false','false',NULL,NULL,0,0,0,0,0,0,0,NULL,0,'false','false','false','false','false','false','false','false','false'),
 ('CITY_EVENT_CRITICAL_DROUGHT_CHOICE_1','TXT_KEY_CITY_EVENT_CRITICAL_DROUGHT_CHOICE_1_DESCRIPTION','TXT_KEY_CITY_EVENT_CRITICAL_DROUGHT_CHOICE_1_HELP',NULL,'AS2D_EVENT_CHOICE',0,'false','false',50,'true',0,0,NULL,NULL,'false','false',NULL,NULL,NULL,'false','false',NULL,NULL,'false',NULL,NULL,'false',NULL,NULL,'false','false',NULL,NULL,NULL,'false','false','false','false','false','false','false','false','false','false','false','false','false','false',NULL,NULL,0,0,0,0,0,0,0,NULL,0,'false','false','false','false','false','false','false','false','false'),
 ('CITY_EVENT_ICE_AGE_EXPOSURE_CHOICE_1','TXT_KEY_CITY_EVENT_ICE_AGE_EXPOSURE_CHOICE_1_DESCRIPTION','TXT_KEY_CITY_EVENT_ICE_AGE_EXPOSURE_CHOICE_1_HELP',NULL,'AS2D_EVENT_CHOICE',0,'false','false',30,'false',0,0,NULL,NULL,'false','false',NULL,NULL,NULL,'false','false',NULL,NULL,'false',NULL,NULL,'false',NULL,NULL,'false','false',NULL,NULL,NULL,'false','false','false','false','false','false','false','false','false','false','false','false','false','false',NULL,NULL,0,0,0,0,0,0,0,NULL,0,'false','false','false','false','false','false','false','false','false'),
 ('CITY_EVENT_ICE_AGE_NO_FUEL_CHOICE_1','TXT_KEY_CITY_EVENT_ICE_AGE_NO_FUEL_CHOICE_1_DESCRIPTION','TXT_KEY_CITY_EVENT_ICE_AGE_NO_FUEL_CHOICE_1_HELP',NULL,'AS2D_EVENT_CHOICE',0,'false','true',30,'false',0,0,NULL,NULL,'false','false',NULL,NULL,NULL,'false','false',NULL,NULL,'false',NULL,NULL,'false',NULL,NULL,'false','false',NULL,NULL,NULL,'false','false','false','false','false','false','false','false','false','false','false','false','false','false',NULL,NULL,0,0,0,0,0,0,0,NULL,0,'false','false','false','false','false','false','false','false','false'),
 ('CITY_EVENT_ICE_AGE_FROZEN_WATER_CHOICE_1','TXT_KEY_CITY_EVENT_ICE_AGE_FROZEN_WATER_CHOICE_1_DESCRIPTION','TXT_KEY_CITY_EVENT_ICE_AGE_FROZEN_WATER_CHOICE_1_HELP',NULL,'AS2D_EVENT_CHOICE',0,'false','false',50,'true',0,0,NULL,NULL,'false','false',NULL,NULL,NULL,'false','false',NULL,NULL,'false',NULL,NULL,'false',NULL,NULL,'false','false',NULL,NULL,NULL,'false','false','false','false','false','false','false','false','false','false','false','false','false','false',NULL,NULL,0,0,0,0,0,0,0,NULL,0,'false','false','false','false','false','false','false','false','false'),
 ('CITY_EVENT_ICE_AGE_BITTER_WINDS_CHOICE_1','TXT_KEY_CITY_EVENT_ICE_AGE_BITTER_WINDS_CHOICE_1_DESCRIPTION','TXT_KEY_CITY_EVENT_ICE_AGE_BITTER_WINDS_CHOICE_1_HELP',NULL,'AS2D_EVENT_CHOICE',0,'false','false',50,'true',0,0,NULL,NULL,'false','false',NULL,NULL,NULL,'false','false',NULL,NULL,'false',NULL,NULL,'false',NULL,NULL,'false','false',NULL,NULL,NULL,'false','false','false','false','false','false','false','false','false','false','false','false','false','false',NULL,NULL,0,0,0,0,0,0,0,NULL,0,'false','false','false','false','false','false','false','false','false'),
 ('CITY_EVENT_DO_NOTHING_CHOICE','TXT_KEY_CITY_EVENT_DO_NOTHING','TXT_KEY_CITY_EVENT_DO_NOTHING_HELP',NULL,'AS2D_EVENT_CHOICE',0,'false','false',30,'false',0,0,NULL,NULL,'false','false',NULL,NULL,NULL,'false','false',NULL,NULL,'false',NULL,NULL,'false',NULL,NULL,'false','false',NULL,NULL,NULL,'false','false','false','false','false','false','false','false','false','false','false','false','false','false',NULL,NULL,0,0,0,0,0,0,0,NULL,0,'false','false','false','false','false','false','false','false','false'),
 ('CITY_EVENT_STONE_WORKS_DISCOVERY_CHOICE_1','TXT_KEY_CITY_EVENT_STONE_WORKS_DISCOVERY_CHOICE_1','TXT_KEY_CITY_EVENT_STONE_WORKS_DISCOVERY_CHOICE_1_HELP',NULL,'AS2D_EVENT_CHOICE',0,'false','true',30,'false',0,0,NULL,NULL,'false','false',NULL,NULL,NULL,'false','false',NULL,NULL,'false',NULL,NULL,'false',NULL,NULL,'false','false',NULL,NULL,NULL,'false','false','false','false','false','false','false','false','false','false','false','false','false','false',NULL,NULL,0,10,0,0,0,0,0,NULL,0,'false','false','false','false','false','false','false','false','false'),
 ('CITY_EVENT_STONE_WORKS_DISCOVERY_CHOICE_2','TXT_KEY_CITY_EVENT_STONE_WORKS_DISCOVERY_CHOICE_2','TXT_KEY_CITY_EVENT_STONE_WORKS_DISCOVERY_CHOICE_2_HELP',NULL,'AS2D_EVENT_CHOICE',0,'false','true',30,'false',0,0,NULL,NULL,'false','false',NULL,NULL,NULL,'false','false',NULL,NULL,'false',NULL,NULL,'false','BUILDINGCLASS_TEMPLE',NULL,'false','false',NULL,NULL,NULL,'false','false','false','false','false','false','false','false','false','false','false','false','false','false',NULL,NULL,0,0,0,0,0,0,0,NULL,0,'false','false','false','false','false','false','false','false','false'),
 ('CITY_EVENT_STONE_WORKS_DISCOVERY_CHOICE_3','TXT_KEY_CITY_EVENT_STONE_WORKS_DISCOVERY_CHOICE_3','TXT_KEY_CITY_EVENT_STONE_WORKS_DISCOVERY_CHOICE_3_HELP',NULL,'AS2D_EVENT_CHOICE',0,'false','true',30,'false',0,0,NULL,NULL,'false','false',NULL,NULL,NULL,'false','false',NULL,NULL,'true',NULL,NULL,'false',NULL,NULL,'false','false',NULL,NULL,NULL,'false','false','false','false','false','false','false','false','false','false','false','false','false','false',NULL,NULL,0,0,0,0,0,0,0,NULL,0,'false','false','false','false','false','false','false','false','false'),
 ('CITY_EVENT_STONE_WORKS_DISCOVERY_CHOICE_4','TXT_KEY_CITY_EVENT_STONE_WORKS_DISCOVERY_CHOICE_4','TXT_KEY_CITY_EVENT_STONE_WORKS_DISCOVERY_CHOICE_4_HELP',NULL,'AS2D_EVENT_CHOICE',0,'false','true',40,'true',0,0,NULL,NULL,'false','false',NULL,NULL,NULL,'false','false',NULL,NULL,'false',NULL,NULL,'false',NULL,NULL,'false','false',NULL,NULL,NULL,'false','false','false','false','false','false','false','false','false','false','false','false','false','false',NULL,NULL,0,0,0,0,0,0,0,NULL,0,'false','false','false','false','false','false','false','false','false'),
 ('CITY_EVENT_FISHING_EXPEDITION_CHOICE_1','TXT_KEY_CITY_EVENT_FISHING_EXPEDITION_CHOICE_1','TXT_KEY_CITY_EVENT_FISHING_EXPEDITION_CHOICE_1_HELP',NULL,'AS2D_EVENT_CHOICE',0,'false','true',30,'false',0,0,NULL,NULL,'false','false',NULL,NULL,NULL,'false','false',NULL,NULL,'false',NULL,NULL,'false',NULL,NULL,'false','false',NULL,NULL,NULL,'false','false','false','false','false','false','false','false','false','false','false','false','false','false',NULL,NULL,0,0,0,0,0,0,0,NULL,0,'false','false','false','false','false','false','false','false','false'),
 ('CITY_EVENT_FISHING_EXPEDITION_CHOICE_2','TXT_KEY_CITY_EVENT_FISHING_EXPEDITION_CHOICE_2','TXT_KEY_CITY_EVENT_FISHING_EXPEDITION_CHOICE_2_HELP',NULL,'AS2D_EVENT_CHOICE',0,'false','true',75,'true',0,0,NULL,NULL,'false','false',NULL,NULL,NULL,'false','false',NULL,NULL,'false',NULL,NULL,'false',NULL,NULL,'false','false',NULL,NULL,NULL,'false','false','false','false','false','false','false','false','false','false','false','false','false','false',NULL,NULL,0,0,0,0,0,0,0,NULL,0,'false','false','false','false','false','false','false','false','false'),
 ('CITY_EVENT_FISHING_EXPEDITION_CHOICE_3','TXT_KEY_CITY_EVENT_FISHING_EXPEDITION_CHOICE_3','TXT_KEY_CITY_EVENT_FISHING_EXPEDITION_CHOICE_3_HELP',NULL,'AS2D_EVENT_CHOICE',50,'false','false',30,'false',0,0,NULL,NULL,'false','false',NULL,NULL,NULL,'false','false',NULL,NULL,'false',NULL,NULL,'false',NULL,'BUILDINGCLASS_HARBOR','false','false',NULL,NULL,NULL,'false','false','false','false','false','false','false','false','false','false','false','false','false','false',NULL,'BUILDINGCLASS_HARBOR',0,0,0,0,0,0,0,NULL,0,'false','false','false','false','false','false','false','false','false'),
 ('CITY_EVENT_AMPHITHEATER_NEW_DRAMA_CHOICE_1','TXT_KEY_CITY_EVENT_AMPHITHEATER_NEW_DRAMA_CHOICE_1','TXT_KEY_CITY_EVENT_AMPHITHEATER_NEW_DRAMA_CHOICE_1_HELP',NULL,'AS2D_EVENT_CHOICE',0,'false','true',30,'false',0,0,NULL,NULL,'false','false',NULL,NULL,NULL,'false','false',NULL,NULL,'false',NULL,NULL,'false',NULL,NULL,'false','false',NULL,NULL,NULL,'false','false','false','false','false','false','false','false','false','false','false','false','false','false',NULL,NULL,0,0,0,0,0,0,0,NULL,0,'true','false','false','false','false','false','false','false','false'),
 ('CITY_EVENT_AMPHITHEATER_NEW_DRAMA_CHOICE_2','TXT_KEY_CITY_EVENT_AMPHITHEATER_NEW_DRAMA_CHOICE_2','TXT_KEY_CITY_EVENT_AMPHITHEATER_NEW_DRAMA_CHOICE_2_HELP',NULL,'AS2D_EVENT_CHOICE',0,'false','true',30,'false',0,0,NULL,NULL,'false','false',NULL,NULL,NULL,'false','false',NULL,NULL,'false',NULL,NULL,'false',NULL,NULL,'false','false',NULL,NULL,NULL,'false','false','false','false','false','false','false','false','false','false','false','false','false','false',NULL,NULL,0,0,0,0,0,0,0,NULL,0,'false','false','false','false','false','false','false','false','false'),
 ('CITY_EVENT_AMPHITHEATER_NEW_DRAMA_CHOICE_3','TXT_KEY_CITY_EVENT_AMPHITHEATER_NEW_DRAMA_CHOICE_3','TXT_KEY_CITY_EVENT_AMPHITHEATER_NEW_DRAMA_CHOICE_3_HELP',NULL,'AS2D_EVENT_CHOICE',0,'false','true',30,'false',0,0,NULL,NULL,'false','false',NULL,NULL,NULL,'false','false',NULL,NULL,'false',NULL,NULL,'false',NULL,NULL,'false','false',NULL,NULL,NULL,'false','false','false','false','false','false','false','false','false','false','false','false','false','false',NULL,NULL,0,0,0,0,0,0,0,NULL,0,'false','false','false','false','false','false','false','false','false'),
 ('CITY_EVENT_AMPHITHEATER_NEW_DRAMA_CHOICE_4','TXT_KEY_CITY_EVENT_AMPHITHEATER_NEW_DRAMA_CHOICE_4','TXT_KEY_CITY_EVENT_AMPHITHEATER_NEW_DRAMA_CHOICE_4_HELP',NULL,'AS2D_EVENT_CHOICE',0,'false','true',30,'false',0,0,NULL,NULL,'false','false',NULL,NULL,NULL,'false','false',NULL,NULL,'false',NULL,NULL,'false',NULL,NULL,'true','false',NULL,NULL,NULL,'false','false','false','false','false','false','false','false','false','false','false','false','false','false',NULL,NULL,0,0,0,0,0,0,0,NULL,0,'false','false','false','false','false','false','false','false','false'),
 ('CITY_EVENT_TEMPLE_CONCERNS_CHOICE_1','TXT_KEY_CITY_EVENT_TEMPLE_CONCERNS_CHOICE_1','TXT_KEY_CITY_EVENT_TEMPLE_CONCERNS_CHOICE_1_HELP',NULL,'AS2D_EVENT_CHOICE',0,'true','false',30,'false',0,0,NULL,NULL,'true','false',NULL,NULL,NULL,'false','false',NULL,NULL,'false',NULL,NULL,'false',NULL,NULL,'false','false',NULL,NULL,NULL,'false','false','false','false','false','false','false','false','false','false','false','false','false','false',NULL,NULL,0,0,2,0,0,0,0,NULL,0,'false','false','false','false','false','false','false','false','false'),
 ('CITY_EVENT_TEMPLE_CONCERNS_CHOICE_2','TXT_KEY_CITY_EVENT_TEMPLE_CONCERNS_CHOICE_2','TXT_KEY_CITY_EVENT_TEMPLE_CONCERNS_CHOICE_2_HELP',NULL,'AS2D_EVENT_CHOICE',0,'true','false',30,'false',0,0,NULL,NULL,'false','false',NULL,NULL,NULL,'false','false',NULL,NULL,'false',NULL,NULL,'false',NULL,NULL,'false','false',NULL,NULL,NULL,'false','false','false','false','false','false','false','false','false','false','false','false','false','false',NULL,NULL,0,0,0,-1,0,0,0,NULL,0,'false','false','false','false','false','false','false','false','false'),
 ('CITY_EVENT_TEMPLE_CONCERNS_CHOICE_3','TXT_KEY_CITY_EVENT_TEMPLE_CONCERNS_CHOICE_3','TXT_KEY_CITY_EVENT_TEMPLE_CONCERNS_CHOICE_3_HELP',NULL,'AS2D_EVENT_CHOICE',50,'true','false',30,'false',0,0,NULL,NULL,'false','false',NULL,NULL,NULL,'false','false',NULL,NULL,'false',NULL,NULL,'false',NULL,NULL,'false','false',NULL,NULL,NULL,'false','false','false','false','false','false','false','false','false','false','false','false','false','false','BUILDINGCLASS_TEMPLE',NULL,0,0,0,1,0,0,0,NULL,0,'false','false','false','false','false','false','false','false','false'),
 ('CITY_EVENT_TEMPLE_CONCERNS_CHOICE_4','TXT_KEY_CITY_EVENT_TEMPLE_CONCERNS_CHOICE_4','TXT_KEY_CITY_EVENT_TEMPLE_CONCERNS_CHOICE_4_HELP',NULL,'AS2D_EVENT_CHOICE',0,'true','false',30,'false',0,0,NULL,NULL,'false','false',NULL,NULL,NULL,'false','false',NULL,NULL,'false',NULL,NULL,'false',NULL,'BUILDINGCLASS_GRAND_TEMPLE','true','false',NULL,NULL,NULL,'false','false','false','false','false','false','false','false','false','false','false','false','false','false','BUILDINGCLASS_TEMPLE','BUILDINGCLASS_GRAND_TEMPLE',0,0,0,0,0,0,0,NULL,0,'false','false','false','false','false','false','false','false','false'),
 ('CITY_EVENT_LIGHTHOUSE_CHOICE_1','TXT_KEY_CITY_EVENT_LIGHTHOUSE_CHOICE_1','TXT_KEY_CITY_EVENT_LIGHTHOUSE_CHOICE_1_HELP',NULL,'AS2D_EVENT_CHOICE',0,'true','false',30,'false',0,0,NULL,NULL,'false','false',NULL,NULL,NULL,'false','false',NULL,NULL,'false',NULL,NULL,'false',NULL,NULL,'false','false',NULL,NULL,NULL,'false','false','false','false','false','false','false','false','false','false','false','false','false','false',NULL,NULL,0,0,0,0,0,0,0,NULL,0,'false','false','false','false','false','false','false','false','false'),
 ('CITY_EVENT_LIGHTHOUSE_CHOICE_2','TXT_KEY_CITY_EVENT_LIGHTHOUSE_CHOICE_2','TXT_KEY_CITY_EVENT_LIGHTHOUSE_CHOICE_2_HELP',NULL,'AS2D_EVENT_CHOICE',0,'true','false',30,'false',0,0,NULL,NULL,'false','false',NULL,NULL,NULL,'false','false',NULL,NULL,'false',NULL,NULL,'false',NULL,NULL,'false','false',NULL,NULL,NULL,'false','false','false','false','false','false','false','false','false','false','false','false','false','false',NULL,NULL,0,0,0,0,0,0,0,NULL,0,'false','false','false','false','false','false','false','false','false'),
 ('CITY_EVENT_LIGHTHOUSE_CHOICE_3','TXT_KEY_CITY_EVENT_LIGHTHOUSE_CHOICE_3','TXT_KEY_CITY_EVENT_LIGHTHOUSE_CHOICE_3_HELP',NULL,'AS2D_EVENT_CHOICE',0,'true','false',30,'false',0,0,NULL,NULL,'false','false',NULL,NULL,NULL,'false','false',NULL,NULL,'false',NULL,NULL,'false',NULL,NULL,'false','false',NULL,NULL,NULL,'false','false','false','false','false','false','false','false','false','false','false','false','false','false','BUILDINGCLASS_LIGHTHOUSE',NULL,0,0,0,0,0,0,0,NULL,0,'false','false','false','false','false','false','false','false','false'),
 ('CITY_EVENT_HOSPITAL_OVERCROWDING_CHOICE_1','TXT_KEY_CITY_EVENT_HOSPITAL_OVERCROWDING_CHOICE_1','TXT_KEY_CITY_EVENT_HOSPITAL_OVERCROWDING_CHOICE_1_HELP',NULL,'AS2D_EVENT_CHOICE',0,'false','false',50,'true',0,0,NULL,NULL,'false','false',NULL,NULL,NULL,'false','false',NULL,NULL,'false',NULL,NULL,'false',NULL,NULL,'false','false',NULL,NULL,NULL,'false','false','false','false','false','false','false','false','false','false','false','false','false','false',NULL,NULL,0,0,0,1,0,0,0,NULL,0,'false','false','false','false','false','false','false','false','false'),
 ('CITY_EVENT_HOSPITAL_OVERCROWDING_CHOICE_2','TXT_KEY_CITY_EVENT_HOSPITAL_OVERCROWDING_CHOICE_2','TXT_KEY_CITY_EVENT_HOSPITAL_OVERCROWDING_CHOICE_2_HELP',NULL,'AS2D_EVENT_CHOICE',0,'false','false',30,'false',5,0,NULL,NULL,'false','false',NULL,NULL,NULL,'false','false',NULL,NULL,'false',NULL,NULL,'false',NULL,NULL,'false','false',NULL,NULL,NULL,'false','false','false','false','false','false','false','false','false','false','false','false','false','false',NULL,NULL,0,0,0,0,0,0,0,NULL,0,'false','false','false','false','false','false','false','false','false'),
 ('CITY_EVENT_HOSPITAL_OVERCROWDING_CHOICE_3','TXT_KEY_CITY_EVENT_HOSPITAL_OVERCROWDING_CHOICE_3','TXT_KEY_CITY_EVENT_HOSPITAL_OVERCROWDING_CHOICE_3_HELP',NULL,'AS2D_EVENT_CHOICE',0,'true','false',30,'false',0,0,NULL,NULL,'false','false',NULL,NULL,NULL,'false','false',NULL,NULL,'false',NULL,NULL,'false',NULL,NULL,'false','false',NULL,NULL,NULL,'false','false','false','false','false','false','false','false','false','false','false','false','false','false',NULL,NULL,0,0,0,-1,0,0,0,NULL,0,'false','false','false','false','false','false','false','false','false'),
 ('CITY_EVENT_HOSPITAL_OVERCROWDING_CHOICE_4','TXT_KEY_CITY_EVENT_HOSPITAL_OVERCROWDING_CHOICE_4','TXT_KEY_CITY_EVENT_HOSPITAL_OVERCROWDING_CHOICE_4_HELP',NULL,'AS2D_EVENT_CHOICE',0,'true','false',30,'false',0,0,NULL,NULL,'false','false',NULL,NULL,NULL,'false','false',NULL,NULL,'false',NULL,NULL,'false',NULL,NULL,'false','false',NULL,NULL,NULL,'false','false','false','false','false','false','false','false','false','false','false','false','false','false',NULL,NULL,0,0,0,2,0,0,0,NULL,0,'false','false','false','false','false','false','false','false','false'),
 ('CITY_EVENT_HOSPITAL_OVERCROWDING_CHOICE_5','TXT_KEY_CITY_EVENT_HOSPITAL_OVERCROWDING_CHOICE_5','TXT_KEY_CITY_EVENT_HOSPITAL_OVERCROWDING_CHOICE_5_HELP',NULL,'AS2D_EVENT_CHOICE',50,'false','false',30,'false',0,0,NULL,NULL,'false','false',NULL,NULL,NULL,'false','false',NULL,NULL,'false',NULL,NULL,'false','BUILDINGCLASS_LABORATORY',NULL,'false','false',NULL,NULL,NULL,'false','false','false','false','false','false','false','false','false','false','false','false','false','false',NULL,NULL,0,0,3,0,0,0,0,NULL,0,'false','false','false','false','false','false','false','false','false'),
 ('CITY_EVENT_STADIUM_WORLD_EVENT_CHOICE_1','TXT_KEY_CITY_EVENT_STADIUM_WORLD_EVENT_CHOICE_1','TXT_KEY_CITY_EVENT_STADIUM_WORLD_EVENT_CHOICE_1_HELP',NULL,'AS2D_EVENT_CHOICE',0,'false','false',30,'false',0,0,NULL,NULL,'false','false',NULL,NULL,NULL,'false','false',NULL,NULL,'false',NULL,NULL,'false',NULL,NULL,'false','false',NULL,NULL,NULL,'false','false','false','false','false','false','false','false','false','false','false','false','false','false',NULL,NULL,0,0,0,0,0,0,0,NULL,0,'false','false','false','false','false','false','false','false','false'),
 ('CITY_EVENT_STADIUM_LOCAL_EVENT_CHOICE_1','TXT_KEY_CITY_EVENT_STADIUM_LOCAL_EVENT_CHOICE_1','TXT_KEY_CITY_EVENT_STADIUM_LOCAL_EVENT_CHOICE_1_HELP',NULL,'AS2D_EVENT_CHOICE',0,'false','false',30,'false',0,0,NULL,NULL,'false','false',NULL,NULL,NULL,'false','false',NULL,NULL,'false',NULL,NULL,'false',NULL,NULL,'false','false',NULL,'TERRAIN_SNOW',NULL,'false','false','false','false','false','false','false','false','false','false','false','false','false','true',NULL,NULL,0,10,0,0,0,0,0,NULL,0,'false','false','false','false','false','false','false','false','false'),
 ('CITY_EVENT_STADIUM_LOCAL_EVENT_CHOICE_2','TXT_KEY_CITY_EVENT_STADIUM_LOCAL_EVENT_CHOICE_2','TXT_KEY_CITY_EVENT_STADIUM_LOCAL_EVENT_CHOICE_2_HELP',NULL,'AS2D_EVENT_CHOICE',0,'false','false',30,'false',0,0,NULL,NULL,'false','false',NULL,NULL,NULL,'false','false',NULL,NULL,'false',NULL,NULL,'false',NULL,NULL,'false','false',NULL,NULL,NULL,'false','false','false','false','true','false','false','false','false','false','false','false','false','false',NULL,NULL,0,0,0,0,0,0,0,NULL,0,'false','false','false','false','false','false','false','false','false'),
 ('CITY_EVENT_STADIUM_LOCAL_EVENT_CHOICE_3','TXT_KEY_CITY_EVENT_STADIUM_LOCAL_EVENT_CHOICE_3','TXT_KEY_CITY_EVENT_STADIUM_LOCAL_EVENT_CHOICE_3_HELP',NULL,'AS2D_EVENT_CHOICE',0,'false','false',30,'false',0,0,NULL,NULL,'false','false',NULL,NULL,NULL,'false','false',NULL,NULL,'false',NULL,NULL,'false',NULL,NULL,'false','false',NULL,NULL,NULL,'false','false','false','false','false','false','false','false','false','false','false','false','false','false',NULL,NULL,0,0,0,0,0,0,0,NULL,0,'false','false','false','false','false','false','false','false','false'),
 ('CITY_EVENT_STADIUM_LOCAL_EVENT_CHOICE_4','TXT_KEY_CITY_EVENT_STADIUM_LOCAL_EVENT_CHOICE_4','TXT_KEY_CITY_EVENT_STADIUM_LOCAL_EVENT_CHOICE_4_HELP',NULL,'AS2D_EVENT_CHOICE',0,'false','false',30,'false',0,0,NULL,NULL,'false','false',NULL,NULL,NULL,'false','false',NULL,NULL,'false',NULL,NULL,'false',NULL,NULL,'false','false',NULL,NULL,NULL,'false','false','false','false','false','false','false','false','false','false','false','false','false','false',NULL,NULL,0,0,0,0,0,0,0,NULL,0,'false','false','false','false','false','false','false','false','false'),
 ('CITY_EVENT_STADIUM_LOCAL_EVENT_CHOICE_5','TXT_KEY_CITY_EVENT_STADIUM_LOCAL_EVENT_CHOICE_5','TXT_KEY_CITY_EVENT_STADIUM_LOCAL_EVENT_CHOICE_5_HELP',NULL,'AS2D_EVENT_CHOICE',0,'false','false',30,'false',0,0,NULL,NULL,'false','false',NULL,NULL,NULL,'false','false',NULL,NULL,'false',NULL,NULL,'false',NULL,NULL,'false','false',NULL,NULL,NULL,'false','false','false','false','false','false','false','false','false','false','false','false','false','false',NULL,NULL,0,0,0,0,0,0,0,NULL,0,'false','false','false','false','false','false','false','false','false'),
 ('CITY_EVENT_NUCLEAR_MELTDOWN_CHOICE_1','TXT_KEY_CITY_EVENT_NUCLEAR_MELTDOWN_CHOICE_1','TXT_KEY_CITY_EVENT_NUCLEAR_MELTDOWN_CHOICE_1_HELP',NULL,'AS2D_EVENT_CHOICE',0,'false','false',30,'false',15,0,NULL,NULL,'false','false',NULL,NULL,NULL,'false','false',NULL,NULL,'false',NULL,NULL,'false',NULL,NULL,'false','false',NULL,NULL,NULL,'false','false','false','false','false','false','false','false','false','false','false','false','false','false','BUILDINGCLASS_NUCLEAR_PLANT',NULL,15,0,3,0,0,0,0,NULL,0,'false','false','false','false','false','false','false','false','false'),
 ('CITY_EVENT_MINE_COLLAPSE_CHOICE_1','TXT_KEY_CITY_EVENT_MINE_COLLAPSE_CHOICE_1','TXT_KEY_CITY_EVENT_MINE_COLLAPSE_CHOICE_1_HELP',NULL,'AS2D_EVENT_CHOICE',0,'false','false',30,'false',0,0,NULL,NULL,'false','false',NULL,NULL,NULL,'false','false',NULL,NULL,'false',NULL,NULL,'false',NULL,NULL,'false','false',NULL,NULL,NULL,'false','false','false','false','false','false','false','false','false','false','false','false','false','false',NULL,NULL,0,0,0,0,0,0,0,NULL,0,'false','false','false','false','false','false','false','false','false'),
 ('CITY_EVENT_MINE_COLLAPSE_CHOICE_2','TXT_KEY_CITY_EVENT_MINE_COLLAPSE_CHOICE_2','TXT_KEY_CITY_EVENT_MINE_COLLAPSE_CHOICE_2_HELP',NULL,'AS2D_EVENT_CHOICE',0,'false','true',30,'false',0,0,NULL,NULL,'false','false',NULL,NULL,NULL,'false','false',NULL,NULL,'false',NULL,NULL,'false',NULL,NULL,'false','false',NULL,NULL,NULL,'false','false','false','false','false','false','false','false','false','false','false','false','false','false',NULL,NULL,0,0,0,0,0,0,0,NULL,0,'false','false','false','false','false','false','false','false','false'),
 ('CITY_EVENT_MINE_COLLAPSE_CHOICE_3','TXT_KEY_CITY_EVENT_MINE_COLLAPSE_CHOICE_3','TXT_KEY_CITY_EVENT_MINE_COLLAPSE_CHOICE_3_HELP',NULL,'AS2D_EVENT_CHOICE',0,'false','true',30,'false',0,0,NULL,NULL,'false','false',NULL,NULL,NULL,'false','false','TECH_RADAR',NULL,'false',NULL,NULL,'false',NULL,NULL,'false','false',NULL,NULL,NULL,'false','false','false','false','false','false','false','false','false','false','false','false','false','false',NULL,NULL,0,0,0,0,0,0,0,NULL,0,'false','false','false','false','false','false','false','false','false'),
 ('CITY_EVENT_FOREST_FIRE_CHOICE_1','TXT_KEY_CITY_EVENT_FOREST_FIRE_CHOICE_1','TXT_KEY_CITY_EVENT_FOREST_FIRE_CHOICE_1_HELP',NULL,'AS2D_EVENT_CHOICE',0,'false','false',30,'false',0,0,NULL,NULL,'false','false',NULL,NULL,NULL,'false','false',NULL,NULL,'false',NULL,NULL,'false',NULL,NULL,'false','false',NULL,NULL,NULL,'false','false','false','false','false','false','false','false','false','false','false','false','false','false',NULL,NULL,0,0,0,0,0,0,0,NULL,0,'false','false','false','false','false','false','false','false','false'),
 ('CITY_EVENT_FOREST_FIRE_CHOICE_2','TXT_KEY_CITY_EVENT_FOREST_FIRE_CHOICE_2','TXT_KEY_CITY_EVENT_FOREST_FIRE_CHOICE_2_HELP',NULL,'AS2D_EVENT_CHOICE',0,'false','true',30,'false',0,0,NULL,NULL,'false','false',NULL,NULL,NULL,'false','false',NULL,NULL,'false',NULL,NULL,'false',NULL,NULL,'false','false',NULL,NULL,NULL,'false','false','false','false','false','false','false','false','false','false','false','false','false','false',NULL,NULL,0,0,0,0,0,0,0,NULL,0,'false','false','false','false','false','false','false','false','false'),
 ('CITY_EVENT_FOREST_FIRE_CHOICE_3','TXT_KEY_CITY_EVENT_FOREST_FIRE_CHOICE_3','TXT_KEY_CITY_EVENT_FOREST_FIRE_CHOICE_3_HELP',NULL,'AS2D_EVENT_CHOICE',0,'false','true',30,'false',0,0,NULL,NULL,'false','false',NULL,NULL,NULL,'false','false','TECH_FLIGHT',NULL,'false',NULL,NULL,'false',NULL,NULL,'false','false',NULL,NULL,NULL,'false','false','false','false','false','false','false','false','false','false','false','false','false','false',NULL,NULL,0,0,0,0,0,0,0,NULL,0,'false','false','false','false','false','false','false','false','false'),
 ('CITY_EVENT_AVALANCHE_CHOICE_1','TXT_KEY_CITY_EVENT_AVALANCHE_CHOICE_1','TXT_KEY_CITY_EVENT_AVALANCHE_CHOICE_1_HELP',NULL,'AS2D_EVENT_CHOICE',0,'false','false',30,'false',0,0,NULL,NULL,'false','false',NULL,NULL,NULL,'false','false',NULL,NULL,'false',NULL,NULL,'false',NULL,NULL,'false','false',NULL,NULL,NULL,'false','false','false','false','false','false','false','false','false','false','false','false','false','false',NULL,NULL,0,0,0,0,0,0,0,NULL,0,'false','false','false','false','false','false','false','false','false'),
 ('CITY_EVENT_CORRUPTION_CHOICE_1','TXT_KEY_CITY_EVENT_CORRUPTION_CHOICE_1','TXT_KEY_CITY_EVENT_CORRUPTION_CHOICE_1_HELP',NULL,'AS2D_EVENT_CHOICE',0,'false','true',30,'true',0,0,NULL,NULL,'false','false',NULL,NULL,NULL,'false','false',NULL,NULL,'false',NULL,NULL,'false',NULL,NULL,'false','false',NULL,NULL,NULL,'false','false','false','false','false','false','false','false','false','false','false','false','false','false',NULL,NULL,0,0,0,0,0,0,0,NULL,0,'false','false','false','false','false','false','false','false','false'),
 ('CITY_EVENT_CORRUPTION_CHOICE_2','TXT_KEY_CITY_EVENT_CORRUPTION_CHOICE_2','TXT_KEY_CITY_EVENT_CORRUPTION_CHOICE_2_HELP',NULL,'AS2D_EVENT_CHOICE',0,'false','true',30,'true',0,0,NULL,NULL,'false','false',NULL,NULL,NULL,'false','false',NULL,NULL,'false',NULL,NULL,'false',NULL,NULL,'false','false',NULL,NULL,NULL,'false','false','false','false','false','false','false','false','false','false','false','false','false','false',NULL,NULL,0,0,0,0,0,0,0,NULL,0,'false','false','false','false','false','false','false','false','false'),
 ('CITY_EVENT_CORRUPTION_CHOICE_3','TXT_KEY_CITY_EVENT_CORRUPTION_CHOICE_3','TXT_KEY_CITY_EVENT_CORRUPTION_CHOICE_3_HELP',NULL,'AS2D_EVENT_CHOICE',0,'false','true',30,'true',0,0,NULL,NULL,'false','false',NULL,NULL,NULL,'false','false',NULL,NULL,'false',NULL,NULL,'false',NULL,NULL,'false','false',NULL,NULL,NULL,'false','false','false','false','false','false','false','false','false','false','false','false','false','false',NULL,NULL,0,0,0,0,0,0,0,NULL,0,'false','false','false','false','false','false','false','false','false'),
 ('CITY_EVENT_CORRUPTION_CHOICE_4','TXT_KEY_CITY_EVENT_CORRUPTION_CHOICE_4','TXT_KEY_CITY_EVENT_CORRUPTION_CHOICE_4_HELP',NULL,'AS2D_EVENT_CHOICE',0,'false','true',30,'true',0,0,NULL,NULL,'false','false',NULL,NULL,NULL,'false','false',NULL,NULL,'false',NULL,NULL,'false',NULL,NULL,'false','false',NULL,NULL,NULL,'false','false','false','false','false','false','false','false','false','false','false','false','false','false',NULL,NULL,0,0,0,-2,0,0,0,NULL,0,'false','false','false','false','false','false','false','false','false'),
 ('CITY_EVENT_CORRUPTION_FOOD_SPOILED_CHOICE_1','TXT_KEY_CITY_EVENT_CORRUPTION_FOOD_SPOILED_CHOICE_1','TXT_KEY_CITY_EVENT_CORRUPTION_FOOD_SPOILED_CHOICE_1_HELP',NULL,'AS2D_EVENT_CHOICE',0,'false','true',30,'false',0,0,NULL,NULL,'false','false',NULL,NULL,NULL,'false','false',NULL,NULL,'false',NULL,NULL,'false',NULL,NULL,'false','false',NULL,NULL,NULL,'false','false','false','false','false','false','false','false','false','false','false','false','false','false',NULL,NULL,0,0,0,0,0,0,0,NULL,0,'false','false','false','false','false','false','false','false','false'),
 ('CITY_EVENT_CORRUPTION_BANDITS_CHOICE_1','TXT_KEY_CITY_EVENT_CORRUPTION_BANDITS_CHOICE_1','TXT_KEY_CITY_EVENT_CORRUPTION_BANDITS_CHOICE_1_HELP',NULL,'AS2D_EVENT_CHOICE',0,'false','true',30,'false',0,0,NULL,NULL,'false','false',NULL,NULL,NULL,'false','false',NULL,NULL,'false',NULL,NULL,'false',NULL,NULL,'false','false',NULL,NULL,NULL,'false','false','false','false','false','false','false','false','false','false','false','false','false','false',NULL,NULL,0,0,0,0,0,0,0,NULL,0,'false','false','false','false','false','false','false','false','false'),
 ('CITY_EVENT_GOOD_HARVEST_CHOICE_1','TXT_KEY_CITY_EVENT_GOOD_HARVEST_CHOICE_1','TXT_KEY_CITY_EVENT_GOOD_HARVEST_CHOICE_1_HELP',NULL,'AS2D_EVENT_CHOICE',0,'false','true',30,'false',0,0,NULL,NULL,'false','false',NULL,NULL,NULL,'false','false',NULL,NULL,'false',NULL,NULL,'false',NULL,NULL,'false','false',NULL,NULL,NULL,'false','false','false','false','false','false','false','false','false','false','false','false','false','false',NULL,NULL,0,0,0,0,0,0,0,NULL,0,'false','false','false','false','false','false','false','false','false'),
 ('CITY_EVENT_MARKET_DAY_CHOICE_1','TXT_KEY_CITY_EVENT_MARKET_DAY_CHOICE_1','TXT_KEY_CITY_EVENT_MARKET_DAY_CHOICE_1_HELP',NULL,'AS2D_EVENT_CHOICE',0,'false','false',30,'true',0,0,NULL,NULL,'false','false',NULL,NULL,NULL,'false','false',NULL,NULL,'false',NULL,NULL,'false',NULL,NULL,'false','false',NULL,NULL,NULL,'false','false','false','false','false','false','false','false','false','false','false','false','false','false',NULL,NULL,0,0,0,0,0,0,0,NULL,0,'false','false','false','false','false','false','false','false','false'),
 ('CITY_EVENT_VOLCANO_CHOICE_1','TXT_KEY_CITY_EVENT_VOLCANO_CHOICE_1','TXT_KEY_CITY_EVENT_VOLCANO_CHOICE_1_HELP',NULL,'AS2D_EVENT_CHOICE',0,'false','false',30,'false',0,0,NULL,NULL,'false','false',NULL,NULL,NULL,'false','false',NULL,NULL,'false',NULL,NULL,'false',NULL,NULL,'false','false',NULL,NULL,NULL,'false','false','false','false','false','false','false','false','false','false','false','false','false','false',NULL,NULL,10,0,0,0,0,0,0,NULL,0,'false','false','false','false','false','false','false','false','false'),
 ('CITY_EVENT_VOLCANO_SPECIAL_CHOICE_1','TXT_KEY_CITY_EVENT_VOLCANO_SPECIAL_CHOICE_1','TXT_KEY_CITY_EVENT_VOLCANO_SPECIAL_CHOICE_1_HELP',NULL,'AS2D_EVENT_CHOICE',0,'false','false',30,'false',0,0,NULL,NULL,'false','false',NULL,NULL,NULL,'false','false',NULL,NULL,'false',NULL,NULL,'false',NULL,NULL,'false','false',NULL,NULL,NULL,'false','false','false','false','false','false','false','false','false','false','false','false','false','false',NULL,NULL,12,0,0,0,0,0,0,NULL,0,'false','false','false','false','false','false','false','false','false'),
 ('CITY_EVENT_HOTEL_ESTABLISHED_CHOICE_1','TXT_KEY_CITY_EVENT_HOTEL_ESTABLISHED_CHOICE_1','TXT_KEY_CITY_EVENT_HOTEL_ESTABLISHED_CHOICE_1_HELP',NULL,'AS2D_EVENT_CHOICE',0,'true','false',30,'false',0,0,NULL,NULL,'false','false',NULL,NULL,NULL,'false','false',NULL,NULL,'false',NULL,NULL,'false',NULL,NULL,'false','false',NULL,NULL,NULL,'false','false','false','false','false','false','false','false','false','false','false','false','false','false',NULL,'BUILDINGCLASS_HOTEL',0,0,0,0,0,0,0,NULL,0,'false','false','false','false','false','false','false','false','false'),
 ('CITY_EVENT_PESTILENCE_CHOICE_1','TXT_KEY_CITY_EVENT_PESTILENCE_CHOICE_1','TXT_KEY_CITY_EVENT_PESTILENCE_CHOICE_1_HELP',NULL,'AS2D_EVENT_CHOICE',0,'false','false',30,'false',0,0,NULL,NULL,'false','false',NULL,NULL,NULL,'false','false',NULL,NULL,'false',NULL,NULL,'false',NULL,NULL,'false','false',NULL,NULL,NULL,'false','false','false','false','false','false','false','false','false','false','false','false','false','false',NULL,NULL,0,0,0,0,0,0,0,NULL,0,'false','false','false','false','false','false','false','false','false'),
 ('CITY_EVENT_PESTILENCE_CHOICE_2','TXT_KEY_CITY_EVENT_PESTILENCE_CHOICE_2','TXT_KEY_CITY_EVENT_PESTILENCE_CHOICE_2_HELP',NULL,'AS2D_EVENT_CHOICE',0,'false','true',30,'false',0,0,NULL,NULL,'false','false',NULL,NULL,NULL,'false','false',NULL,NULL,'false',NULL,NULL,'false',NULL,NULL,'false','false',NULL,NULL,NULL,'false','false','false','false','false','false','false','false','false','false','false','false','false','false',NULL,NULL,0,0,0,0,0,0,0,NULL,0,'false','false','false','false','false','false','false','false','false'),
 ('CITY_EVENT_PESTILENCE_CHOICE_3','TXT_KEY_CITY_EVENT_PESTILENCE_CHOICE_3','TXT_KEY_CITY_EVENT_PESTILENCE_CHOICE_3_HELP',NULL,'AS2D_EVENT_CHOICE',0,'false','true',-1,'false',0,0,NULL,NULL,'false','false',NULL,NULL,NULL,'false','false','TECH_PENICILIN',NULL,'false',NULL,NULL,'false',NULL,NULL,'false','false',NULL,NULL,NULL,'false','false','false','false','false','false','false','false','false','false','false','false','false','false',NULL,NULL,0,0,0,0,0,0,0,NULL,0,'false','false','false','false','false','false','false','false','false'),
 ('CITY_EVENT_FLOODING_CHOICE_1','TXT_KEY_CITY_EVENT_FLOODING_CHOICE_1','TXT_KEY_CITY_EVENT_FLOODING_CHOICE_1_HELP',NULL,'AS2D_EVENT_CHOICE',0,'false','false',30,'false',0,0,NULL,NULL,'false','false',NULL,NULL,NULL,'false','false',NULL,NULL,'false',NULL,NULL,'false',NULL,NULL,'false','false',NULL,NULL,NULL,'false','false','false','false','false','false','false','false','false','false','false','false','false','false',NULL,NULL,5,0,0,0,0,0,0,NULL,0,'false','false','false','false','false','false','false','false','false'),
 ('CITY_EVENT_FLOODING_CHOICE_2','TXT_KEY_CITY_EVENT_FLOODING_CHOICE_2','TXT_KEY_CITY_EVENT_FLOODING_CHOICE_2_HELP',NULL,'AS2D_EVENT_CHOICE',0,'false','true',30,'false',0,0,NULL,NULL,'false','false',NULL,NULL,NULL,'false','false',NULL,NULL,'false',NULL,NULL,'false',NULL,NULL,'false','false',NULL,NULL,NULL,'false','false','false','false','false','false','false','false','false','false','false','false','false','false',NULL,NULL,2,0,0,0,0,0,0,NULL,0,'false','false','false','false','false','false','false','false','false'),
 ('CITY_EVENT_FLOODING_CHOICE_3','TXT_KEY_CITY_EVENT_FLOODING_CHOICE_3','TXT_KEY_CITY_EVENT_FLOODING_CHOICE_3_HELP',NULL,'AS2D_EVENT_CHOICE',0,'false','true',-1,'false',0,0,NULL,NULL,'false','false',NULL,NULL,NULL,'false','false','TECH_COMPUTERS',NULL,'false',NULL,NULL,'false','BUILDINGCLASS_HYDRO_PLANT',NULL,'false','false',NULL,NULL,NULL,'false','false','false','false','false','false','false','false','false','false','false','false','false','false',NULL,NULL,0,0,0,0,0,0,0,NULL,0,'false','false','false','false','false','false','false','false','false'),
 ('CITY_EVENT_HURRICANE_CHOICE_1','TXT_KEY_CITY_EVENT_HURRICANE_CHOICE_1','TXT_KEY_CITY_EVENT_HURRICANE_CHOICE_1_HELP',NULL,'AS2D_EVENT_CHOICE',33,'false','false',30,'false',0,0,NULL,'ERA_MODERN','false','false',NULL,NULL,NULL,'false','false',NULL,NULL,'false',NULL,NULL,'false',NULL,NULL,'false','false',NULL,NULL,NULL,'false','false','false','false','false','false','false','false','false','false','false','false','false','false',NULL,NULL,4,0,1,0,0,0,0,NULL,0,'false','false','false','false','false','false','false','false','false'),
 ('CITY_EVENT_HURRICANE_CHOICE_2','TXT_KEY_CITY_EVENT_HURRICANE_CHOICE_2','TXT_KEY_CITY_EVENT_HURRICANE_CHOICE_2_HELP',NULL,'AS2D_EVENT_CHOICE',33,'false','false',30,'false',0,0,NULL,NULL,'false','false',NULL,NULL,NULL,'false','false',NULL,NULL,'false',NULL,NULL,'false',NULL,NULL,'false','false',NULL,NULL,NULL,'false','false','false','false','false','false','false','false','false','false','false','false','false','false',NULL,NULL,18,0,1,0,0,0,0,NULL,0,'false','false','false','false','false','false','false','false','false'),
 ('CITY_EVENT_HURRICANE_CHOICE_3','TXT_KEY_CITY_EVENT_HURRICANE_CHOICE_3','TXT_KEY_CITY_EVENT_HURRICANE_CHOICE_3_HELP',NULL,'AS2D_EVENT_CHOICE',33,'false','false',30,'false',0,0,NULL,NULL,'false','false',NULL,NULL,NULL,'false','false',NULL,NULL,'false',NULL,NULL,'false',NULL,NULL,'false','false',NULL,NULL,NULL,'false','false','true','false','false','false','false','false','false','false','false','false','false','false',NULL,NULL,8,0,1,0,0,0,0,NULL,0,'false','false','false','false','false','false','false','false','false'),
 ('CITY_EVENT_HURRICANE_CHOICE_4','TXT_KEY_CITY_EVENT_HURRICANE_CHOICE_4','TXT_KEY_CITY_EVENT_HURRICANE_CHOICE_4_HELP',NULL,'AS2D_EVENT_CHOICE',33,'false','false',30,'false',0,0,NULL,NULL,'false','false',NULL,NULL,NULL,'false','false',NULL,NULL,'false',NULL,NULL,'false',NULL,NULL,'false','false',NULL,NULL,NULL,'false','false','true','false','false','false','false','false','false','false','false','false','false','false',NULL,NULL,14,0,1,0,0,0,0,NULL,0,'false','false','false','false','false','false','false','false','false'),
 ('CITY_EVENT_HURRICANE_CHOICE_5','TXT_KEY_CITY_EVENT_HURRICANE_CHOICE_5','TXT_KEY_CITY_EVENT_HURRICANE_CHOICE_5_HELP',NULL,'AS2D_EVENT_CHOICE',33,'false','false',30,'false',0,0,NULL,'ERA_INDUSTRIAL','false','false',NULL,NULL,NULL,'false','false',NULL,NULL,'false',NULL,NULL,'false',NULL,NULL,'false','false',NULL,NULL,NULL,'false','false','false','false','false','true','false','false','false','false','false','false','false','false',NULL,NULL,10,0,1,0,0,0,0,NULL,0,'false','false','false','false','false','false','false','false','false'),
 ('CITY_EVENT_PLAGUE_CHOICE_1','TXT_KEY_CITY_EVENT_PLAGUE_CHOICE_1','TXT_KEY_CITY_EVENT_PLAGUE_CHOICE_1_HELP',NULL,'AS2D_EVENT_CHOICE',0,'false','false',20,'true',0,0,NULL,NULL,'false','false',NULL,NULL,NULL,'false','false',NULL,NULL,'false',NULL,NULL,'false',NULL,NULL,'false','false',NULL,NULL,NULL,'false','false','false','false','false','false','false','false','false','false','false','false','false','false',NULL,NULL,0,0,0,0,0,0,0,NULL,0,'false','false','false','false','false','false','false','false','false'),
 ('CITY_EVENT_WANDERER_CHOICE_1','TXT_KEY_CITY_EVENT_WANDERER_CHOICE_1','TXT_KEY_CITY_EVENT_WANDERER_CHOICE_1_HELP',NULL,'AS2D_EVENT_CHOICE',0,'false','true',30,'false',0,0,NULL,NULL,'false','false',NULL,NULL,NULL,'false','false',NULL,NULL,'false',NULL,NULL,'false',NULL,NULL,'false','false',NULL,NULL,NULL,'false','false','false','false','false','false','false','false','false','false','false','false','false','false',NULL,NULL,0,0,0,0,0,0,0,NULL,0,'false','false','false','false','false','false','false','false','false'),
 ('CITY_EVENT_WANDERER_CHOICE_2','TXT_KEY_CITY_EVENT_WANDERER_CHOICE_2','TXT_KEY_CITY_EVENT_WANDERER_CHOICE_2_HELP',NULL,'AS2D_EVENT_CHOICE',0,'false','true',30,'false',0,0,NULL,NULL,'false','false',NULL,NULL,NULL,'false','false',NULL,NULL,'false',NULL,NULL,'false',NULL,NULL,'false','false',NULL,NULL,NULL,'false','false','false','false','false','false','false','false','false','false','false','false','false','false',NULL,NULL,0,0,0,0,0,0,0,NULL,0,'false','false','false','false','false','false','false','false','false'),
 ('CITY_EVENT_WANDERER_CHOICE_3','TXT_KEY_CITY_EVENT_WANDERER_CHOICE_3','TXT_KEY_CITY_EVENT_WANDERER_CHOICE_3_HELP',NULL,'AS2D_EVENT_CHOICE',0,'false','true',30,'false',0,0,NULL,NULL,'false','false',NULL,NULL,NULL,'false','false',NULL,NULL,'false',NULL,NULL,'false',NULL,NULL,'false','false',NULL,NULL,NULL,'false','false','false','false','false','false','false','false','false','false','false','false','false','false',NULL,NULL,0,0,0,0,0,0,0,NULL,0,'false','false','false','false','false','false','false','false','false'),
 ('CITY_EVENT_WANDERER_CHOICE_4','TXT_KEY_CITY_EVENT_WANDERER_CHOICE_4','TXT_KEY_CITY_EVENT_WANDERER_CHOICE_4_HELP',NULL,'AS2D_EVENT_CHOICE',0,'false','true',30,'false',0,0,NULL,NULL,'false','false',NULL,NULL,NULL,'false','false',NULL,NULL,'false',NULL,NULL,'false',NULL,NULL,'false','false',NULL,NULL,NULL,'false','false','false','false','false','false','false','false','false','false','false','false','false','false',NULL,NULL,0,0,0,0,0,0,0,NULL,0,'false','false','false','false','false','false','false','false','false'),
 ('CITY_EVENT_NOMADS_CHOICE_1','TXT_KEY_CITY_EVENT_NOMADS_CHOICE_1','TXT_KEY_CITY_EVENT_NOMADS_CHOICE_1_HELP',NULL,'AS2D_EVENT_CHOICE',0,'false','true',30,'false',0,0,NULL,NULL,'false','false',NULL,NULL,NULL,'false','false',NULL,NULL,'false',NULL,NULL,'false',NULL,NULL,'false','false',NULL,NULL,NULL,'false','false','false','false','false','false','false','false','false','false','false','false','false','false',NULL,NULL,0,0,0,0,0,0,0,NULL,0,'false','false','false','false','false','false','false','false','false'),
 ('CITY_EVENT_NOMADS_CHOICE_2','TXT_KEY_CITY_EVENT_NOMADS_CHOICE_2','TXT_KEY_CITY_EVENT_NOMADS_CHOICE_2_HELP',NULL,'AS2D_EVENT_CHOICE',50,'false','true',30,'false',0,0,NULL,NULL,'false','false',NULL,NULL,NULL,'false','false',NULL,NULL,'false',NULL,NULL,'false',NULL,NULL,'false','false',NULL,NULL,NULL,'false','false','false','false','false','false','false','false','false','false','false','false','false','false',NULL,NULL,0,0,0,0,2,0,0,NULL,0,'false','false','false','false','false','false','false','false','false'),
 ('CITY_EVENT_NOMADS_CHOICE_3','TXT_KEY_CITY_EVENT_NOMADS_CHOICE_3','TXT_KEY_CITY_EVENT_NOMADS_CHOICE_3_HELP',NULL,'AS2D_EVENT_CHOICE',0,'false','true',30,'false',0,0,NULL,NULL,'false','false',NULL,NULL,NULL,'false','false',NULL,NULL,'false',NULL,NULL,'false',NULL,NULL,'false','false',NULL,NULL,NULL,'false','false','false','false','false','false','false','false','false','false','false','false','false','false',NULL,NULL,0,0,0,0,0,0,0,NULL,1,'false','false','false','false','false','false','false','false','false'),
 ('CITY_EVENT_NOMADS_CHOICE_4','TXT_KEY_CITY_EVENT_NOMADS_CHOICE_4','TXT_KEY_CITY_EVENT_NOMADS_CHOICE_4_HELP',NULL,'AS2D_EVENT_CHOICE',0,'false','true',30,'false',0,0,NULL,NULL,'false','false',NULL,NULL,NULL,'false','false',NULL,NULL,'false',NULL,NULL,'false',NULL,NULL,'false','false',NULL,NULL,NULL,'false','false','false','false','false','false','false','false','false','false','false','false','false','false',NULL,NULL,0,0,0,0,0,0,0,NULL,0,'false','false','false','false','false','false','false','false','false'),
 ('CITY_EVENT_OCCUPIED_REBELS_CHOICE_1','TXT_KEY_CITY_EVENT_OCCUPIED_REBELS_CHOICE_1','TXT_KEY_CITY_EVENT_OCCUPIED_REBELS_CHOICE_1_HELP',NULL,'AS2D_EVENT_CHOICE',0,'false','false',-1,'false',0,0,NULL,NULL,'false','false',NULL,NULL,NULL,'false','false',NULL,NULL,'false',NULL,NULL,'false',NULL,NULL,'false','false',NULL,NULL,NULL,'false','false','false','false','false','false','false','false','false','false','true','false','false','false',NULL,NULL,0,0,0,0,0,0,0,NULL,0,'false','false','false','false','false','false','false','false','false'),
 ('CITY_EVENT_OCCUPIED_REBELS_CHOICE_2','TXT_KEY_CITY_EVENT_OCCUPIED_REBELS_CHOICE_2','TXT_KEY_CITY_EVENT_OCCUPIED_REBELS_CHOICE_2_HELP',NULL,'AS2D_EVENT_CHOICE',0,'false','false',-1,'false',0,0,NULL,NULL,'false','false',NULL,NULL,NULL,'false','false',NULL,NULL,'false',NULL,NULL,'false',NULL,NULL,'false','false',NULL,NULL,NULL,'false','false','false','false','false','false','false','false','false','false','false','false','false','false',NULL,NULL,0,0,3,0,4,0,0,NULL,0,'false','false','false','false','false','false','false','false','false'),
 ('CITY_EVENT_OCCUPIED_REBELS_CHOICE_3','TXT_KEY_CITY_EVENT_OCCUPIED_REBELS_CHOICE_3','TXT_KEY_CITY_EVENT_OCCUPIED_REBELS_CHOICE_3_HELP',NULL,'AS2D_EVENT_CHOICE',0,'false','false',-1,'false',0,0,NULL,NULL,'false','false',NULL,NULL,NULL,'false','false',NULL,NULL,'false',NULL,NULL,'false',NULL,NULL,'false','false',NULL,NULL,NULL,'false','false','false','false','false','false','false','false','false','false','false','false','false','false',NULL,NULL,15,0,0,0,0,0,0,NULL,0,'false','false','false','false','false','false','false','false','false');

INSERT INTO CityEvent_EventLinks (CityEventType,Event,EventChoice,CityEventLinker,CityEventChoice,CheckKnownPlayers,CheckOnlyEventCity,CheckForActive) VALUES ('CITY_EVENT_DROUGHT',NULL,'PLAYER_EVENT_HEAT_WAVE_CHOICE_2',NULL,NULL,'false','false','true'),
 ('CITY_EVENT_DROUGHT_SEVERE',NULL,'PLAYER_EVENT_HEAT_WAVE_CHOICE_3',NULL,NULL,'false','false','true'),
 ('CITY_EVENT_DROUGHT_CRITICAL',NULL,'PLAYER_EVENT_HEAT_WAVE_CHOICE_4',NULL,NULL,'false','false','true'),
 ('CITY_EVENT_ICE_AGE_EXPOSURE','PLAYER_EVENT_ICE_AGE',NULL,NULL,'CITY_EVENT_ICE_AGE_EXPOSURE_CHOICE_1','false','true','true'),
 ('CITY_EVENT_ICE_AGE_NO_FUEL','PLAYER_EVENT_ICE_AGE',NULL,NULL,'CITY_EVENT_ICE_AGE_NO_FUEL_CHOICE_1','false','true','true'),
 ('CITY_EVENT_ICE_AGE_FROZEN_WATER','PLAYER_EVENT_ICE_AGE',NULL,NULL,'CITY_EVENT_ICE_AGE_FROZEN_WATER_CHOICE_1','false','true','true'),
 ('CITY_EVENT_ICE_AGE_BITTER_WINDS','PLAYER_EVENT_ICE_AGE',NULL,NULL,'CITY_EVENT_ICE_AGE_BITTER_WINDS_CHOICE_1','false','true','true'),
 ('CITY_EVENT_STADIUM_WORLD_EVENT',NULL,'PLAYER_EVENT_STADIUM_WORLD_EVENT_CHOICE_1',NULL,NULL,'false','false','true'),
 ('CITY_EVENT_PLAGUE','PLAYER_EVENT_PLAGUE',NULL,NULL,NULL,'false','false','true'),
 ('CITY_EVENT_STONE_WORKS_DISCOVERY',NULL,NULL,'CITY_EVENT_STONE_WORKS_DISCOVERY',NULL,'false','false','false'),
 ('CITY_EVENT_FISHING_EXPEDITION',NULL,NULL,'CITY_EVENT_FISHING_EXPEDITION',NULL,'false','false','false'),
 ('CITY_EVENT_FISHING_EXPEDITION',NULL,NULL,'CITY_EVENT_ICE_AGE_FROZEN_WATER',NULL,'false','true','false'),
 ('CITY_EVENT_AMPHITHEATER_NEW_DRAMA',NULL,NULL,'CITY_EVENT_AMPHITHEATER_NEW_DRAMA',NULL,'false','false','false'),
 ('CITY_EVENT_TEMPLE_CONCERNS',NULL,NULL,'CITY_EVENT_TEMPLE_CONCERNS',NULL,'false','false','false'),
 ('CITY_EVENT_LIGHTHOUSE',NULL,NULL,'CITY_EVENT_LIGHTHOUSE',NULL,'false','false','false'),
 ('CITY_EVENT_LIGHTHOUSE',NULL,NULL,'CITY_EVENT_ICE_AGE_FROZEN_WATER',NULL,'false','true','false'),
 ('CITY_EVENT_HOSPITAL_OVERCROWDING',NULL,NULL,'CITY_EVENT_HOSPITAL_OVERCROWDING',NULL,'false','false','false'),
 ('CITY_EVENT_MINE_COLLAPSE',NULL,NULL,'CITY_EVENT_AVALANCHE',NULL,'false','true','false'),
 ('CITY_EVENT_AVALANCHE',NULL,NULL,'CITY_EVENT_FOREST_FIRE',NULL,'false','true','false'),
 ('CITY_EVENT_FOREST_FIRE',NULL,NULL,'CITY_EVENT_MINE_COLLAPSE',NULL,'false','true','false'),
 ('CITY_EVENT_FLOODING',NULL,NULL,'CITY_EVENT_ICE_AGE_FROZEN_WATER',NULL,'false','true','false'),
 ('CITY_EVENT_FLOODING',NULL,NULL,NULL,'CITY_EVENT_FLOODING_CHOICE_3','false','true','false'),
 ('CITY_EVENT_PESTILENCE',NULL,NULL,NULL,'CITY_EVENT_PESTILENCE_CHOICE_3','false','true','false'),
 ('CITY_EVENT_WANDERER',NULL,NULL,'CITY_EVENT_WANDERER',NULL,'false','false','false'),
 ('CITY_EVENT_NOMADS',NULL,NULL,'CITY_EVENT_NOMADS',NULL,'false','false','false');

INSERT INTO CityEventChoice_Notification (CityEventChoiceType,NotificationType,Description,ShortDescription,IsWorldEvent,NeedCityCoordinates,NeedPlayerID,ExtraVariable) VALUES
 ('CITY_EVENT_FISHING_EXPEDITION_CHOICE_3','NOTIFICATION_GENERIC','TXT_KEY_CITY_EVENT_FISHING_EXPEDITION_CHOICE_3_SUCCESSFUL','TXT_KEY_CITY_EVENT_FISHING_EXPEDITION_CHOICE_3_SUCCESSFUL_S','false','true','false',-1),
 ('CITY_EVENT_AMPHITHEATER_NEW_DRAMA_CHOICE_1','NOTIFICATION_GENERIC','TXT_KEY_CITY_EVENT_AMPHITHEATER_NEW_DRAMA_CHOICE_1_SUCCESSFUL','TXT_KEY_CITY_EVENT_AMPHITHEATER_NEW_DRAMA_CHOICE_1_SUCCESSFUL_S','true','true','false',-1),
 ('CITY_EVENT_TEMPLE_CONCERNS_CHOICE_3','NOTIFICATION_GENERIC','TXT_KEY_CITY_EVENT_TEMPLE_CONCERNS_CHOICE_3_SUCCESSFUL','TXT_KEY_CITY_EVENT_TEMPLE_CONCERNS_CHOICE_3_SUCCESSFUL_S','false','true','false',-1),
 ('CITY_EVENT_HOSPITAL_OVERCROWDING_CHOICE_5','NOTIFICATION_GENERIC','TXT_KEY_CITY_EVENT_HOSPITAL_OVERCROWDING_CHOICE_5_SUCCESSFUL','TXT_KEY_CITY_EVENT_HOSPITAL_OVERCROWDING_CHOICE_5_SUCCESSFUL_S','false','true','false',-1),
 ('CITY_EVENT_HURRICANE_CHOICE_1','NOTIFICATION_GENERIC','TXT_KEY_CITY_EVENT_HURRICANE_CHOICE_1_SUCCESSFUL','TXT_KEY_CITY_EVENT_HURRICANE_SUCCESSFUL_S','true','true','false',-1),
 ('CITY_EVENT_HURRICANE_CHOICE_2','NOTIFICATION_GENERIC','TXT_KEY_CITY_EVENT_HURRICANE_CHOICE_2_SUCCESSFUL','TXT_KEY_CITY_EVENT_HURRICANE_SUCCESSFUL_S','true','true','false',-1),
 ('CITY_EVENT_HURRICANE_CHOICE_3','NOTIFICATION_GENERIC','TXT_KEY_CITY_EVENT_HURRICANE_CHOICE_3_SUCCESSFUL','TXT_KEY_CITY_EVENT_HURRICANE_SUCCESSFUL_S','true','true','false',-1),
 ('CITY_EVENT_HURRICANE_CHOICE_4','NOTIFICATION_GENERIC','TXT_KEY_CITY_EVENT_HURRICANE_CHOICE_4_SUCCESSFUL','TXT_KEY_CITY_EVENT_HURRICANE_SUCCESSFUL_S','true','true','false',-1),
 ('CITY_EVENT_HURRICANE_CHOICE_5','NOTIFICATION_GENERIC','TXT_KEY_CITY_EVENT_HURRICANE_CHOICE_5_SUCCESSFUL','TXT_KEY_CITY_EVENT_HURRICANE_SUCCESSFUL_S','true','true','false',-1),
 ('CITY_EVENT_NOMADS_CHOICE_2','NOTIFICATION_GENERIC','TXT_KEY_CITY_EVENT_NOMADS_CHOICE_2_SUCCESSFUL','TXT_KEY_CITY_EVENT_NOMADS_CHOICE_2_SUCCESSFUL_S','false','true','false',-1);

INSERT INTO CityEventChoice_MinimumStartYield (CityEventChoiceType,YieldType,Yield) VALUES ('CITY_EVENT_AMPHITHEATER_NEW_DRAMA_CHOICE_1','YIELD_GOLD',200),
 ('CITY_EVENT_TEMPLE_CONCERNS_CHOICE_4','YIELD_GOLD',500),
 ('CITY_EVENT_LIGHTHOUSE_CHOICE_2','YIELD_GOLD',50),
 ('CITY_EVENT_HURRICANE_CHOICE_1','YIELD_GOLD',1000),
 ('CITY_EVENT_HURRICANE_CHOICE_3','YIELD_GOLD',500),
 ('CITY_EVENT_HURRICANE_CHOICE_4','YIELD_GOLD',500),
 ('CITY_EVENT_HURRICANE_CHOICE_5','YIELD_GOLD',500),
 ('CITY_EVENT_OCCUPIED_REBELS_CHOICE_1','YIELD_POPULATION',6);

INSERT INTO CityEventChoice_ResourceQuantity (CityEventChoiceType,ResourceType,Quantity) VALUES ('CITY_EVENT_MINE_COLLAPSE_CHOICE_3','RESOURCE_OIL',1);

INSERT INTO CityEventChoice_InstantYield (CityEventChoiceType,YieldType,Yield) VALUES ('CITY_EVENT_STONE_WORKS_DISCOVERY_CHOICE_1','YIELD_GOLD',50),
 ('CITY_EVENT_STONE_WORKS_DISCOVERY_CHOICE_2','YIELD_FAITH',50),
 ('CITY_EVENT_STONE_WORKS_DISCOVERY_CHOICE_3','YIELD_FAITH',25),
 ('CITY_EVENT_STONE_WORKS_DISCOVERY_CHOICE_3','YIELD_CULTURE',25),
 ('CITY_EVENT_FISHING_EXPEDITION_CHOICE_1','YIELD_FOOD',200),
 ('CITY_EVENT_AMPHITHEATER_NEW_DRAMA_CHOICE_1','YIELD_TOURISM',100),
 ('CITY_EVENT_AMPHITHEATER_NEW_DRAMA_CHOICE_2','YIELD_CULTURE',100),
 ('CITY_EVENT_AMPHITHEATER_NEW_DRAMA_CHOICE_4','YIELD_FAITH',100),
 ('CITY_EVENT_TEMPLE_CONCERNS_CHOICE_1','YIELD_FAITH',100),
 ('CITY_EVENT_LIGHTHOUSE_CHOICE_3','YIELD_GOLD',100),
 ('CITY_EVENT_STADIUM_WORLD_EVENT_CHOICE_1','YIELD_GOLD',500),
 ('CITY_EVENT_STADIUM_WORLD_EVENT_CHOICE_1','YIELD_TOURISM',500),
 ('CITY_EVENT_STADIUM_LOCAL_EVENT_CHOICE_1','YIELD_GOLD',100),
 ('CITY_EVENT_STADIUM_LOCAL_EVENT_CHOICE_1','YIELD_CULTURE',75),
 ('CITY_EVENT_STADIUM_LOCAL_EVENT_CHOICE_2','YIELD_GOLD',100),
 ('CITY_EVENT_STADIUM_LOCAL_EVENT_CHOICE_2','YIELD_SCIENCE',75),
 ('CITY_EVENT_STADIUM_LOCAL_EVENT_CHOICE_3','YIELD_GOLD',200),
 ('CITY_EVENT_STADIUM_LOCAL_EVENT_CHOICE_4','YIELD_GOLD',200),
 ('CITY_EVENT_STADIUM_LOCAL_EVENT_CHOICE_5','YIELD_GOLDEN_AGE_POINTS',400),
 ('CITY_EVENT_GOOD_HARVEST_CHOICE_1','YIELD_FOOD',50),
 ('CITY_EVENT_NOMADS_CHOICE_1','YIELD_CULTURE_LOCAL',100),
 ('CITY_EVENT_NOMADS_CHOICE_4','YIELD_POPULATION',1),
 ('CITY_EVENT_HURRICANE_CHOICE_1','YIELD_POPULATION',-2),
 ('CITY_EVENT_HURRICANE_CHOICE_2','YIELD_POPULATION',-5),
 ('CITY_EVENT_HURRICANE_CHOICE_3','YIELD_POPULATION',-4),
 ('CITY_EVENT_HURRICANE_CHOICE_4','YIELD_POPULATION',-3),
 ('CITY_EVENT_HURRICANE_CHOICE_5','YIELD_POPULATION',-2),
 ('CITY_EVENT_OCCUPIED_REBELS_CHOICE_1','YIELD_POPULATION',-5);

INSERT INTO CityEventChoice_ImprovementYieldChange (CityEventChoiceType,ImprovementType,YieldType,YieldChange) VALUES ('CITY_EVENT_DROUGHT_CHOICE_1','IMPROVEMENT_FARM','YIELD_FOOD',-1),
 ('CITY_EVENT_SEVERE_DROUGHT_CHOICE_1','IMPROVEMENT_FARM','YIELD_FOOD',-1),
 ('CITY_EVENT_CRITICAL_DROUGHT_CHOICE_1','IMPROVEMENT_FARM','YIELD_FOOD',-2),
 ('CITY_EVENT_ICE_AGE_BITTER_WINDS_CHOICE_1','IMPROVEMENT_LUMBERMILL','YIELD_PRODUCTION',-1),
 ('CITY_EVENT_ICE_AGE_BITTER_WINDS_CHOICE_1','IMPROVEMENT_PASTURE','YIELD_PRODUCTION',-1),
 ('CITY_EVENT_ICE_AGE_BITTER_WINDS_CHOICE_1','IMPROVEMENT_QUARRY','YIELD_PRODUCTION',-1),
 ('CITY_EVENT_ICE_AGE_BITTER_WINDS_CHOICE_1','IMPROVEMENT_FARM','YIELD_PRODUCTION',-1),
 ('CITY_EVENT_PESTILENCE_CHOICE_3','IMPROVEMENT_FARM','YIELD_FOOD',1),
 ('CITY_EVENT_FISHING_EXPEDITION_CHOICE_2','IMPROVEMENT_FISHING_BOATS','YIELD_FOOD',4);

INSERT INTO CityEventChoice_ImprovementDestructionRandom (CityEventChoiceType,ImprovementType,Number) VALUES ('CITY_EVENT_SEVERE_DROUGHT_CHOICE_1','IMPROVEMENT_FARM',1),
 ('CITY_EVENT_CRITICAL_DROUGHT_CHOICE_1','IMPROVEMENT_FARM',2),
 ('CITY_EVENT_MINE_COLLAPSE_CHOICE_1','IMPROVEMENT_MINE',1),
 ('CITY_EVENT_FOREST_FIRE_CHOICE_1','IMPROVEMENT_LUMBERMILL',2),
 ('CITY_EVENT_AVALANCHE_CHOICE_1','IMPROVEMENT_TRADING_POST',2),
 ('CITY_EVENT_AVALANCHE_CHOICE_1','IMPROVEMENT_FARM',2),
 ('CITY_EVENT_VOLCANO_CHOICE_1','IMPROVEMENT_FARM',2),
 ('CITY_EVENT_VOLCANO_CHOICE_1','IMPROVEMENT_TRADING_POST',2),
 ('CITY_EVENT_VOLCANO_CHOICE_1','IMPROVEMENT_QUARRY',2),
 ('CITY_EVENT_VOLCANO_CHOICE_1','IMPROVEMENT_MINE',2),
 ('CITY_EVENT_VOLCANO_SPECIAL_CHOICE_1','IMPROVEMENT_FARM',2),
 ('CITY_EVENT_VOLCANO_SPECIAL_CHOICE_1','IMPROVEMENT_TRADING_POST',2),
 ('CITY_EVENT_VOLCANO_SPECIAL_CHOICE_1','IMPROVEMENT_QUARRY',2),
 ('CITY_EVENT_VOLCANO_SPECIAL_CHOICE_1','IMPROVEMENT_MINE',2),
 ('CITY_EVENT_PESTILENCE_CHOICE_1','IMPROVEMENT_FARM',2),
 ('CITY_EVENT_FLOODING_CHOICE_1','IMPROVEMENT_FARM',3);

INSERT INTO CityEventChoice_GreatPersonPoints (CityEventChoiceType,SpecialistType,Points) VALUES ('CITY_EVENT_AMPHITHEATER_NEW_DRAMA_CHOICE_3','SPECIALIST_WRITER',100),
 ('CITY_EVENT_WANDERER_CHOICE_1','SPECIALIST_ARTIST',100),
 ('CITY_EVENT_WANDERER_CHOICE_2','SPECIALIST_ENGINEER',100),
 ('CITY_EVENT_WANDERER_CHOICE_3','SPECIALIST_SCIENTIST',100),
 ('CITY_EVENT_WANDERER_CHOICE_4','SPECIALIST_MERCHANT',100),
 ('CITY_EVENT_FLOODING_CHOICE_3','SPECIALIST_ENGINEER',25);

INSERT INTO CityEventChoice_EventCostYield (CityEventChoiceType,YieldType,Yield) VALUES ('CITY_EVENT_ICE_AGE_NO_FUEL_CHOICE_1','YIELD_PRODUCTION',50),
 ('CITY_EVENT_FISHING_EXPEDITION_CHOICE_1','YIELD_GOLD',75),
 ('CITY_EVENT_FISHING_EXPEDITION_CHOICE_2','YIELD_GOLD',125),
 ('CITY_EVENT_FISHING_EXPEDITION_CHOICE_3','YIELD_GOLD',500),
 ('CITY_EVENT_AMPHITHEATER_NEW_DRAMA_CHOICE_1','YIELD_GOLD',200),
 ('CITY_EVENT_TEMPLE_CONCERNS_CHOICE_4','YIELD_GOLD',500),
 ('CITY_EVENT_LIGHTHOUSE_CHOICE_2','YIELD_GOLD',50),
 ('CITY_EVENT_CORRUPTION_FOOD_SPOILED_CHOICE_1','YIELD_FOOD',50),
 ('CITY_EVENT_CORRUPTION_BANDITS_CHOICE_1','YIELD_GOLD',50),
 ('CITY_EVENT_HURRICANE_CHOICE_1','YIELD_GOLD',1000),
 ('CITY_EVENT_HURRICANE_CHOICE_3','YIELD_GOLD',500),
 ('CITY_EVENT_HURRICANE_CHOICE_4','YIELD_GOLD',500),
 ('CITY_EVENT_HURRICANE_CHOICE_5','YIELD_GOLD',500),
 ('CITY_EVENT_HOSPITAL_OVERCROWDING_CHOICE_2','YIELD_POPULATION',1),
 ('CITY_EVENT_ICE_AGE_EXPOSURE_CHOICE_1','YIELD_POPULATION',1),
 ('CITY_EVENT_TEMPLE_CONCERNS_CHOICE_1','YIELD_POPULATION',1),
 ('CITY_EVENT_NUCLEAR_MELTDOWN_CHOICE_1','YIELD_POPULATION',5),
 ('CITY_EVENT_VOLCANO_CHOICE_1','YIELD_POPULATION',3),
 ('CITY_EVENT_VOLCANO_SPECIAL_CHOICE_1','YIELD_POPULATION',3),
 ('CITY_EVENT_NOMADS_CHOICE_2','YIELD_GOLD',-50),
 ('CITY_EVENT_MINE_COLLAPSE_CHOICE_2','YIELD_PRODUCTION',50),
 ('CITY_EVENT_MINE_COLLAPSE_CHOICE_3','YIELD_GOLD',75),
 ('CITY_EVENT_PESTILENCE_CHOICE_2','YIELD_FOOD',60),
 ('CITY_EVENT_PESTILENCE_CHOICE_3','YIELD_SCIENCE',225),
 ('CITY_EVENT_FOREST_FIRE_CHOICE_2','YIELD_FOOD',40),
 ('CITY_EVENT_FOREST_FIRE_CHOICE_3','YIELD_GOLD',75),
 ('CITY_EVENT_FOREST_FIRE_CHOICE_3','YIELD_SCIENCE',50),
 ('CITY_EVENT_FLOODING_CHOICE_2','YIELD_PRODUCTION',50),
 ('CITY_EVENT_FLOODING_CHOICE_3','YIELD_SCIENCE',225);

INSERT INTO CityEventChoice_CityYield (CityEventChoiceType,YieldType,Yield) VALUES ('CITY_EVENT_ICE_AGE_FROZEN_WATER_CHOICE_1','YIELD_GOLD',-3),
 ('CITY_EVENT_STONE_WORKS_DISCOVERY_CHOICE_4','YIELD_CULTURE',2),
 ('CITY_EVENT_TEMPLE_CONCERNS_CHOICE_3','YIELD_FAITH',1),
 ('CITY_EVENT_HOSPITAL_OVERCROWDING_CHOICE_1','YIELD_GOLD',-5),
 ('CITY_EVENT_HOSPITAL_OVERCROWDING_CHOICE_4','YIELD_GOLD',-5),
 ('CITY_EVENT_CORRUPTION_CHOICE_1','YIELD_FOOD',-3),
 ('CITY_EVENT_CORRUPTION_CHOICE_2','YIELD_PRODUCTION',-3),
 ('CITY_EVENT_CORRUPTION_CHOICE_3','YIELD_GOLD',-3),
 ('CITY_EVENT_PLAGUE_CHOICE_1','YIELD_FOOD',-15);

INSERT INTO CityEventChoice_BuildingClassYieldChange (CityEventChoiceType,BuildingClassType,YieldType,YieldChange) VALUES ('CITY_EVENT_TEMPLE_CONCERNS_CHOICE_2','BUILDINGCLASS_TEMPLE','YIELD_GOLD',2),
 ('CITY_EVENT_TEMPLE_CONCERNS_CHOICE_2','BUILDINGCLASS_TEMPLE','YIELD_FAITH',1),
 ('CITY_EVENT_LIGHTHOUSE_CHOICE_1','BUILDINGCLASS_LIGHTHOUSE','YIELD_GOLD',2),
 ('CITY_EVENT_LIGHTHOUSE_CHOICE_2','BUILDINGCLASS_LIGHTHOUSE','YIELD_PRODUCTION',1),
 ('CITY_EVENT_HOSPITAL_OVERCROWDING_CHOICE_5','BUILDINGCLASS_HOSPITAL','YIELD_SCIENCE',4),
 ('CITY_EVENT_MARKET_DAY_CHOICE_1','BUILDINGCLASS_MARKET','YIELD_GOLD',2);
 
INSERT INTO CityEventChoice_FeatureYieldChange (CityEventChoiceType,FeatureType,YieldType,YieldChange) VALUES ('CITY_EVENT_FOREST_FIRE_CHOICE_3','FEATURE_FOREST','YIELD_PRODUCTION',1);

INSERT INTO CityEventChoiceFlavors (CityEventChoiceType,FlavorType,Flavor) VALUES ('CITY_EVENT_DO_NOTHING_CHOICE','FLAVOR_GOLD',15),
 ('CITY_EVENT_STONE_WORKS_DISCOVERY_CHOICE_1','FLAVOR_GOLD',20),
 ('CITY_EVENT_STONE_WORKS_DISCOVERY_CHOICE_2','FLAVOR_RELIGION',20),
 ('CITY_EVENT_STONE_WORKS_DISCOVERY_CHOICE_3','FLAVOR_RELIGION',10),
 ('CITY_EVENT_STONE_WORKS_DISCOVERY_CHOICE_3','FLAVOR_CULTURE',10),
 ('CITY_EVENT_STONE_WORKS_DISCOVERY_CHOICE_4','FLAVOR_GROWTH',10),
 ('CITY_EVENT_STONE_WORKS_DISCOVERY_CHOICE_4','FLAVOR_CULTURE',10),
 ('CITY_EVENT_FISHING_EXPEDITION_CHOICE_1','FLAVOR_GROWTH',20),
 ('CITY_EVENT_FISHING_EXPEDITION_CHOICE_2','FLAVOR_GROWTH',20),
 ('CITY_EVENT_FISHING_EXPEDITION_CHOICE_3','FLAVOR_GROWTH',25),
 ('CITY_EVENT_AMPHITHEATER_NEW_DRAMA_CHOICE_1','FLAVOR_CULTURE',25),
 ('CITY_EVENT_AMPHITHEATER_NEW_DRAMA_CHOICE_2','FLAVOR_CULTURE',20),
 ('CITY_EVENT_AMPHITHEATER_NEW_DRAMA_CHOICE_3','FLAVOR_GREAT_PEOPLE',20),
 ('CITY_EVENT_AMPHITHEATER_NEW_DRAMA_CHOICE_4','FLAVOR_RELIGION',20),
 ('CITY_EVENT_TEMPLE_CONCERNS_CHOICE_1','FLAVOR_RELIGION',20),
 ('CITY_EVENT_TEMPLE_CONCERNS_CHOICE_2','FLAVOR_GOLD',20),
 ('CITY_EVENT_TEMPLE_CONCERNS_CHOICE_3','FLAVOR_HAPPINESS',20),
 ('CITY_EVENT_TEMPLE_CONCERNS_CHOICE_4','FLAVOR_RELIGION',25),
 ('CITY_EVENT_HOSPITAL_OVERCROWDING_CHOICE_1','FLAVOR_HAPPINESS',20),
 ('CITY_EVENT_HOSPITAL_OVERCROWDING_CHOICE_2','FLAVOR_GOLD',20),
 ('CITY_EVENT_HOSPITAL_OVERCROWDING_CHOICE_3','FLAVOR_HAPPINESS',15),
 ('CITY_EVENT_HOSPITAL_OVERCROWDING_CHOICE_4','FLAVOR_GOLD',15),
 ('CITY_EVENT_HOSPITAL_OVERCROWDING_CHOICE_5','FLAVOR_SCIENCE',20),
 ('CITY_EVENT_STADIUM_LOCAL_EVENT_CHOICE_1','FLAVOR_CULTURE',20),
 ('CITY_EVENT_STADIUM_LOCAL_EVENT_CHOICE_2','FLAVOR_SCIENCE',20),
 ('CITY_EVENT_STADIUM_LOCAL_EVENT_CHOICE_3','FLAVOR_GOLD',20),
 ('CITY_EVENT_STADIUM_LOCAL_EVENT_CHOICE_4','FLAVOR_GOLD',20),
 ('CITY_EVENT_STADIUM_LOCAL_EVENT_CHOICE_5','FLAVOR_HAPPINESS',20),
 ('CITY_EVENT_MINE_COLLAPSE_CHOICE_2','FLAVOR_PRODUCTION',2),
 ('CITY_EVENT_MINE_COLLAPSE_CHOICE_3','FLAVOR_OFFENSE',5),
 ('CITY_EVENT_MINE_COLLAPSE_CHOICE_3','FLAVOR_GOLD',-1),
 ('CITY_EVENT_CORRUPTION_CHOICE_1','FLAVOR_GOLD',20),
 ('CITY_EVENT_CORRUPTION_CHOICE_2','FLAVOR_GROWTH',20),
 ('CITY_EVENT_CORRUPTION_CHOICE_3','FLAVOR_PRODUCTION',20),
 ('CITY_EVENT_CORRUPTION_CHOICE_4','FLAVOR_HAPPINESS',20),
 ('CITY_EVENT_FLOODING_CHOICE_2','FLAVOR_GROWTH',2),
 ('CITY_EVENT_FLOODING_CHOICE_3','FLAVOR_GREAT_PEOPLE',5),
 ('CITY_EVENT_FLOODING_CHOICE_3','FLAVOR_SCIENCE',-1),
 ('CITY_EVENT_PESTILENCE_CHOICE_2','FLAVOR_GROWTH',2),
 ('CITY_EVENT_PESTILENCE_CHOICE_3','FLAVOR_GROWTH',5),
 ('CITY_EVENT_HURRICANE_CHOICE_1','FLAVOR_HAPPINESS',30),
 ('CITY_EVENT_HURRICANE_CHOICE_2','FLAVOR_GOLD',20),
 ('CITY_EVENT_HURRICANE_CHOICE_3','FLAVOR_PRODUCTION',20),
 ('CITY_EVENT_HURRICANE_CHOICE_4','FLAVOR_GROWTH',20),
 ('CITY_EVENT_HURRICANE_CHOICE_5','FLAVOR_PRODUCTION',25),
 ('CITY_EVENT_WANDERER_CHOICE_1','FLAVOR_CULTURE',20),
 ('CITY_EVENT_WANDERER_CHOICE_2','FLAVOR_PRODUCTION',20),
 ('CITY_EVENT_WANDERER_CHOICE_3','FLAVOR_SCIENCE',20),
 ('CITY_EVENT_WANDERER_CHOICE_4','FLAVOR_GOLD',20),
 ('CITY_EVENT_NOMADS_CHOICE_1','FLAVOR_CULTURE',20),
 ('CITY_EVENT_NOMADS_CHOICE_2','FLAVOR_GOLD',20),
 ('CITY_EVENT_NOMADS_CHOICE_3','FLAVOR_OFFENSE',20),
 ('CITY_EVENT_NOMADS_CHOICE_4','FLAVOR_GREAT_PEOPLE',20);
