-- To be readded below
DELETE FROM AIGrandStrategy_Flavors;
DELETE FROM AIGrandStrategy_Yields;

-- Helper table
CREATE TEMP TABLE StrategyUpdates (
	StrategyType text,
	TempFlavorType text,
	TempFlavor integer
);

---------------------------------
-- Grand Strategies
---------------------------------
INSERT INTO AIGrandStrategy_Flavors
	(AIGrandStrategyType, FlavorType, Flavor)
VALUES
	('AIGRANDSTRATEGY_CONQUEST', 'FLAVOR_OFFENSE', 20),
	('AIGRANDSTRATEGY_CULTURE', 'FLAVOR_CULTURE', 20),
	('AIGRANDSTRATEGY_UNITED_NATIONS', 'FLAVOR_DIPLOMACY', 20),
	('AIGRANDSTRATEGY_SPACESHIP', 'FLAVOR_SPACESHIP', 20);

INSERT INTO AIGrandStrategy_Yields
	(AIGrandStrategyType, YieldType, Yield)
VALUES
	('AIGRANDSTRATEGY_CONQUEST', 'YIELD_PRODUCTION', 400),
	('AIGRANDSTRATEGY_CONQUEST', 'YIELD_FOOD', 300),
	('AIGRANDSTRATEGY_CONQUEST', 'YIELD_GOLD', 200),
	('AIGRANDSTRATEGY_CULTURE', 'YIELD_CULTURE', 400),
	('AIGRANDSTRATEGY_CULTURE', 'YIELD_FAITH', 300),
	('AIGRANDSTRATEGY_CULTURE', 'YIELD_FOOD', 200),
	('AIGRANDSTRATEGY_UNITED_NATIONS', 'YIELD_GOLD', 400),
	('AIGRANDSTRATEGY_UNITED_NATIONS', 'YIELD_SCIENCE', 300),
	('AIGRANDSTRATEGY_UNITED_NATIONS', 'YIELD_FOOD', 200),
	('AIGRANDSTRATEGY_SPACESHIP', 'YIELD_SCIENCE', 400),
	('AIGRANDSTRATEGY_SPACESHIP', 'YIELD_FOOD', 300),
	('AIGRANDSTRATEGY_SPACESHIP', 'YIELD_PRODUCTION', 200);

---------------------------------
-- Economic Strategies
---------------------------------

-- Unused strategies
DELETE FROM AIEconomicStrategies
WHERE Type IN (
	'ECONOMICAISTRATEGY_NAVAL_MAP',
	'ECONOMICAISTRATEGY_OFFSHORE_EXPANSION_MAP',
	'ECONOMICAISTRATEGY_HALT_GROWTH_BUILDINGS',
	'ECONOMICAISTRATEGY_REALLY_EXPAND_TO_OTHER_CONTINENTS',
	'ECONOMICAISTRATEGY_EXPAND_LIKE_CRAZY',
	'ECONOMICAISTRATEGY_GROW_LIKE_CRAZY'
);

DELETE FROM AIEconomicStrategy_Player_Flavors
WHERE AIEconomicStrategyType IN (
	'ECONOMICAISTRATEGY_NAVAL_MAP',
	'ECONOMICAISTRATEGY_OFFSHORE_EXPANSION_MAP',
	'ECONOMICAISTRATEGY_HALT_GROWTH_BUILDINGS',
	'ECONOMICAISTRATEGY_REALLY_EXPAND_TO_OTHER_CONTINENTS',
	'ECONOMICAISTRATEGY_EXPAND_LIKE_CRAZY',
	'ECONOMICAISTRATEGY_GROW_LIKE_CRAZY'
);

DELETE FROM AIEconomicStrategy_City_Flavors
WHERE AIEconomicStrategyType IN (
	'ECONOMICAISTRATEGY_NAVAL_MAP',
	'ECONOMICAISTRATEGY_OFFSHORE_EXPANSION_MAP',
	'ECONOMICAISTRATEGY_HALT_GROWTH_BUILDINGS',
	'ECONOMICAISTRATEGY_REALLY_EXPAND_TO_OTHER_CONTINENTS',
	'ECONOMICAISTRATEGY_EXPAND_LIKE_CRAZY',
	'ECONOMICAISTRATEGY_GROW_LIKE_CRAZY'
);

UPDATE AIEconomicStrategies SET MinimumNumTurnsExecuted = 1, CheckTriggerTurnCount = 1 WHERE Type = 'ECONOMICAISTRATEGY_EARLY_EXPANSION';
UPDATE AIEconomicStrategies SET MinimumNumTurnsExecuted = 10, CheckTriggerTurnCount = 3 WHERE Type = 'ECONOMICAISTRATEGY_FOUND_CITY';
UPDATE AIEconomicStrategies SET MinimumNumTurnsExecuted = 10, CheckTriggerTurnCount = 7 WHERE Type = 'ECONOMICAISTRATEGY_TOO_MANY_UNITS';

-- City states don't care about deficits
UPDATE AIEconomicStrategies SET NoMinorCivs = 1 WHERE Type = 'ECONOMICAISTRATEGY_LOSING_MONEY';

INSERT INTO AIEconomicStrategy_Player_Flavors
	(AIEconomicStrategyType, FlavorType, Flavor)
VALUES
	('ECONOMICAISTRATEGY_NEED_ARCHAEOLOGISTS', 'FLAVOR_ARCHAEOLOGY', 50);

INSERT INTO StrategyUpdates
VALUES
	('ECONOMICAISTRATEGY_EXPAND_TO_OTHER_CONTINENTS', 'FLAVOR_EXPANSION', 50),
	('ECONOMICAISTRATEGY_EXPAND_TO_OTHER_CONTINENTS', 'FLAVOR_RECON', 15),
	('ECONOMICAISTRATEGY_EXPAND_TO_OTHER_CONTINENTS', 'FLAVOR_NAVAL_RECON', 40),
	('ECONOMICAISTRATEGY_REALLY_NEED_RECON_SEA', 'FLAVOR_NAVAL', 50),
	('ECONOMICAISTRATEGY_NEED_RECON', 'FLAVOR_RECON', 15);

UPDATE AIEconomicStrategy_City_Flavors
SET Flavor = (SELECT TempFlavor FROM StrategyUpdates WHERE StrategyType = AIEconomicStrategyType AND TempFlavorType = FlavorType)
WHERE EXISTS (SELECT 1 FROM StrategyUpdates WHERE StrategyType = AIEconomicStrategyType AND TempFlavorType = FlavorType);

DELETE FROM StrategyUpdates;

INSERT INTO AIEconomicStrategy_City_Flavors
	(AIEconomicStrategyType, FlavorType, Flavor)
VALUES
	('ECONOMICAISTRATEGY_TOO_MANY_UNITS', 'FLAVOR_ANTIAIR', -300),
	('ECONOMICAISTRATEGY_TOO_MANY_UNITS', 'FLAVOR_AIR', -300),
	('ECONOMICAISTRATEGY_LOSING_MONEY', 'FLAVOR_ANTIAIR', -300),
	('ECONOMICAISTRATEGY_LOSING_MONEY', 'FLAVOR_AIR', -300),
	('ECONOMICAISTRATEGY_LOSING_MONEY', 'FLAVOR_MOBILE', -300),
	('ECONOMICAISTRATEGY_LOSING_MONEY', 'FLAVOR_NAVAL', -300),
	('ECONOMICAISTRATEGY_LOSING_MONEY', 'FLAVOR_NAVAL_RECON', -300),
	('ECONOMICAISTRATEGY_LOSING_MONEY', 'FLAVOR_RANGED', -300),
	('ECONOMICAISTRATEGY_LOSING_MONEY', 'FLAVOR_RECON', -300);

INSERT INTO StrategyUpdates
VALUES
	('ECONOMICAISTRATEGY_GS_CULTURE', 'FLAVOR_EXPANSION', 8),
	('ECONOMICAISTRATEGY_REALLY_NEED_RECON_SEA', 'FLAVOR_NAVAL', 40),
	('ECONOMICAISTRATEGY_REALLY_NEED_RECON_SEA', 'FLAVOR_NAVAL_RECON', 50),
	('ECONOMICAISTRATEGY_NEED_RECON', 'FLAVOR_RECON', 20),
	('ECONOMICAISTRATEGY_TOO_MANY_UNITS', 'FLAVOR_OFFENSE', -100),
	('ECONOMICAISTRATEGY_TOO_MANY_UNITS', 'FLAVOR_DEFENSE', -100),
	('ECONOMICAISTRATEGY_TOO_MANY_UNITS', 'FLAVOR_NAVAL', -100),
	('ECONOMICAISTRATEGY_TOO_MANY_UNITS', 'FLAVOR_NAVAL_RECON', -100),
	('ECONOMICAISTRATEGY_TOO_MANY_UNITS', 'FLAVOR_RANGED', -100),
	('ECONOMICAISTRATEGY_TOO_MANY_UNITS', 'FLAVOR_MOBILE', -100),
	('ECONOMICAISTRATEGY_TOO_MANY_UNITS', 'FLAVOR_RECON', -100),
	('ECONOMICAISTRATEGY_LOSING_MONEY', 'FLAVOR_OFFENSE', -50),
	('ECONOMICAISTRATEGY_LOSING_MONEY', 'FLAVOR_DEFENSE', -50),
	('ECONOMICAISTRATEGY_LOSING_MONEY', 'FLAVOR_GOLD', 100),
	('ECONOMICAISTRATEGY_NEED_ARCHAEOLOGISTS', 'FLAVOR_ARCHAEOLOGY', 100);

UPDATE AIEconomicStrategy_City_Flavors
SET Flavor = (SELECT TempFlavor FROM StrategyUpdates WHERE StrategyType = AIEconomicStrategyType AND TempFlavorType = FlavorType)
WHERE EXISTS (SELECT 1 FROM StrategyUpdates WHERE StrategyType = AIEconomicStrategyType AND TempFlavorType = FlavorType);

DELETE FROM StrategyUpdates;

---------------------------------
-- Military Strategies
---------------------------------
UPDATE AIMilitaryStrategies
SET NoMinorCivs = 1
WHERE Type IN (
	'MILITARYAISTRATEGY_NEED_RANGED',
	'MILITARYAISTRATEGY_EMPIRE_DEFENSE_CRITICAL',
	'MILITARYAISTRATEGY_NEED_MOBILE',
	'MILITARYAISTRATEGY_ENOUGH_MOBILE',
	'MILITARYAISTRATEGY_NEED_ANTIAIR',
	'MILITARYAISTRATEGY_ENOUGH_ANTIAIR',
	'MILITARYAISTRATEGY_NEED_AIR_CARRIER'
);

-- Replace military strategy flavors for wars (there are much more flavor types)
DELETE FROM AIMilitaryStrategy_Player_Flavors
WHERE AIMilitaryStrategyType IN (
	'MILITARYAISTRATEGY_AT_WAR',
	'MILITARYAISTRATEGY_WINNING_WARS',
	'MILITARYAISTRATEGY_LOSING_WARS'
);

DELETE FROM AIMilitaryStrategy_City_Flavors
WHERE AIMilitaryStrategyType IN (
	'MILITARYAISTRATEGY_AT_WAR',
	'MILITARYAISTRATEGY_WINNING_WARS',
	'MILITARYAISTRATEGY_LOSING_WARS'
);

INSERT INTO AIMilitaryStrategy_Player_Flavors
	(AIMilitaryStrategyType, FlavorType, Flavor)
VALUES
	('MILITARYAISTRATEGY_ERADICATE_BARBARIANS', 'FLAVOR_EXPANSION', -5),
	('MILITARYAISTRATEGY_ERADICATE_BARBARIANS', 'FLAVOR_RECON', -5),
	('MILITARYAISTRATEGY_ERADICATE_BARBARIANS', 'FLAVOR_TILE_IMPROVEMENT', -15),
	('MILITARYAISTRATEGY_ERADICATE_BARBARIANS_CRITICAL', 'FLAVOR_OFFENSE', 25),
	('MILITARYAISTRATEGY_ERADICATE_BARBARIANS_CRITICAL', 'FLAVOR_MOBILE', 10),
	('MILITARYAISTRATEGY_ERADICATE_BARBARIANS_CRITICAL', 'FLAVOR_RANGED', 10),
	('MILITARYAISTRATEGY_ERADICATE_BARBARIANS_CRITICAL', 'FLAVOR_RECON', 5),
	('MILITARYAISTRATEGY_ERADICATE_BARBARIANS_CRITICAL', 'FLAVOR_EXPANSION', -5),
	('MILITARYAISTRATEGY_ERADICATE_BARBARIANS_CRITICAL', 'FLAVOR_TILE_IMPROVEMENT', -5),
	('MILITARYAISTRATEGY_WAR_MOBILIZATION', 'FLAVOR_NAVAL_RECON', 25),
	('MILITARYAISTRATEGY_EMPIRE_DEFENSE', 'FLAVOR_MOBILE', 25),
	('MILITARYAISTRATEGY_EMPIRE_DEFENSE', 'FLAVOR_NUKE', 15),
	('MILITARYAISTRATEGY_EMPIRE_DEFENSE_CRITICAL', 'FLAVOR_MOBILE', 60),
	('MILITARYAISTRATEGY_EMPIRE_DEFENSE_CRITICAL', 'FLAVOR_AIR', 60),
	('MILITARYAISTRATEGY_EMPIRE_DEFENSE_CRITICAL', 'FLAVOR_NUKE', 50),
	('MILITARYAISTRATEGY_WAR_MOBILIZATION', 'FLAVOR_NUKE', 10),
	('MILITARYAISTRATEGY_AT_WAR', 'FLAVOR_NUKE', 50),
	('MILITARYAISTRATEGY_AT_WAR', 'FLAVOR_OFFENSE', 40),
	('MILITARYAISTRATEGY_AT_WAR', 'FLAVOR_MOBILE', 30),
	('MILITARYAISTRATEGY_AT_WAR', 'FLAVOR_DEFENSE', 40),
	('MILITARYAISTRATEGY_AT_WAR', 'FLAVOR_RANGED', 30),
	('MILITARYAISTRATEGY_AT_WAR', 'FLAVOR_NAVAL', 20),
	('MILITARYAISTRATEGY_AT_WAR', 'FLAVOR_NAVAL_RECON', 20),
	('MILITARYAISTRATEGY_AT_WAR', 'FLAVOR_AIR', 40),
	('MILITARYAISTRATEGY_AT_WAR', 'FLAVOR_CITY_DEFENSE', 20),
	('MILITARYAISTRATEGY_AT_WAR', 'FLAVOR_MILITARY_TRAINING', 15),
	('MILITARYAISTRATEGY_AT_WAR', 'FLAVOR_WONDER', -20),
	('MILITARYAISTRATEGY_AT_WAR', 'FLAVOR_EXPANSION', -10),
	('MILITARYAISTRATEGY_AT_WAR', 'FLAVOR_CULTURE', -10),
	('MILITARYAISTRATEGY_AT_WAR', 'FLAVOR_PRODUCTION', 10),
	('MILITARYAISTRATEGY_AT_WAR', 'FLAVOR_GROWTH', -10),
	('MILITARYAISTRATEGY_AT_WAR', 'FLAVOR_SCIENCE', -10),
	('MILITARYAISTRATEGY_AT_WAR', 'FLAVOR_INFRASTRUCTURE', -20),
	('MILITARYAISTRATEGY_AT_WAR', 'FLAVOR_GOLD', -5),
	('MILITARYAISTRATEGY_AT_WAR', 'FLAVOR_HAPPINESS', -5),
	('MILITARYAISTRATEGY_AT_WAR', 'FLAVOR_GREAT_PEOPLE', -10),
	('MILITARYAISTRATEGY_AT_WAR', 'FLAVOR_RELIGION', -20),
	('MILITARYAISTRATEGY_AT_WAR', 'FLAVOR_DIPLOMACY', -20),
	('MILITARYAISTRATEGY_AT_WAR', 'FLAVOR_ARCHAEOLOGY', -20),
	('MILITARYAISTRATEGY_AT_WAR', 'FLAVOR_I_LAND_TRADE_ROUTE', -10),
	('MILITARYAISTRATEGY_AT_WAR', 'FLAVOR_I_SEA_TRADE_ROUTE', -10),
	('MILITARYAISTRATEGY_AT_WAR', 'FLAVOR_NAVAL_GROWTH', -10),
	('MILITARYAISTRATEGY_AT_WAR', 'FLAVOR_RECON', -10),
	('MILITARYAISTRATEGY_WINNING_WARS', 'FLAVOR_OFFENSE', 60),
	('MILITARYAISTRATEGY_WINNING_WARS', 'FLAVOR_MOBILE', 50),
	('MILITARYAISTRATEGY_WINNING_WARS', 'FLAVOR_DEFENSE', 30),
	('MILITARYAISTRATEGY_WINNING_WARS', 'FLAVOR_RANGED', 40),
	('MILITARYAISTRATEGY_WINNING_WARS', 'FLAVOR_NAVAL', 30),
	('MILITARYAISTRATEGY_WINNING_WARS', 'FLAVOR_NAVAL_RECON', 20),
	('MILITARYAISTRATEGY_WINNING_WARS', 'FLAVOR_AIR', 40),
	('MILITARYAISTRATEGY_WINNING_WARS', 'FLAVOR_CITY_DEFENSE', -20),
	('MILITARYAISTRATEGY_WINNING_WARS', 'FLAVOR_MILITARY_TRAINING', 20),
	('MILITARYAISTRATEGY_WINNING_WARS', 'FLAVOR_WONDER', -10),
	('MILITARYAISTRATEGY_WINNING_WARS', 'FLAVOR_EXPANSION', 0),
	('MILITARYAISTRATEGY_WINNING_WARS', 'FLAVOR_CULTURE', -10),
	('MILITARYAISTRATEGY_WINNING_WARS', 'FLAVOR_PRODUCTION', 15),
	('MILITARYAISTRATEGY_WINNING_WARS', 'FLAVOR_GROWTH', -10),
	('MILITARYAISTRATEGY_WINNING_WARS', 'FLAVOR_SCIENCE', -10),
	('MILITARYAISTRATEGY_WINNING_WARS', 'FLAVOR_INFRASTRUCTURE', -10),
	('MILITARYAISTRATEGY_WINNING_WARS', 'FLAVOR_GOLD', 20),
	('MILITARYAISTRATEGY_WINNING_WARS', 'FLAVOR_HAPPINESS', 20),
	('MILITARYAISTRATEGY_WINNING_WARS', 'FLAVOR_GREAT_PEOPLE', -10),
	('MILITARYAISTRATEGY_WINNING_WARS', 'FLAVOR_RELIGION', -10),
	('MILITARYAISTRATEGY_WINNING_WARS', 'FLAVOR_DIPLOMACY', -10),
	('MILITARYAISTRATEGY_WINNING_WARS', 'FLAVOR_ARCHAEOLOGY', -10),
	('MILITARYAISTRATEGY_WINNING_WARS', 'FLAVOR_I_LAND_TRADE_ROUTE', -20),
	('MILITARYAISTRATEGY_WINNING_WARS', 'FLAVOR_I_SEA_TRADE_ROUTE', -20),
	('MILITARYAISTRATEGY_WINNING_WARS', 'FLAVOR_NAVAL_GROWTH', -10),
	('MILITARYAISTRATEGY_WINNING_WARS', 'FLAVOR_RECON', 10),
	('MILITARYAISTRATEGY_LOSING_WARS', 'FLAVOR_OFFENSE', 20),
	('MILITARYAISTRATEGY_LOSING_WARS', 'FLAVOR_MOBILE', 15),
	('MILITARYAISTRATEGY_LOSING_WARS', 'FLAVOR_DEFENSE', 100),
	('MILITARYAISTRATEGY_LOSING_WARS', 'FLAVOR_RANGED', 20),
	('MILITARYAISTRATEGY_LOSING_WARS', 'FLAVOR_NAVAL', 20),
	('MILITARYAISTRATEGY_LOSING_WARS', 'FLAVOR_NAVAL_RECON', 20),
	('MILITARYAISTRATEGY_LOSING_WARS', 'FLAVOR_AIR', 30),
	('MILITARYAISTRATEGY_LOSING_WARS', 'FLAVOR_CITY_DEFENSE', 40),
	('MILITARYAISTRATEGY_LOSING_WARS', 'FLAVOR_MILITARY_TRAINING', -20),
	('MILITARYAISTRATEGY_LOSING_WARS', 'FLAVOR_WONDER', -50),
	('MILITARYAISTRATEGY_LOSING_WARS', 'FLAVOR_EXPANSION', -100),
	('MILITARYAISTRATEGY_LOSING_WARS', 'FLAVOR_CULTURE', -50),
	('MILITARYAISTRATEGY_LOSING_WARS', 'FLAVOR_PRODUCTION', 10),
	('MILITARYAISTRATEGY_LOSING_WARS', 'FLAVOR_GROWTH', -30),
	('MILITARYAISTRATEGY_LOSING_WARS', 'FLAVOR_SCIENCE', -15),
	('MILITARYAISTRATEGY_LOSING_WARS', 'FLAVOR_INFRASTRUCTURE', -15),
	('MILITARYAISTRATEGY_LOSING_WARS', 'FLAVOR_GOLD', -10),
	('MILITARYAISTRATEGY_LOSING_WARS', 'FLAVOR_HAPPINESS', -10),
	('MILITARYAISTRATEGY_LOSING_WARS', 'FLAVOR_GREAT_PEOPLE', -20),
	('MILITARYAISTRATEGY_LOSING_WARS', 'FLAVOR_RELIGION', -40),
	('MILITARYAISTRATEGY_LOSING_WARS', 'FLAVOR_DIPLOMACY', -40),
	('MILITARYAISTRATEGY_LOSING_WARS', 'FLAVOR_ARCHAEOLOGY', -40),
	('MILITARYAISTRATEGY_LOSING_WARS', 'FLAVOR_I_LAND_TRADE_ROUTE', -30),
	('MILITARYAISTRATEGY_LOSING_WARS', 'FLAVOR_I_SEA_TRADE_ROUTE', -30),
	('MILITARYAISTRATEGY_LOSING_WARS', 'FLAVOR_NAVAL_GROWTH', -40),
	('MILITARYAISTRATEGY_LOSING_WARS', 'FLAVOR_RECON', -20),
	('MILITARYAISTRATEGY_LOSING_WARS', 'FLAVOR_NUKE', 30);

INSERT INTO StrategyUpdates
VALUES
	('MILITARYAISTRATEGY_WAR_MOBILIZATION', 'FLAVOR_OFFENSE', 60),
	('MILITARYAISTRATEGY_WAR_MOBILIZATION', 'FLAVOR_DEFENSE', 60),
	('MILITARYAISTRATEGY_WAR_MOBILIZATION', 'FLAVOR_RANGED', 60),
	('MILITARYAISTRATEGY_WAR_MOBILIZATION', 'FLAVOR_NAVAL', 30),
	('MILITARYAISTRATEGY_WAR_MOBILIZATION', 'FLAVOR_EXPANSION', -15),
	('MILITARYAISTRATEGY_WAR_MOBILIZATION', 'FLAVOR_GROWTH', -10),
	('MILITARYAISTRATEGY_NEED_ANTIAIR', 'FLAVOR_ANTIAIR', 50),
	('MILITARYAISTRATEGY_NEED_AIR_CARRIER', 'FLAVOR_AIR_CARRIER', 20),
	('MILITARYAISTRATEGY_NEED_AIR', 'FLAVOR_AIR', 50),
	('MILITARYAISTRATEGY_EMPIRE_DEFENSE', 'FLAVOR_OFFENSE', 50),
	('MILITARYAISTRATEGY_EMPIRE_DEFENSE', 'FLAVOR_DEFENSE', 75),
	('MILITARYAISTRATEGY_EMPIRE_DEFENSE_CRITICAL', 'FLAVOR_NAVAL', 30),
	('MILITARYAISTRATEGY_EMPIRE_DEFENSE_CRITICAL', 'FLAVOR_OFFENSE', 100),
	('MILITARYAISTRATEGY_EMPIRE_DEFENSE_CRITICAL', 'FLAVOR_DEFENSE', 150);

UPDATE AIMilitaryStrategy_Player_Flavors
SET Flavor = (SELECT TempFlavor FROM StrategyUpdates WHERE StrategyType = AIMilitaryStrategyType AND TempFlavorType = FlavorType)
WHERE EXISTS (SELECT 1 FROM StrategyUpdates WHERE StrategyType = AIMilitaryStrategyType AND TempFlavorType = FlavorType);

DELETE FROM StrategyUpdates;

INSERT INTO AIMilitaryStrategy_City_Flavors
	(AIMilitaryStrategyType, FlavorType, Flavor)
VALUES
	('MILITARYAISTRATEGY_EMPIRE_DEFENSE_CRITICAL', 'FLAVOR_MOBILE', 40),
	('MILITARYAISTRATEGY_EMPIRE_DEFENSE_CRITICAL', 'FLAVOR_AIR', 50),
	('MILITARYAISTRATEGY_AT_WAR', 'FLAVOR_OFFENSE', 50),
	('MILITARYAISTRATEGY_AT_WAR', 'FLAVOR_MOBILE', 30),
	('MILITARYAISTRATEGY_AT_WAR', 'FLAVOR_DEFENSE', 40),
	('MILITARYAISTRATEGY_AT_WAR', 'FLAVOR_RANGED', 40),
	('MILITARYAISTRATEGY_AT_WAR', 'FLAVOR_NAVAL', 30),
	('MILITARYAISTRATEGY_AT_WAR', 'FLAVOR_NAVAL_RECON', 30),
	('MILITARYAISTRATEGY_AT_WAR', 'FLAVOR_AIR', 40),
	('MILITARYAISTRATEGY_AT_WAR', 'FLAVOR_CITY_DEFENSE', 20),
	('MILITARYAISTRATEGY_AT_WAR', 'FLAVOR_MILITARY_TRAINING', 15),
	('MILITARYAISTRATEGY_AT_WAR', 'FLAVOR_WONDER', -30),
	('MILITARYAISTRATEGY_AT_WAR', 'FLAVOR_EXPANSION', -10),
	('MILITARYAISTRATEGY_AT_WAR', 'FLAVOR_CULTURE', -20),
	('MILITARYAISTRATEGY_AT_WAR', 'FLAVOR_PRODUCTION', -10),
	('MILITARYAISTRATEGY_AT_WAR', 'FLAVOR_GROWTH', -10),
	('MILITARYAISTRATEGY_AT_WAR', 'FLAVOR_SCIENCE', -10),
	('MILITARYAISTRATEGY_AT_WAR', 'FLAVOR_INFRASTRUCTURE', -10),
	('MILITARYAISTRATEGY_AT_WAR', 'FLAVOR_GOLD', -5),
	('MILITARYAISTRATEGY_AT_WAR', 'FLAVOR_HAPPINESS', 10),
	('MILITARYAISTRATEGY_AT_WAR', 'FLAVOR_GREAT_PEOPLE', -20),
	('MILITARYAISTRATEGY_AT_WAR', 'FLAVOR_RELIGION', -30),
	('MILITARYAISTRATEGY_AT_WAR', 'FLAVOR_DIPLOMACY', -50),
	('MILITARYAISTRATEGY_AT_WAR', 'FLAVOR_ARCHAEOLOGY', -40),
	('MILITARYAISTRATEGY_AT_WAR', 'FLAVOR_I_LAND_TRADE_ROUTE', -30),
	('MILITARYAISTRATEGY_AT_WAR', 'FLAVOR_I_SEA_TRADE_ROUTE', -30),
	('MILITARYAISTRATEGY_AT_WAR', 'FLAVOR_NAVAL_GROWTH', -30),
	('MILITARYAISTRATEGY_AT_WAR', 'FLAVOR_RECON', -25),
	('MILITARYAISTRATEGY_WINNING_WARS', 'FLAVOR_OFFENSE', 60),
	('MILITARYAISTRATEGY_WINNING_WARS', 'FLAVOR_MOBILE', 50),
	('MILITARYAISTRATEGY_WINNING_WARS', 'FLAVOR_DEFENSE', 30),
	('MILITARYAISTRATEGY_WINNING_WARS', 'FLAVOR_RANGED', 60),
	('MILITARYAISTRATEGY_WINNING_WARS', 'FLAVOR_NAVAL', 30),
	('MILITARYAISTRATEGY_WINNING_WARS', 'FLAVOR_NAVAL_RECON', 30),
	('MILITARYAISTRATEGY_WINNING_WARS', 'FLAVOR_AIR', 50),
	('MILITARYAISTRATEGY_WINNING_WARS', 'FLAVOR_CITY_DEFENSE', -30),
	('MILITARYAISTRATEGY_WINNING_WARS', 'FLAVOR_MILITARY_TRAINING', 10),
	('MILITARYAISTRATEGY_WINNING_WARS', 'FLAVOR_WONDER', -10),
	('MILITARYAISTRATEGY_WINNING_WARS', 'FLAVOR_EXPANSION', 0),
	('MILITARYAISTRATEGY_WINNING_WARS', 'FLAVOR_CULTURE', -10),
	('MILITARYAISTRATEGY_WINNING_WARS', 'FLAVOR_PRODUCTION', 20),
	('MILITARYAISTRATEGY_WINNING_WARS', 'FLAVOR_GROWTH', -10),
	('MILITARYAISTRATEGY_WINNING_WARS', 'FLAVOR_SCIENCE', -10),
	('MILITARYAISTRATEGY_WINNING_WARS', 'FLAVOR_INFRASTRUCTURE', -10),
	('MILITARYAISTRATEGY_WINNING_WARS', 'FLAVOR_GOLD', 10),
	('MILITARYAISTRATEGY_WINNING_WARS', 'FLAVOR_HAPPINESS', 20),
	('MILITARYAISTRATEGY_WINNING_WARS', 'FLAVOR_GREAT_PEOPLE', -10),
	('MILITARYAISTRATEGY_WINNING_WARS', 'FLAVOR_RELIGION', -10),
	('MILITARYAISTRATEGY_WINNING_WARS', 'FLAVOR_DIPLOMACY', -30),
	('MILITARYAISTRATEGY_WINNING_WARS', 'FLAVOR_ARCHAEOLOGY', -30),
	('MILITARYAISTRATEGY_WINNING_WARS', 'FLAVOR_I_LAND_TRADE_ROUTE', -20),
	('MILITARYAISTRATEGY_WINNING_WARS', 'FLAVOR_I_SEA_TRADE_ROUTE', -20),
	('MILITARYAISTRATEGY_WINNING_WARS', 'FLAVOR_NAVAL_GROWTH', -10),
	('MILITARYAISTRATEGY_WINNING_WARS', 'FLAVOR_RECON', 20),
	('MILITARYAISTRATEGY_LOSING_WARS', 'FLAVOR_OFFENSE', 20),
	('MILITARYAISTRATEGY_LOSING_WARS', 'FLAVOR_MOBILE', 15),
	('MILITARYAISTRATEGY_LOSING_WARS', 'FLAVOR_DEFENSE', 100),
	('MILITARYAISTRATEGY_LOSING_WARS', 'FLAVOR_RANGED', 30),
	('MILITARYAISTRATEGY_LOSING_WARS', 'FLAVOR_NAVAL', 20),
	('MILITARYAISTRATEGY_LOSING_WARS', 'FLAVOR_NAVAL_RECON', 20),
	('MILITARYAISTRATEGY_LOSING_WARS', 'FLAVOR_AIR', 30),
	('MILITARYAISTRATEGY_LOSING_WARS', 'FLAVOR_CITY_DEFENSE', 50),
	('MILITARYAISTRATEGY_LOSING_WARS', 'FLAVOR_MILITARY_TRAINING', 5),
	('MILITARYAISTRATEGY_LOSING_WARS', 'FLAVOR_WONDER', -100),
	('MILITARYAISTRATEGY_LOSING_WARS', 'FLAVOR_EXPANSION', -100),
	('MILITARYAISTRATEGY_LOSING_WARS', 'FLAVOR_CULTURE', -40),
	('MILITARYAISTRATEGY_LOSING_WARS', 'FLAVOR_PRODUCTION', 20),
	('MILITARYAISTRATEGY_LOSING_WARS', 'FLAVOR_GROWTH', -40),
	('MILITARYAISTRATEGY_LOSING_WARS', 'FLAVOR_SCIENCE', -25),
	('MILITARYAISTRATEGY_LOSING_WARS', 'FLAVOR_INFRASTRUCTURE', -40),
	('MILITARYAISTRATEGY_LOSING_WARS', 'FLAVOR_GOLD', -15),
	('MILITARYAISTRATEGY_LOSING_WARS', 'FLAVOR_HAPPINESS', -15),
	('MILITARYAISTRATEGY_LOSING_WARS', 'FLAVOR_GREAT_PEOPLE', -40),
	('MILITARYAISTRATEGY_LOSING_WARS', 'FLAVOR_RELIGION', -40),
	('MILITARYAISTRATEGY_LOSING_WARS', 'FLAVOR_DIPLOMACY', -60),
	('MILITARYAISTRATEGY_LOSING_WARS', 'FLAVOR_ARCHAEOLOGY', -60),
	('MILITARYAISTRATEGY_LOSING_WARS', 'FLAVOR_I_LAND_TRADE_ROUTE', -50),
	('MILITARYAISTRATEGY_LOSING_WARS', 'FLAVOR_I_SEA_TRADE_ROUTE', -50),
	('MILITARYAISTRATEGY_LOSING_WARS', 'FLAVOR_NAVAL_GROWTH', -40),
	('MILITARYAISTRATEGY_LOSING_WARS', 'FLAVOR_RECON', -40);

INSERT INTO StrategyUpdates
VALUES
	('MILITARYAISTRATEGY_EMPIRE_DEFENSE', 'FLAVOR_OFFENSE', 50),
	('MILITARYAISTRATEGY_EMPIRE_DEFENSE', 'FLAVOR_DEFENSE', 80),
	('MILITARYAISTRATEGY_EMPIRE_DEFENSE', 'FLAVOR_NAVAL', 30),
	('MILITARYAISTRATEGY_EMPIRE_DEFENSE_CRITICAL', 'FLAVOR_NAVAL', 40),
	('MILITARYAISTRATEGY_EMPIRE_DEFENSE_CRITICAL', 'FLAVOR_OFFENSE', 100),
	('MILITARYAISTRATEGY_EMPIRE_DEFENSE_CRITICAL', 'FLAVOR_DEFENSE', 150),
	('MILITARYAISTRATEGY_NEED_NAVAL_UNITS', 'FLAVOR_NAVAL', 40),
	('MILITARYAISTRATEGY_NEED_NAVAL_UNITS_CRITICAL', 'FLAVOR_NAVAL', 60),
	('MILITARYAISTRATEGY_MINOR_CIV_THREAT_CRITICAL', 'FLAVOR_CITY_DEFENSE', 40),
	('MILITARYAISTRATEGY_MINOR_CIV_THREAT_CRITICAL', 'FLAVOR_OFFENSE', 80),
	('MILITARYAISTRATEGY_MINOR_CIV_THREAT_CRITICAL', 'FLAVOR_DEFENSE', 80),
	('MILITARYAISTRATEGY_MINOR_CIV_THREAT_CRITICAL', 'FLAVOR_NAVAL', 15),
	('MILITARYAISTRATEGY_MINOR_CIV_THREAT_ELEVATED', 'FLAVOR_CITY_DEFENSE', 25),
	('MILITARYAISTRATEGY_MINOR_CIV_THREAT_ELEVATED', 'FLAVOR_DEFENSE', 50),
	('MILITARYAISTRATEGY_MINOR_CIV_THREAT_ELEVATED', 'FLAVOR_NAVAL', -10),
	('MILITARYAISTRATEGY_MINOR_CIV_GENERAL_DEFENSE', 'FLAVOR_CITY_DEFENSE', 10),
	('MILITARYAISTRATEGY_MINOR_CIV_GENERAL_DEFENSE', 'FLAVOR_OFFENSE', 20),
	('MILITARYAISTRATEGY_MINOR_CIV_GENERAL_DEFENSE', 'FLAVOR_DEFENSE', 30),
	('MILITARYAISTRATEGY_MINOR_CIV_GENERAL_DEFENSE', 'FLAVOR_NAVAL', -20);

UPDATE AIMilitaryStrategy_City_Flavors
SET Flavor = (SELECT TempFlavor FROM StrategyUpdates WHERE StrategyType = AIMilitaryStrategyType AND TempFlavorType = FlavorType)
WHERE EXISTS (SELECT 1 FROM StrategyUpdates WHERE StrategyType = AIMilitaryStrategyType AND TempFlavorType = FlavorType);

DELETE FROM StrategyUpdates;

---------------------------------
-- City Strategies
---------------------------------

-- Target number of workers per city
UPDATE AICityStrategies SET WeightThreshold = 1 WHERE Type = 'AICITYSTRATEGY_WANT_TILE_IMPROVERS';

INSERT INTO AICityStrategy_Flavors
	(AICityStrategyType, FlavorType, Flavor)
VALUES
	('AICITYSTRATEGY_LAKEBOUND', 'FLAVOR_NAVAL', -500),
	('AICITYSTRATEGY_LAKEBOUND', 'FLAVOR_NAVAL_RECON', -500),
	('AICITYSTRATEGY_NEW_CONTINENT_FEEDER', 'FLAVOR_EXPANSION', 100),
	('AICITYSTRATEGY_NEW_CONTINENT_FEEDER', 'FLAVOR_DEFENSE', 50),
	('AICITYSTRATEGY_NEW_CONTINENT_FEEDER', 'FLAVOR_RECON', 50),
	('AICITYSTRATEGY_NEW_CONTINENT_FEEDER', 'FLAVOR_NAVAL_RECON', 100),
	('AICITYSTRATEGY_POCKET_CITY', 'FLAVOR_EXPANSION', -100),
	('AICITYSTRATEGY_POCKET_CITY', 'FLAVOR_DEFENSE', 100),
	('AICITYSTRATEGY_ENOUGH_SETTLERS', 'FLAVOR_EXPANSION', -100),
	('AICITYSTRATEGY_ENOUGH_SETTLERS', 'FLAVOR_DEFENSE', 30),
	('AICITYSTRATEGY_ENOUGH_SETTLERS', 'FLAVOR_OFFENSE', 30),
	('AICITYSTRATEGY_SMALL_CITY', 'FLAVOR_EXPANSION', 30),
	('AICITYSTRATEGY_MEDIUM_CITY', 'FLAVOR_EXPANSION', 20),
	('AICITYSTRATEGY_LARGE_CITY', 'FLAVOR_EXPANSION', 10),
	('AICITYSTRATEGY_ENOUGH_TILE_IMPROVERS', 'FLAVOR_EXPANSION', 40),
	('AICITYSTRATEGY_CAPITAL_NEED_SETTLER', 'FLAVOR_OFFENSE', 100);

INSERT INTO StrategyUpdates
VALUES
	('AICITYSTRATEGY_IS_PUPPET', 'FLAVOR_MILITARY_TRAINING', 10),
	('AICITYSTRATEGY_NEED_NAVAL_TILE_IMPROVEMENT', 'FLAVOR_NAVAL_TILE_IMPROVEMENT', 150);

UPDATE AICityStrategy_Flavors
SET Flavor = (SELECT TempFlavor FROM StrategyUpdates WHERE StrategyType = AICityStrategyType AND TempFlavorType = FlavorType)
WHERE EXISTS (SELECT 1 FROM StrategyUpdates WHERE StrategyType = AICityStrategyType AND TempFlavorType = FlavorType);

DELETE FROM StrategyUpdates;

DROP TABLE StrategyUpdates;
