-- Writer and Musician
UPDATE Specialists
SET IconAtlas = 'WRITER_SPECIALIST_ATLAS'
WHERE Type = 'SPECIALIST_WRITER';

UPDATE Specialists
SET PortraitIndex = '0'
WHERE Type = 'SPECIALIST_WRITER';

UPDATE Specialists
SET IconAtlas = 'MUSICIAN_SPECIALIST_ATLAS'
WHERE Type = 'SPECIALIST_MUSICIAN';

UPDATE Specialists
SET PortraitIndex = '0'
WHERE Type = 'SPECIALIST_MUSICIAN';

-- Cruiser

INSERT INTO ArtDefine_UnitInfos (Type,DamageStates,Formation)
	SELECT	('ART_DEF_UNIT_CRUISER'), DamageStates, Formation
	FROM ArtDefine_UnitInfos WHERE (Type = 'ART_DEF_UNIT_BATTLESHIP');

INSERT INTO ArtDefine_UnitInfoMemberInfos (UnitInfoType,UnitMemberInfoType,NumMembers)
	SELECT	('ART_DEF_UNIT_CRUISER'), ('ART_DEF_UNIT_MEMBER_CRUISER'), NumMembers
	FROM ArtDefine_UnitInfoMemberInfos WHERE (UnitInfoType = 'ART_DEF_UNIT_BATTLESHIP');

INSERT INTO ArtDefine_UnitMemberCombats (UnitMemberType, EnableActions, DisableActions, MoveRadius, ShortMoveRadius, ChargeRadius, AttackRadius, RangedAttackRadius, MoveRate, ShortMoveRate, TurnRateMin, TurnRateMax, TurnFacingRateMin, TurnFacingRateMax, RollRateMin, RollRateMax, PitchRateMin, PitchRateMax, LOSRadiusScale, TargetRadius, TargetHeight, HasShortRangedAttack, HasLongRangedAttack, HasLeftRightAttack, HasStationaryMelee, HasStationaryRangedAttack, HasRefaceAfterCombat, ReformBeforeCombat, HasIndependentWeaponFacing, HasOpponentTracking, HasCollisionAttack, AttackAltitude, AltitudeDecelerationDistance, OnlyTurnInMovementActions, RushAttackFormation)
	SELECT	('ART_DEF_UNIT_MEMBER_CRUISER'), EnableActions, DisableActions, MoveRadius, ShortMoveRadius, ChargeRadius, AttackRadius, RangedAttackRadius, MoveRate, ShortMoveRate, TurnRateMin, TurnRateMax, TurnFacingRateMin, TurnFacingRateMax, RollRateMin, RollRateMax, PitchRateMin, PitchRateMax, LOSRadiusScale, TargetRadius, TargetHeight, HasShortRangedAttack, HasLongRangedAttack, HasLeftRightAttack, HasStationaryMelee, HasStationaryRangedAttack, HasRefaceAfterCombat, ReformBeforeCombat, HasIndependentWeaponFacing, HasOpponentTracking, HasCollisionAttack, AttackAltitude, AltitudeDecelerationDistance, OnlyTurnInMovementActions, RushAttackFormation
	FROM ArtDefine_UnitMemberCombats WHERE (UnitMemberType = 'ART_DEF_UNIT_MEMBER_BATTLESHIP');

INSERT INTO ArtDefine_UnitMemberCombatWeapons (UnitMemberType, "Index", SubIndex, ID, VisKillStrengthMin, VisKillStrengthMax, ProjectileSpeed, ProjectileTurnRateMin, ProjectileTurnRateMax, HitEffect, HitEffectScale, HitRadius, ProjectileChildEffectScale, AreaDamageDelay, ContinuousFire, WaitForEffectCompletion, TargetGround, IsDropped, WeaponTypeTag, WeaponTypeSoundOverrideTag)
	SELECT ('ART_DEF_UNIT_MEMBER_CRUISER'), "Index", SubIndex, ID, VisKillStrengthMin, VisKillStrengthMax, ProjectileSpeed, ProjectileTurnRateMin, ProjectileTurnRateMax, HitEffect, HitEffectScale, HitRadius, ProjectileChildEffectScale, AreaDamageDelay, ContinuousFire, WaitForEffectCompletion, TargetGround, IsDropped, WeaponTypeTag, WeaponTypeSoundOverrideTag
	FROM ArtDefine_UnitMemberCombatWeapons WHERE (UnitMemberType = 'ART_DEF_UNIT_MEMBER_BATTLESHIP');

INSERT INTO ArtDefine_UnitMemberInfos (Type, Scale, ZOffset, Domain, Model, MaterialTypeTag, MaterialTypeSoundOverrideTag)
	SELECT	('ART_DEF_UNIT_MEMBER_CRUISER'), .098, ZOffset, Domain, ('cruiser.fxsxml'), MaterialTypeTag, MaterialTypeSoundOverrideTag
	FROM ArtDefine_UnitMemberInfos WHERE (Type = 'ART_DEF_UNIT_MEMBER_BATTLESHIP');

INSERT INTO ArtDefine_StrategicView (StrategicViewType, TileType, Asset )
	SELECT	'ART_DEF_UNIT_CRUISER', 'Unit', 'svcruiser.dds';

-- Volley Gun

INSERT INTO ArtDefine_UnitInfos (Type,DamageStates,Formation)
	SELECT	('ART_DEF_UNIT_VOLLEY_GUN'), DamageStates, Formation
	FROM ArtDefine_UnitInfos WHERE (Type = 'ART_DEF_UNIT_GATLINGGUN');

INSERT INTO ArtDefine_UnitInfoMemberInfos (UnitInfoType,UnitMemberInfoType,NumMembers)
	SELECT	('ART_DEF_UNIT_VOLLEY_GUN'), ('ART_DEF_UNIT_MEMBER_VOLLEY_GUN'), NumMembers
	FROM ArtDefine_UnitInfoMemberInfos WHERE (UnitInfoType = 'ART_DEF_UNIT_GATLINGGUN');

INSERT INTO ArtDefine_UnitMemberCombats (UnitMemberType, EnableActions, DisableActions, MoveRadius, ShortMoveRadius, ChargeRadius, AttackRadius, RangedAttackRadius, MoveRate, ShortMoveRate, TurnRateMin, TurnRateMax, TurnFacingRateMin, TurnFacingRateMax, RollRateMin, RollRateMax, PitchRateMin, PitchRateMax, LOSRadiusScale, TargetRadius, TargetHeight, HasShortRangedAttack, HasLongRangedAttack, HasLeftRightAttack, HasStationaryMelee, HasStationaryRangedAttack, HasRefaceAfterCombat, ReformBeforeCombat, HasIndependentWeaponFacing, HasOpponentTracking, HasCollisionAttack, AttackAltitude, AltitudeDecelerationDistance, OnlyTurnInMovementActions, RushAttackFormation)
	SELECT	('ART_DEF_UNIT_MEMBER_VOLLEY_GUN'), EnableActions, DisableActions, MoveRadius, ShortMoveRadius, ChargeRadius, AttackRadius, RangedAttackRadius, MoveRate, ShortMoveRate, TurnRateMin, TurnRateMax, TurnFacingRateMin, TurnFacingRateMax, RollRateMin, RollRateMax, PitchRateMin, PitchRateMax, LOSRadiusScale, TargetRadius, TargetHeight, HasShortRangedAttack, HasLongRangedAttack, HasLeftRightAttack, HasStationaryMelee, HasStationaryRangedAttack, HasRefaceAfterCombat, ReformBeforeCombat, HasIndependentWeaponFacing, HasOpponentTracking, HasCollisionAttack, AttackAltitude, AltitudeDecelerationDistance, OnlyTurnInMovementActions, RushAttackFormation
	FROM ArtDefine_UnitMemberCombats WHERE (UnitMemberType = 'ART_DEF_UNIT_MEMBER_GATLINGGUN');

INSERT INTO ArtDefine_UnitMemberCombatWeapons (UnitMemberType, "Index", SubIndex, ID, VisKillStrengthMin, VisKillStrengthMax, ProjectileSpeed, ProjectileTurnRateMin, ProjectileTurnRateMax, HitEffect, HitEffectScale, HitRadius, ProjectileChildEffectScale, AreaDamageDelay, ContinuousFire, WaitForEffectCompletion, TargetGround, IsDropped, WeaponTypeTag, WeaponTypeSoundOverrideTag)
	SELECT ('ART_DEF_UNIT_MEMBER_VOLLEY_GUN'), "Index", SubIndex, ID, VisKillStrengthMin, VisKillStrengthMax, ProjectileSpeed, ProjectileTurnRateMin, ProjectileTurnRateMax, HitEffect, HitEffectScale, HitRadius, ProjectileChildEffectScale, AreaDamageDelay, ContinuousFire, WaitForEffectCompletion, TargetGround, IsDropped, WeaponTypeTag, WeaponTypeSoundOverrideTag
	FROM ArtDefine_UnitMemberCombatWeapons WHERE (UnitMemberType = 'ART_DEF_UNIT_MEMBER_GATLINGGUN');

INSERT INTO ArtDefine_UnitMemberInfos (Type, Scale, ZOffset, Domain, Model, MaterialTypeTag, MaterialTypeSoundOverrideTag)
	SELECT	('ART_DEF_UNIT_MEMBER_VOLLEY_GUN'), Scale, ZOffset, Domain, ('VolleyGun.fxsxml'), MaterialTypeTag, MaterialTypeSoundOverrideTag
	FROM ArtDefine_UnitMemberInfos WHERE (Type = 'ART_DEF_UNIT_MEMBER_GATLINGGUN');

INSERT INTO ArtDefine_StrategicView (StrategicViewType, TileType, Asset )
	SELECT	'ART_DEF_UNIT_VOLLEY_GUN', 'Unit', 'svvolley.dds';

-- CORVETTE

INSERT INTO ArtDefine_UnitInfos (Type,DamageStates,Formation)
	SELECT	('ART_DEF_UNIT_CORVETTE'), DamageStates, Formation
	FROM ArtDefine_UnitInfos WHERE (Type = 'ART_DEF_UNIT_FRIGATE');

INSERT INTO ArtDefine_UnitInfoMemberInfos (UnitInfoType,UnitMemberInfoType,NumMembers)
	SELECT	('ART_DEF_UNIT_CORVETTE'), ('ART_DEF_UNIT_MEMBER_CORVETTE'), NumMembers
	FROM ArtDefine_UnitInfoMemberInfos WHERE (UnitInfoType = 'ART_DEF_UNIT_FRIGATE');

INSERT INTO ArtDefine_UnitMemberCombats (UnitMemberType, EnableActions, DisableActions, MoveRadius, ShortMoveRadius, ChargeRadius, AttackRadius, RangedAttackRadius, MoveRate, ShortMoveRate, TurnRateMin, TurnRateMax, TurnFacingRateMin, TurnFacingRateMax, RollRateMin, RollRateMax, PitchRateMin, PitchRateMax, LOSRadiusScale, TargetRadius, TargetHeight, HasShortRangedAttack, HasLongRangedAttack, HasLeftRightAttack, HasStationaryMelee, HasStationaryRangedAttack, HasRefaceAfterCombat, ReformBeforeCombat, HasIndependentWeaponFacing, HasOpponentTracking, HasCollisionAttack, AttackAltitude, AltitudeDecelerationDistance, OnlyTurnInMovementActions, RushAttackFormation)
	SELECT	('ART_DEF_UNIT_MEMBER_CORVETTE'), EnableActions, DisableActions, MoveRadius, ShortMoveRadius, ChargeRadius, AttackRadius, RangedAttackRadius, MoveRate, ShortMoveRate, TurnRateMin, TurnRateMax, TurnFacingRateMin, TurnFacingRateMax, RollRateMin, RollRateMax, PitchRateMin, PitchRateMax, LOSRadiusScale, TargetRadius, TargetHeight, HasShortRangedAttack, HasLongRangedAttack, HasLeftRightAttack, HasStationaryMelee, HasStationaryRangedAttack, HasRefaceAfterCombat, ReformBeforeCombat, HasIndependentWeaponFacing, HasOpponentTracking, HasCollisionAttack, AttackAltitude, AltitudeDecelerationDistance, OnlyTurnInMovementActions, RushAttackFormation
	FROM ArtDefine_UnitMemberCombats WHERE (UnitMemberType = 'ART_DEF_UNIT_MEMBER_FRIGATE');

INSERT INTO ArtDefine_UnitMemberCombatWeapons (UnitMemberType, "Index", SubIndex, ID, VisKillStrengthMin, VisKillStrengthMax, ProjectileSpeed, ProjectileTurnRateMin, ProjectileTurnRateMax, HitEffect, HitEffectScale, HitRadius, ProjectileChildEffectScale, AreaDamageDelay, ContinuousFire, WaitForEffectCompletion, TargetGround, IsDropped, WeaponTypeTag, WeaponTypeSoundOverrideTag)
	SELECT ('ART_DEF_UNIT_MEMBER_CORVETTE'), "Index", SubIndex, ID, VisKillStrengthMin, VisKillStrengthMax, ProjectileSpeed, ProjectileTurnRateMin, ProjectileTurnRateMax, HitEffect, HitEffectScale, HitRadius, ProjectileChildEffectScale, AreaDamageDelay, ContinuousFire, WaitForEffectCompletion, TargetGround, IsDropped, WeaponTypeTag, WeaponTypeSoundOverrideTag
	FROM ArtDefine_UnitMemberCombatWeapons WHERE (UnitMemberType = 'ART_DEF_UNIT_MEMBER_FRIGATE');

INSERT INTO ArtDefine_UnitMemberInfos (Type, Scale, ZOffset, Domain, Model, MaterialTypeTag, MaterialTypeSoundOverrideTag)
	SELECT	('ART_DEF_UNIT_MEMBER_CORVETTE'), ('0.11'), ZOffset, Domain, Model, MaterialTypeTag, MaterialTypeSoundOverrideTag
	FROM ArtDefine_UnitMemberInfos WHERE (Type = 'ART_DEF_UNIT_MEMBER_FRIGATE');

INSERT INTO ArtDefine_StrategicView (StrategicViewType, TileType, Asset )
	SELECT	'ART_DEF_UNIT_CORVETTE', 'Unit', 'svcorvette.dds';

INSERT INTO ArtDefine_StrategicView (StrategicViewType, TileType, Asset )
	SELECT	'ART_DEF_UNIT_EXPLORER', 'Unit', 'svexplorer.dds';


	-- Cuirassier

INSERT INTO ArtDefine_UnitInfos(Type, DamageStates, Formation)
  VALUES ('ART_DEF_UNIT_CUIRASSIER', 1, 'DefaultCavalry');
INSERT INTO ArtDefine_UnitInfoMemberInfos(UnitInfoType, UnitMemberInfoType, NumMembers)
  VALUES ('ART_DEF_UNIT_CUIRASSIER', 'ART_DEF_UNIT_MEMBER_CUIRASSIER', 5);
INSERT INTO ArtDefine_UnitMemberInfos(Type, Scale, Model, MaterialTypeTag, MaterialTypeSoundOverrideTag)
  VALUES ('ART_DEF_UNIT_MEMBER_CUIRASSIER', 0.119999997317791, 'cuirassier.fxsxml', 'CLOTH', 'FLESH');
INSERT INTO ArtDefine_UnitMemberCombats(UnitMemberType, EnableActions, ShortMoveRadius, ShortMoveRate, TurnRateMin, TurnRateMax, TurnFacingRateMin, TurnFacingRateMax, TargetHeight, HasShortRangedAttack, HasStationaryMelee, HasRefaceAfterCombat, ReformBeforeCombat, OnlyTurnInMovementActions)
  VALUES ('ART_DEF_UNIT_MEMBER_CUIRASSIER', 'Idle Attack RunCharge AttackCity Bombard Death BombardDefend Run Fortify CombatReady Walk', 24.0, 0.349999994039536, 0.5, 0.75, 15.0, 20.0, 12.0, 1, 1, 1, 1, 1);
INSERT INTO ArtDefine_UnitMemberCombatWeapons(UnitMemberType, "Index", SubIndex, WeaponTypeTag, WeaponTypeSoundOverrideTag, MissTargetSlopRadius)
  VALUES ('ART_DEF_UNIT_MEMBER_CUIRASSIER', 0, 0, 'ARROW', 'ARROW', 10.0);
INSERT INTO ArtDefine_UnitMemberCombatWeapons(UnitMemberType, "Index", SubIndex, VisKillStrengthMin, VisKillStrengthMax, WeaponTypeTag, MissTargetSlopRadius)
  VALUES ('ART_DEF_UNIT_MEMBER_CUIRASSIER', 1, 0, 10.0, 20.0, 'FLAMING_ARROW', 10.0);
INSERT INTO ArtDefine_StrategicView(StrategicViewType, TileType, Asset)
  VALUES ('ART_DEF_UNIT_CUIRASSIER', 'Unit', 'svcuirassier.dds');

	-- Armored Car

INSERT INTO ArtDefine_UnitInfos(Type, DamageStates, Formation)
  VALUES ('ART_DEF_UNIT_ARMORED_CAR', 1, 'Vehicle');

INSERT INTO ArtDefine_UnitInfoMemberInfos(UnitInfoType, UnitMemberInfoType, NumMembers)
  VALUES ('ART_DEF_UNIT_ARMORED_CAR', 'ART_DEF_UNIT_MEMBER_ARMORED_CAR', 2);

INSERT INTO ArtDefine_UnitMemberInfos (Type, Scale, ZOffset, Domain, Model, MaterialTypeTag, MaterialTypeSoundOverrideTag)
	SELECT	('ART_DEF_UNIT_MEMBER_ARMORED_CAR'), ('0.11'), ZOffset, Domain, ('FordM1918.fxsxml'), MaterialTypeTag, MaterialTypeSoundOverrideTag
	FROM ArtDefine_UnitMemberInfos WHERE (Type = 'ART_DEF_UNIT_MEMBER_TANK');

INSERT INTO ArtDefine_UnitMemberCombats (UnitMemberType, EnableActions, DisableActions, MoveRadius, ShortMoveRadius, ChargeRadius, AttackRadius, RangedAttackRadius, MoveRate, ShortMoveRate, TurnRateMin, TurnRateMax, TurnFacingRateMin, TurnFacingRateMax, RollRateMin, RollRateMax, PitchRateMin, PitchRateMax, LOSRadiusScale, TargetRadius, TargetHeight, HasShortRangedAttack, HasLongRangedAttack, HasLeftRightAttack, HasStationaryMelee, HasStationaryRangedAttack, HasRefaceAfterCombat, ReformBeforeCombat, HasIndependentWeaponFacing, HasOpponentTracking, HasCollisionAttack, AttackAltitude, AltitudeDecelerationDistance, OnlyTurnInMovementActions, RushAttackFormation)
	SELECT	('ART_DEF_UNIT_MEMBER_ARMORED_CAR'), EnableActions, DisableActions, MoveRadius, ShortMoveRadius, ChargeRadius, AttackRadius, RangedAttackRadius, MoveRate, ShortMoveRate, TurnRateMin, TurnRateMax, TurnFacingRateMin, TurnFacingRateMax, RollRateMin, RollRateMax, PitchRateMin, PitchRateMax, LOSRadiusScale, TargetRadius, TargetHeight, HasShortRangedAttack, HasLongRangedAttack, HasLeftRightAttack, HasStationaryMelee, HasStationaryRangedAttack, HasRefaceAfterCombat, ReformBeforeCombat, HasIndependentWeaponFacing, HasOpponentTracking, HasCollisionAttack, AttackAltitude, AltitudeDecelerationDistance, OnlyTurnInMovementActions, RushAttackFormation
	FROM ArtDefine_UnitMemberCombats WHERE (UnitMemberType = 'ART_DEF_UNIT_MEMBER_TANK');

INSERT INTO ArtDefine_UnitMemberCombatWeapons (UnitMemberType, "Index", SubIndex, ID, VisKillStrengthMin, VisKillStrengthMax, ProjectileSpeed, ProjectileTurnRateMin, ProjectileTurnRateMax, HitEffect, HitEffectScale, HitRadius, ProjectileChildEffectScale, AreaDamageDelay, ContinuousFire, WaitForEffectCompletion, TargetGround, IsDropped, WeaponTypeTag, WeaponTypeSoundOverrideTag)
	SELECT ('ART_DEF_UNIT_MEMBER_ARMORED_CAR'), "Index", SubIndex, ID, VisKillStrengthMin, VisKillStrengthMax, ProjectileSpeed, ProjectileTurnRateMin, ProjectileTurnRateMax, HitEffect, HitEffectScale, HitRadius, ProjectileChildEffectScale, AreaDamageDelay, ContinuousFire, WaitForEffectCompletion, TargetGround, IsDropped, WeaponTypeTag, WeaponTypeSoundOverrideTag
	FROM ArtDefine_UnitMemberCombatWeapons WHERE (UnitMemberType = 'ART_DEF_UNIT_MEMBER_TANK');

INSERT INTO ArtDefine_StrategicView(StrategicViewType, TileType, Asset)
  VALUES ('ART_DEF_UNIT_ARMORED_CAR', 'Unit', 'svarmoredcar.dds');

  	-- Field Gun

INSERT INTO ArtDefine_UnitInfos(Type, DamageStates, Formation)
  VALUES ('ART_DEF_UNIT_FIELD_GUN', 1, 'Vehicle');

INSERT INTO ArtDefine_UnitInfoMemberInfos(UnitInfoType, UnitMemberInfoType, NumMembers)
  VALUES ('ART_DEF_UNIT_FIELD_GUN', 'ART_DEF_UNIT_MEMBER_FIELD_GUN', 3);

INSERT INTO ArtDefine_UnitMemberInfos (Type, Scale, ZOffset, Domain, Model, MaterialTypeTag, MaterialTypeSoundOverrideTag)
	SELECT	('ART_DEF_UNIT_MEMBER_FIELD_GUN'), ('0.12'), ZOffset, Domain, ('76mmArtillery.fxsxml'), MaterialTypeTag, MaterialTypeSoundOverrideTag
	FROM ArtDefine_UnitMemberInfos WHERE (Type = 'ART_DEF_UNIT_MEMBER_ARTILLERY');

INSERT INTO ArtDefine_UnitMemberCombats (UnitMemberType, EnableActions, DisableActions, MoveRadius, ShortMoveRadius, ChargeRadius, AttackRadius, RangedAttackRadius, MoveRate, ShortMoveRate, TurnRateMin, TurnRateMax, TurnFacingRateMin, TurnFacingRateMax, RollRateMin, RollRateMax, PitchRateMin, PitchRateMax, LOSRadiusScale, TargetRadius, TargetHeight, HasShortRangedAttack, HasLongRangedAttack, HasLeftRightAttack, HasStationaryMelee, HasStationaryRangedAttack, HasRefaceAfterCombat, ReformBeforeCombat, HasIndependentWeaponFacing, HasOpponentTracking, HasCollisionAttack, AttackAltitude, AltitudeDecelerationDistance, OnlyTurnInMovementActions, RushAttackFormation)
	SELECT	('ART_DEF_UNIT_MEMBER_FIELD_GUN'), EnableActions, DisableActions, MoveRadius, ShortMoveRadius, ChargeRadius, AttackRadius, RangedAttackRadius, MoveRate, ShortMoveRate, TurnRateMin, TurnRateMax, TurnFacingRateMin, TurnFacingRateMax, RollRateMin, RollRateMax, PitchRateMin, PitchRateMax, LOSRadiusScale, TargetRadius, TargetHeight, HasShortRangedAttack, HasLongRangedAttack, HasLeftRightAttack, HasStationaryMelee, HasStationaryRangedAttack, HasRefaceAfterCombat, ReformBeforeCombat, HasIndependentWeaponFacing, HasOpponentTracking, HasCollisionAttack, AttackAltitude, AltitudeDecelerationDistance, OnlyTurnInMovementActions, RushAttackFormation
	FROM ArtDefine_UnitMemberCombats WHERE (UnitMemberType = 'ART_DEF_UNIT_MEMBER_ARTILLERY');

INSERT INTO ArtDefine_UnitMemberCombatWeapons (UnitMemberType, "Index", SubIndex, ID, VisKillStrengthMin, VisKillStrengthMax, ProjectileSpeed, ProjectileTurnRateMin, ProjectileTurnRateMax, HitEffect, HitEffectScale, HitRadius, ProjectileChildEffectScale, AreaDamageDelay, ContinuousFire, WaitForEffectCompletion, TargetGround, IsDropped, WeaponTypeTag, WeaponTypeSoundOverrideTag)
	SELECT ('ART_DEF_UNIT_MEMBER_FIELD_GUN'), "Index", SubIndex, ID, VisKillStrengthMin, VisKillStrengthMax, ProjectileSpeed, ProjectileTurnRateMin, ProjectileTurnRateMax, HitEffect, HitEffectScale, HitRadius, ProjectileChildEffectScale, AreaDamageDelay, ContinuousFire, WaitForEffectCompletion, TargetGround, IsDropped, WeaponTypeTag, WeaponTypeSoundOverrideTag
	FROM ArtDefine_UnitMemberCombatWeapons WHERE (UnitMemberType = 'ART_DEF_UNIT_MEMBER_ARTILLERY');

INSERT INTO ArtDefine_StrategicView(StrategicViewType, TileType, Asset)
  VALUES ('ART_DEF_UNIT_FIELD_GUN', 'Unit', 'svfieldgun.dds');



-- Heavy Skirmisher

INSERT INTO ArtDefine_UnitInfos(Type, DamageStates, Formation)
  VALUES ('ART_DEF_UNIT_HEAVY_SKIRMISH', 1, 'DefaultCavalry');
INSERT INTO ArtDefine_UnitInfoMemberInfos(UnitInfoType, UnitMemberInfoType, NumMembers)
  VALUES ('ART_DEF_UNIT_HEAVY_SKIRMISH', 'ART_DEF_UNIT_MEMBER_HEAVY_SKIRMISH', 5);
INSERT INTO ArtDefine_UnitMemberInfos(Type, Scale, Model, MaterialTypeTag, MaterialTypeSoundOverrideTag)
  VALUES ('ART_DEF_UNIT_MEMBER_HEAVY_SKIRMISH', 0.119999997317791, 'Keshik_Mongol.fxsxml', 'CLOTH', 'FLESH');
INSERT INTO ArtDefine_UnitMemberCombats(UnitMemberType, EnableActions, ShortMoveRadius, ShortMoveRate, TurnRateMin, TurnRateMax, TurnFacingRateMin, TurnFacingRateMax, TargetHeight, HasShortRangedAttack, HasStationaryMelee, HasRefaceAfterCombat, ReformBeforeCombat, OnlyTurnInMovementActions)
  VALUES ('ART_DEF_UNIT_MEMBER_HEAVY_SKIRMISH', 'Idle Attack RunCharge AttackCity Bombard Death BombardDefend Run Fortify CombatReady Walk', 24.0, 0.349999994039536, 0.5, 0.75, 15.0, 20.0, 12.0, 1, 1, 1, 1, 1);
INSERT INTO ArtDefine_UnitMemberCombatWeapons(UnitMemberType, "Index", SubIndex, WeaponTypeTag, WeaponTypeSoundOverrideTag, MissTargetSlopRadius)
  VALUES ('ART_DEF_UNIT_MEMBER_HEAVY_SKIRMISH', 0, 0, 'ARROW', 'ARROW', 10.0);
INSERT INTO ArtDefine_UnitMemberCombatWeapons(UnitMemberType, "Index", SubIndex, VisKillStrengthMin, VisKillStrengthMax, WeaponTypeTag, MissTargetSlopRadius)
  VALUES ('ART_DEF_UNIT_MEMBER_HEAVY_SKIRMISH', 1, 0, 10.0, 20.0, 'FLAMING_ARROW', 10.0);
INSERT INTO ArtDefine_StrategicView(StrategicViewType, TileType, Asset)
  VALUES ('ART_DEF_UNIT_HEAVY_SKIRMISH', 'Unit', 'SV_Keshik.dds');

UPDATE ArtDefine_StrategicView
SET Asset = 'svmountedxbow.dds'
WHERE StrategicViewType = 'ART_DEF_UNIT_U_MONGOLIAN_KESHIK';


-- Guerilla
INSERT INTO ArtDefine_UnitInfos (Type,DamageStates,Formation)
	SELECT	('ART_DEF_UNIT_GUERILLA'), DamageStates, Formation
	FROM ArtDefine_UnitInfos WHERE (Type = 'ART_DEF_UNIT_WW2_INFANTRY');

INSERT INTO ArtDefine_UnitInfoMemberInfos (UnitInfoType,UnitMemberInfoType,NumMembers)
	SELECT	('ART_DEF_UNIT_GUERILLA'), ('ART_DEF_UNIT_MEMBER_GUERILLA'), NumMembers
	FROM ArtDefine_UnitInfoMemberInfos WHERE (UnitInfoType = 'ART_DEF_UNIT_WW2_INFANTRY');

INSERT INTO ArtDefine_UnitMemberCombats (UnitMemberType, EnableActions, DisableActions, MoveRadius, ShortMoveRadius, ChargeRadius, AttackRadius, RangedAttackRadius, MoveRate, ShortMoveRate, TurnRateMin, TurnRateMax, TurnFacingRateMin, TurnFacingRateMax, RollRateMin, RollRateMax, PitchRateMin, PitchRateMax, LOSRadiusScale, TargetRadius, TargetHeight, HasShortRangedAttack, HasLongRangedAttack, HasLeftRightAttack, HasStationaryMelee, HasStationaryRangedAttack, HasRefaceAfterCombat, ReformBeforeCombat, HasIndependentWeaponFacing, HasOpponentTracking, HasCollisionAttack, AttackAltitude, AltitudeDecelerationDistance, OnlyTurnInMovementActions, RushAttackFormation)
	SELECT	('ART_DEF_UNIT_MEMBER_GUERILLA'), EnableActions, DisableActions, MoveRadius, ShortMoveRadius, ChargeRadius, AttackRadius, RangedAttackRadius, MoveRate, ShortMoveRate, TurnRateMin, TurnRateMax, TurnFacingRateMin, TurnFacingRateMax, RollRateMin, RollRateMax, PitchRateMin, PitchRateMax, LOSRadiusScale, TargetRadius, TargetHeight, HasShortRangedAttack, HasLongRangedAttack, HasLeftRightAttack, HasStationaryMelee, HasStationaryRangedAttack, HasRefaceAfterCombat, ReformBeforeCombat, HasIndependentWeaponFacing, HasOpponentTracking, HasCollisionAttack, AttackAltitude, AltitudeDecelerationDistance, OnlyTurnInMovementActions, RushAttackFormation
	FROM ArtDefine_UnitMemberCombats WHERE (UnitMemberType = 'ART_DEF_UNIT_MEMBER_INFANTRY');

INSERT INTO ArtDefine_UnitMemberCombatWeapons (UnitMemberType, "Index", SubIndex, ID, VisKillStrengthMin, VisKillStrengthMax, ProjectileSpeed, ProjectileTurnRateMin, ProjectileTurnRateMax, HitEffect, HitEffectScale, HitRadius, ProjectileChildEffectScale, AreaDamageDelay, ContinuousFire, WaitForEffectCompletion, TargetGround, IsDropped, WeaponTypeTag, WeaponTypeSoundOverrideTag)
	SELECT ('ART_DEF_UNIT_MEMBER_GUERILLA'), "Index", SubIndex, ID, VisKillStrengthMin, VisKillStrengthMax, ProjectileSpeed, ProjectileTurnRateMin, ProjectileTurnRateMax, HitEffect, HitEffectScale, HitRadius, ProjectileChildEffectScale, AreaDamageDelay, ContinuousFire, WaitForEffectCompletion, TargetGround, IsDropped, WeaponTypeTag, WeaponTypeSoundOverrideTag
	FROM ArtDefine_UnitMemberCombatWeapons WHERE (UnitMemberType = 'ART_DEF_UNIT_MEMBER_INFANTRY');

INSERT INTO ArtDefine_UnitMemberInfos (Type, Scale, ZOffset, Domain, Model, MaterialTypeTag, MaterialTypeSoundOverrideTag)
	SELECT	('ART_DEF_UNIT_MEMBER_GUERILLA'), Scale, ZOffset, Domain, ('japgw1.fxsxml'), MaterialTypeTag, MaterialTypeSoundOverrideTag
	FROM ArtDefine_UnitMemberInfos WHERE (Type = 'ART_DEF_UNIT_MEMBER_INFANTRY');

INSERT INTO ArtDefine_StrategicView (StrategicViewType, TileType, Asset )
	SELECT	'ART_DEF_UNIT_GUERILLA', 'Unit', 'svsoviet.dds';


-- Guerilla
INSERT INTO ArtDefine_UnitInfos (Type,DamageStates,Formation)
	SELECT	('ART_DEF_UNIT_MERC'), DamageStates, Formation
	FROM ArtDefine_UnitInfos WHERE (Type = 'ART_DEF_UNIT_WW2_INFANTRY');

INSERT INTO ArtDefine_UnitInfoMemberInfos (UnitInfoType,UnitMemberInfoType,NumMembers)
	SELECT	('ART_DEF_UNIT_MERC'), ('ART_DEF_UNIT_MERC_GUERILLA'), NumMembers
	FROM ArtDefine_UnitInfoMemberInfos WHERE (UnitInfoType = 'ART_DEF_UNIT_WW2_INFANTRY');

INSERT INTO ArtDefine_UnitMemberCombats (UnitMemberType, EnableActions, DisableActions, MoveRadius, ShortMoveRadius, ChargeRadius, AttackRadius, RangedAttackRadius, MoveRate, ShortMoveRate, TurnRateMin, TurnRateMax, TurnFacingRateMin, TurnFacingRateMax, RollRateMin, RollRateMax, PitchRateMin, PitchRateMax, LOSRadiusScale, TargetRadius, TargetHeight, HasShortRangedAttack, HasLongRangedAttack, HasLeftRightAttack, HasStationaryMelee, HasStationaryRangedAttack, HasRefaceAfterCombat, ReformBeforeCombat, HasIndependentWeaponFacing, HasOpponentTracking, HasCollisionAttack, AttackAltitude, AltitudeDecelerationDistance, OnlyTurnInMovementActions, RushAttackFormation)
	SELECT	('ART_DEF_UNIT_MERC_GUERILLA'), EnableActions, DisableActions, MoveRadius, ShortMoveRadius, ChargeRadius, AttackRadius, RangedAttackRadius, MoveRate, ShortMoveRate, TurnRateMin, TurnRateMax, TurnFacingRateMin, TurnFacingRateMax, RollRateMin, RollRateMax, PitchRateMin, PitchRateMax, LOSRadiusScale, TargetRadius, TargetHeight, HasShortRangedAttack, HasLongRangedAttack, HasLeftRightAttack, HasStationaryMelee, HasStationaryRangedAttack, HasRefaceAfterCombat, ReformBeforeCombat, HasIndependentWeaponFacing, HasOpponentTracking, HasCollisionAttack, AttackAltitude, AltitudeDecelerationDistance, OnlyTurnInMovementActions, RushAttackFormation
	FROM ArtDefine_UnitMemberCombats WHERE (UnitMemberType = 'ART_DEF_UNIT_MEMBER_INFANTRY');

INSERT INTO ArtDefine_UnitMemberCombatWeapons (UnitMemberType, "Index", SubIndex, ID, VisKillStrengthMin, VisKillStrengthMax, ProjectileSpeed, ProjectileTurnRateMin, ProjectileTurnRateMax, HitEffect, HitEffectScale, HitRadius, ProjectileChildEffectScale, AreaDamageDelay, ContinuousFire, WaitForEffectCompletion, TargetGround, IsDropped, WeaponTypeTag, WeaponTypeSoundOverrideTag)
	SELECT ('ART_DEF_UNIT_MERC_GUERILLA'), "Index", SubIndex, ID, VisKillStrengthMin, VisKillStrengthMax, ProjectileSpeed, ProjectileTurnRateMin, ProjectileTurnRateMax, HitEffect, HitEffectScale, HitRadius, ProjectileChildEffectScale, AreaDamageDelay, ContinuousFire, WaitForEffectCompletion, TargetGround, IsDropped, WeaponTypeTag, WeaponTypeSoundOverrideTag
	FROM ArtDefine_UnitMemberCombatWeapons WHERE (UnitMemberType = 'ART_DEF_UNIT_MEMBER_INFANTRY');

INSERT INTO ArtDefine_UnitMemberInfos (Type, Scale, ZOffset, Domain, Model, MaterialTypeTag, MaterialTypeSoundOverrideTag)
	SELECT	('ART_DEF_UNIT_MERC_GUERILLA'), Scale, ZOffset, Domain, ('RussianSF.fxsxml'), MaterialTypeTag, MaterialTypeSoundOverrideTag
	FROM ArtDefine_UnitMemberInfos WHERE (Type = 'ART_DEF_UNIT_MEMBER_INFANTRY');

INSERT INTO ArtDefine_StrategicView (StrategicViewType, TileType, Asset )
	SELECT	'ART_DEF_UNIT_MERC', 'Unit', 'svmerc.dds';


-- Landship

-- Explorer, Pioneer, Colonist
INSERT INTO ArtDefine_StrategicView (StrategicViewType, TileType, Asset )
	VALUES	('ART_DEF_UNIT_EXPLORER_CBP', 'Unit', 'SV_Explorer.dds'),
		('ART_DEF_UNIT_PIONEER', 'Unit', 'SV_Settler.dds'),
		('ART_DEF_UNIT_COLONIST', 'Unit', 'SV_Settler.dds');
