
INSERT INTO EventChoice_FreeUnitClasses (EventChoiceType, UnitClassType, Quantity) VALUES ('PLAYER_EVENT_WAR_WEARINESS_CHOICE_4', 'UNITCLASS_GREAT_WAR_INFANTRY', 1);

INSERT INTO EventChoice_BuildingClassYieldModifier (EventChoiceType, BuildingClassType, YieldType, Modifier) VALUES ('PLAYER_EVENT_WAR_FERVOR_CHOICE_4', 'BUILDINGCLASS_FACTORY', 'YIELD_PRODUCTION', 10);
INSERT INTO EventChoice_BuildingClassYieldModifier (EventChoiceType, BuildingClassType, YieldType, Modifier) VALUES ('PLAYER_EVENT_WAR_FERVOR_CHOICE_5', 'BUILDINGCLASS_BANK', 'YIELD_GOLD', 20);

INSERT INTO EventChoice_CityYield (EventChoiceType, YieldType, Yield) VALUES ('PLAYER_EVENT_ICE_AGE_CHOICE_1', 'YIELD_GOLD', -2);
INSERT INTO EventChoice_CityYield (EventChoiceType, YieldType, Yield) VALUES ('PLAYER_EVENT_ICE_AGE_CHOICE_2', 'YIELD_PRODUCTION', -2);

-- Table: Events
INSERT INTO Events (ID, Type, Description, Help, EventArt, EventAudio, RandomChance, RandomChanceDelta, IsOneShot, Global, EraScaling, EventCooldown, NumChoices, MinimumNationalPopulation, MinimumNumberCities, RequiredCiv, RequiredEra, IsUnhappy, ObsoleteEra, ImprovementAnywhereRequired, RequiredPolicy, RequiredIdeology, RequiresWar, RequiresWarMinor, UnitClassRequired, PrereqTech, ObsoleteTech, RequiresPantheon, RequiredReligion, RequiredStateReligion, RequiresAnyStateReligion, RequiredAnywhereBuildingClass, RequiredNowhereBuildingClass, RequiresHolyCity, RequiresIdeology, RequiredActiveEvent, RequiredActiveEventChoice, RequiredActiveCityEvent, RequiredActiveCityEventChoice, RequiredNoActivePlayerEvent, RequiredNoActivePlayerEventChoice, RequiredActiveEventOtherPlayer, RequiredActiveEventChoiceOtherPlayer) VALUES ('0', 'PLAYER_EVENT_COMET', 'TXT_KEY_PLAYER_EVENT_COMET_DESCRIPTION', 'TXT_KEY_PLAYER_EVENT_COMET_HELP', NULL, NULL, 1, 1, 'false', 'true', 'true', 200, 3, 1, 1, NULL, NULL, 'false', NULL, NULL, NULL, NULL, 'false', 'false', NULL, NULL, NULL, 'false', NULL, NULL, 'false', NULL, NULL, 'false', 'false', NULL, NULL, NULL, NULL, 'PLAYER_EVENT_COMET', NULL, NULL, NULL);
INSERT INTO Events (Type, Description, Help, EventArt, EventAudio, RandomChance, RandomChanceDelta, IsOneShot, Global, EraScaling, EventCooldown, NumChoices, MinimumNationalPopulation, MinimumNumberCities, RequiredCiv, RequiredEra, IsUnhappy, ObsoleteEra, ImprovementAnywhereRequired, RequiredPolicy, RequiredIdeology, RequiresWar, RequiresWarMinor, UnitClassRequired, PrereqTech, ObsoleteTech, RequiresPantheon, RequiredReligion, RequiredStateReligion, RequiresAnyStateReligion, RequiredAnywhereBuildingClass, RequiredNowhereBuildingClass, RequiresHolyCity, RequiresIdeology, RequiredActiveEvent, RequiredActiveEventChoice, RequiredActiveCityEvent, RequiredActiveCityEventChoice, RequiredNoActivePlayerEvent, RequiredNoActivePlayerEventChoice, RequiredActiveEventOtherPlayer, RequiredActiveEventChoiceOtherPlayer) VALUES ('PLAYER_EVENT_METEOR', 'TXT_KEY_PLAYER_EVENT_METEOR_DESCRIPTION', 'TXT_KEY_PLAYER_EVENT_METEOR_HELP', NULL, NULL, 1, 2, 'false', 'false', 'true', 150, 3, 5, 2, NULL, NULL, 'false', NULL, NULL, NULL, NULL, 'false', 'false', NULL, NULL, NULL, 'false', NULL, NULL, 'false', NULL, NULL, 'false', 'false', NULL, NULL, NULL, NULL, 'PLAYER_EVENT_METEOR', NULL, NULL, NULL);
INSERT INTO Events (Type, Description, Help, EventArt, EventAudio, RandomChance, RandomChanceDelta, IsOneShot, Global, EraScaling, EventCooldown, NumChoices, MinimumNationalPopulation, MinimumNumberCities, RequiredCiv, RequiredEra, IsUnhappy, ObsoleteEra, ImprovementAnywhereRequired, RequiredPolicy, RequiredIdeology, RequiresWar, RequiresWarMinor, UnitClassRequired, PrereqTech, ObsoleteTech, RequiresPantheon, RequiredReligion, RequiredStateReligion, RequiresAnyStateReligion, RequiredAnywhereBuildingClass, RequiredNowhereBuildingClass, RequiresHolyCity, RequiresIdeology, RequiredActiveEvent, RequiredActiveEventChoice, RequiredActiveCityEvent, RequiredActiveCityEventChoice, RequiredNoActivePlayerEvent, RequiredNoActivePlayerEventChoice, RequiredActiveEventOtherPlayer, RequiredActiveEventChoiceOtherPlayer) VALUES ('PLAYER_EVENT_ECLIPSE', 'TXT_KEY_PLAYER_EVENT_ECLIPSE_DESCRIPTION', 'TXT_KEY_PLAYER_EVENT_ECLIPSE_HELP', NULL, NULL, 5, 1, 'false', 'true', 'true', 150, 3, 10, 3, NULL, NULL, 'false', NULL, NULL, NULL, NULL, 'false', 'false', NULL, NULL, NULL, 'false', NULL, NULL, 'false', NULL, NULL, 'false', 'false', NULL, NULL, NULL, NULL, 'PLAYER_EVENT_ECLIPSE', NULL, NULL, NULL);
INSERT INTO Events (Type, Description, Help, EventArt, EventAudio, RandomChance, RandomChanceDelta, IsOneShot, Global, EraScaling, EventCooldown, NumChoices, MinimumNationalPopulation, MinimumNumberCities, RequiredCiv, RequiredEra, IsUnhappy, ObsoleteEra, ImprovementAnywhereRequired, RequiredPolicy, RequiredIdeology, RequiresWar, RequiresWarMinor, UnitClassRequired, PrereqTech, ObsoleteTech, RequiresPantheon, RequiredReligion, RequiredStateReligion, RequiresAnyStateReligion, RequiredAnywhereBuildingClass, RequiredNowhereBuildingClass, RequiresHolyCity, RequiresIdeology, RequiredActiveEvent, RequiredActiveEventChoice, RequiredActiveCityEvent, RequiredActiveCityEventChoice, RequiredNoActivePlayerEvent, RequiredNoActivePlayerEventChoice, RequiredActiveEventOtherPlayer, RequiredActiveEventChoiceOtherPlayer) VALUES ('PLAYER_EVENT_HEAT_WAVE', 'TXT_KEY_PLAYER_EVENT_HEAT_WAVE_DESCRIPTION', 'TXT_KEY_PLAYER_EVENT_HEAT_WAVE_HELP', NULL, NULL, 10, 0, 'false', 'true', 'true', 100, 3, 15, 3, NULL, NULL, 'false', NULL, NULL, NULL, NULL, 'false', 'false', NULL, NULL, NULL, 'false', NULL, NULL, 'false', NULL, NULL, 'false', 'false', NULL, NULL, NULL, NULL, 'PLAYER_EVENT_ICE_AGE', NULL, NULL, NULL);
INSERT INTO Events (Type, Description, Help, EventArt, EventAudio, RandomChance, RandomChanceDelta, IsOneShot, Global, EraScaling, EventCooldown, NumChoices, MinimumNationalPopulation, MinimumNumberCities, RequiredCiv, RequiredEra, IsUnhappy, ObsoleteEra, ImprovementAnywhereRequired, RequiredPolicy, RequiredIdeology, RequiresWar, RequiresWarMinor, UnitClassRequired, PrereqTech, ObsoleteTech, RequiresPantheon, RequiredReligion, RequiredStateReligion, RequiresAnyStateReligion, RequiredAnywhereBuildingClass, RequiredNowhereBuildingClass, RequiresHolyCity, RequiresIdeology, RequiredActiveEvent, RequiredActiveEventChoice, RequiredActiveCityEvent, RequiredActiveCityEventChoice, RequiredNoActivePlayerEvent, RequiredNoActivePlayerEventChoice, RequiredActiveEventOtherPlayer, RequiredActiveEventChoiceOtherPlayer) VALUES ('PLAYER_EVENT_ICE_AGE', 'TXT_KEY_PLAYER_EVENT_ICE_AGE_DESCRIPTION', 'TXT_KEY_PLAYER_EVENT_ICE_AGE_HELP', NULL, NULL, 10, 0, 'false', 'true', 'true', 50, 3, 15, 3, NULL, NULL, 'false', NULL, NULL, NULL, NULL, 'false', 'false', NULL, NULL, NULL, 'false', NULL, NULL, 'false', NULL, NULL, 'false', 'false', NULL, NULL, NULL, NULL, 'PLAYER_EVENT_HEAT_WAVE', NULL, NULL, NULL);
INSERT INTO Events (Type, Description, Help, EventArt, EventAudio, RandomChance, RandomChanceDelta, IsOneShot, Global, EraScaling, EventCooldown, NumChoices, MinimumNationalPopulation, MinimumNumberCities, RequiredCiv, RequiredEra, IsUnhappy, ObsoleteEra, ImprovementAnywhereRequired, RequiredPolicy, RequiredIdeology, RequiresWar, RequiresWarMinor, UnitClassRequired, PrereqTech, ObsoleteTech, RequiresPantheon, RequiredReligion, RequiredStateReligion, RequiresAnyStateReligion, RequiredAnywhereBuildingClass, RequiredNowhereBuildingClass, RequiresHolyCity, RequiresIdeology, RequiredActiveEvent, RequiredActiveEventChoice, RequiredActiveCityEvent, RequiredActiveCityEventChoice, RequiredNoActivePlayerEvent, RequiredNoActivePlayerEventChoice, RequiredActiveEventOtherPlayer, RequiredActiveEventChoiceOtherPlayer) VALUES ('PLAYER_EVENT_REVOLUTION', 'TXT_KEY_PLAYER_EVENT_REVOLUTION_DESCRIPTION', 'TXT_KEY_PLAYER_EVENT_REVOLUTION_HELP', NULL, NULL, 10, 0, 'false', 'false', 'true', 100, 3, 20, 4, NULL, NULL, 'true', NULL, NULL, NULL, NULL, 'false', 'false', NULL, NULL, NULL, 'false', NULL, NULL, 'false', NULL, NULL, 'false', 'false', NULL, NULL, NULL, NULL, NULL, NULL, NULL, NULL);
INSERT INTO Events (Type, Description, Help, EventArt, EventAudio, RandomChance, RandomChanceDelta, IsOneShot, Global, EraScaling, EventCooldown, NumChoices, MinimumNationalPopulation, MinimumNumberCities, RequiredCiv, RequiredEra, IsUnhappy, ObsoleteEra, ImprovementAnywhereRequired, RequiredPolicy, RequiredIdeology, RequiresWar, RequiresWarMinor, UnitClassRequired, PrereqTech, ObsoleteTech, RequiresPantheon, RequiredReligion, RequiredStateReligion, RequiresAnyStateReligion, RequiredAnywhereBuildingClass, RequiredNowhereBuildingClass, RequiresHolyCity, RequiresIdeology, RequiredActiveEvent, RequiredActiveEventChoice, RequiredActiveCityEvent, RequiredActiveCityEventChoice, RequiredNoActivePlayerEvent, RequiredNoActivePlayerEventChoice, RequiredActiveEventOtherPlayer, RequiredActiveEventChoiceOtherPlayer) VALUES ('PLAYER_EVENT_WAR_FERVOR', 'TXT_KEY_PLAYER_EVENT_WAR_FERVOR_DESCRIPTION', 'TXT_KEY_PLAYER_EVENT_WAR_FERVOR_HELP', NULL, NULL, 5, 1, 'false', 'false', 'true', 100, 3, 20, 4, NULL, NULL, 'false', NULL, NULL, NULL, NULL, 'true', 'false', NULL, 'TECH_ARCHERY', NULL, 'false', NULL, NULL, 'false', NULL, NULL, 'false', 'false', NULL, NULL, NULL, NULL, NULL, NULL, NULL, NULL);
INSERT INTO Events (Type, Description, Help, EventArt, EventAudio, RandomChance, RandomChanceDelta, IsOneShot, Global, EraScaling, EventCooldown, NumChoices, MinimumNationalPopulation, MinimumNumberCities, RequiredCiv, RequiredEra, IsUnhappy, ObsoleteEra, ImprovementAnywhereRequired, RequiredPolicy, RequiredIdeology, RequiresWar, RequiresWarMinor, UnitClassRequired, PrereqTech, ObsoleteTech, RequiresPantheon, RequiredReligion, RequiredStateReligion, RequiresAnyStateReligion, RequiredAnywhereBuildingClass, RequiredNowhereBuildingClass, RequiresHolyCity, RequiresIdeology, RequiredActiveEvent, RequiredActiveEventChoice, RequiredActiveCityEvent, RequiredActiveCityEventChoice, RequiredNoActivePlayerEvent, RequiredNoActivePlayerEventChoice, RequiredActiveEventOtherPlayer, RequiredActiveEventChoiceOtherPlayer) VALUES ('PLAYER_EVENT_WAR_WEARINESS', 'TXT_KEY_PLAYER_EVENT_WAR_WEARINESS_DESCRIPTION', 'TXT_KEY_PLAYER_EVENT_WAR_WEARINESS_HELP', NULL, NULL, 5, 1, 'false', 'false', 'true', 100, 3, 20, 4, NULL, NULL, 'true', NULL, NULL, NULL, NULL, 'true', 'false', NULL, 'TECH_ARCHERY', NULL, 'false', NULL, NULL, 'false', NULL, NULL, 'false', 'false', NULL, NULL, NULL, NULL, NULL, NULL, NULL, NULL);


-- Table: EventChoices
INSERT INTO EventChoices (ID, Type, Description, Help, EventChoiceAudio, IsOneShot, EventDuration, EraScaling, EventChance, Expires, MinimumNationalPopulation, MinimumNumberCities, RequiredCiv, RequiredEra, IsUnhappy, ObsoleteEra, ImprovementAnywhereRequired, RequiredPolicy, RequiredIdeology, RequiresWar, RequiresWarMinor, UnitClassRequired, PrereqTech, ObsoleteTech, RequiresPantheon, RequiredReligion, RequiredStateReligion, RequiresAnyStateReligion, RequiredAnywhereBuildingClass, RequiredNowhereBuildingClass, RequiresHolyCity, RequiresIdeology, RequiredActiveEvent, RequiredActiveEventChoice, RequiredActiveCityEvent, RequiredActiveCityEventChoice, RequiredNoActivePlayerEvent, RequiredNoActivePlayerEventChoice, RequiredActiveEventOtherPlayer, RequiredActiveEventChoiceOtherPlayer, EventPolicy, EventPromotion, EventBuildingClassGlobal, EventFreePolicies, FreeGreatPeople, GoldenAgeTurns, WLTKDTurns, ResistanceTurns, PlayerHappiness, HappinessPerCity, RandomBarbarianSpawn) VALUES ('0', 'PLAYER_EVENT_COMET_CHOICE_1', 'TXT_KEY_EVENT_COMET_CHOICE_1', 'TXT_KEY_EVENT_COMET_CHOICE_1_HELP', 'AS2D_EVENT_CHOICE', 'false', 30, 'true', 0, 'false', 0, 0, NULL, NULL, 'false', NULL, NULL, NULL, NULL, 'false', 'false', NULL, NULL, NULL, 'false', NULL, NULL, 'false', NULL, NULL, 'false', 'false', NULL, NULL, NULL, NULL, NULL, NULL, NULL, NULL, NULL, NULL, NULL, 0, 0, 0, 0, 0, 0, 0, 0);
INSERT INTO EventChoices (Type, Description, Help, EventChoiceAudio, IsOneShot, EventDuration, EraScaling, EventChance, Expires, MinimumNationalPopulation, MinimumNumberCities, RequiredCiv, RequiredEra, IsUnhappy, ObsoleteEra, ImprovementAnywhereRequired, RequiredPolicy, RequiredIdeology, RequiresWar, RequiresWarMinor, UnitClassRequired, PrereqTech, ObsoleteTech, RequiresPantheon, RequiredReligion, RequiredStateReligion, RequiresAnyStateReligion, RequiredAnywhereBuildingClass, RequiredNowhereBuildingClass, RequiresHolyCity, RequiresIdeology, RequiredActiveEvent, RequiredActiveEventChoice, RequiredActiveCityEvent, RequiredActiveCityEventChoice, RequiredNoActivePlayerEvent, RequiredNoActivePlayerEventChoice, RequiredActiveEventOtherPlayer, RequiredActiveEventChoiceOtherPlayer, EventPolicy, EventPromotion, EventBuildingClassGlobal, EventFreePolicies, FreeGreatPeople, GoldenAgeTurns, WLTKDTurns, ResistanceTurns, PlayerHappiness, HappinessPerCity, RandomBarbarianSpawn) VALUES ('PLAYER_EVENT_COMET_CHOICE_2', 'TXT_KEY_EVENT_COMET_CHOICE_2', 'TXT_KEY_EVENT_COMET_CHOICE_2_HELP', 'AS2D_EVENT_CHOICE', 'false', 30, 'false', 0, 'true', 0, 0, NULL, NULL, 'false', NULL, NULL, NULL, NULL, 'false', 'false', NULL, NULL, NULL, 'true', NULL, NULL, 'false', NULL, NULL, 'false', 'false', NULL, NULL, NULL, NULL, NULL, NULL, NULL, NULL, NULL, NULL, NULL, 0, 0, 0, 0, 0, 0, 1, 0);
INSERT INTO EventChoices (Type, Description, Help, EventChoiceAudio, IsOneShot, EventDuration, EraScaling, EventChance, Expires, MinimumNationalPopulation, MinimumNumberCities, RequiredCiv, RequiredEra, IsUnhappy, ObsoleteEra, ImprovementAnywhereRequired, RequiredPolicy, RequiredIdeology, RequiresWar, RequiresWarMinor, UnitClassRequired, PrereqTech, ObsoleteTech, RequiresPantheon, RequiredReligion, RequiredStateReligion, RequiresAnyStateReligion, RequiredAnywhereBuildingClass, RequiredNowhereBuildingClass, RequiresHolyCity, RequiresIdeology, RequiredActiveEvent, RequiredActiveEventChoice, RequiredActiveCityEvent, RequiredActiveCityEventChoice, RequiredNoActivePlayerEvent, RequiredNoActivePlayerEventChoice, RequiredActiveEventOtherPlayer, RequiredActiveEventChoiceOtherPlayer, EventPolicy, EventPromotion, EventBuildingClassGlobal, EventFreePolicies, FreeGreatPeople, GoldenAgeTurns, WLTKDTurns, ResistanceTurns, PlayerHappiness, HappinessPerCity, RandomBarbarianSpawn) VALUES ('PLAYER_EVENT_COMET_CHOICE_3', 'TXT_KEY_EVENT_COMET_CHOICE_3', 'TXT_KEY_EVENT_COMET_CHOICE_3_HELP', 'AS2D_EVENT_CHOICE', 'false', 30, 'true', 50, 'false', 0, 0, NULL, NULL, 'false', NULL, NULL, NULL, NULL, 'false', 'false', NULL, NULL, NULL, 'false', NULL, NULL, 'false', NULL, NULL, 'true', 'false', NULL, NULL, NULL, NULL, NULL, NULL, NULL, NULL, NULL, NULL, NULL, 0, 0, 0, 0, 0, 0, 0, 0);
INSERT INTO EventChoices (Type, Description, Help, EventChoiceAudio, IsOneShot, EventDuration, EraScaling, EventChance, Expires, MinimumNationalPopulation, MinimumNumberCities, RequiredCiv, RequiredEra, IsUnhappy, ObsoleteEra, ImprovementAnywhereRequired, RequiredPolicy, RequiredIdeology, RequiresWar, RequiresWarMinor, UnitClassRequired, PrereqTech, ObsoleteTech, RequiresPantheon, RequiredReligion, RequiredStateReligion, RequiresAnyStateReligion, RequiredAnywhereBuildingClass, RequiredNowhereBuildingClass, RequiresHolyCity, RequiresIdeology, RequiredActiveEvent, RequiredActiveEventChoice, RequiredActiveCityEvent, RequiredActiveCityEventChoice, RequiredNoActivePlayerEvent, RequiredNoActivePlayerEventChoice, RequiredActiveEventOtherPlayer, RequiredActiveEventChoiceOtherPlayer, EventPolicy, EventPromotion, EventBuildingClassGlobal, EventFreePolicies, FreeGreatPeople, GoldenAgeTurns, WLTKDTurns, ResistanceTurns, PlayerHappiness, HappinessPerCity, RandomBarbarianSpawn) VALUES ('PLAYER_EVENT_COMET_CHOICE_4', 'TXT_KEY_EVENT_COMET_CHOICE_4', 'TXT_KEY_EVENT_COMET_CHOICE_4_HELP', 'AS2D_EVENT_CHOICE', 'false', 30, 'true', 0, 'false', 0, 0, NULL, NULL, 'false', NULL, NULL, NULL, NULL, 'false', 'false', NULL, NULL, NULL, 'false', NULL, NULL, 'false', 'BUILDINGCLASS_OBSERVATORY', NULL, 'false', 'false', NULL, NULL, NULL, NULL, NULL, NULL, NULL, NULL, NULL, NULL, NULL, 0, 0, 0, 0, 0, 0, 0, 0);
INSERT INTO EventChoices (Type, Description, Help, EventChoiceAudio, IsOneShot, EventDuration, EraScaling, EventChance, Expires, MinimumNationalPopulation, MinimumNumberCities, RequiredCiv, RequiredEra, IsUnhappy, ObsoleteEra, ImprovementAnywhereRequired, RequiredPolicy, RequiredIdeology, RequiresWar, RequiresWarMinor, UnitClassRequired, PrereqTech, ObsoleteTech, RequiresPantheon, RequiredReligion, RequiredStateReligion, RequiresAnyStateReligion, RequiredAnywhereBuildingClass, RequiredNowhereBuildingClass, RequiresHolyCity, RequiresIdeology, RequiredActiveEvent, RequiredActiveEventChoice, RequiredActiveCityEvent, RequiredActiveCityEventChoice, RequiredNoActivePlayerEvent, RequiredNoActivePlayerEventChoice, RequiredActiveEventOtherPlayer, RequiredActiveEventChoiceOtherPlayer, EventPolicy, EventPromotion, EventBuildingClassGlobal, EventFreePolicies, FreeGreatPeople, GoldenAgeTurns, WLTKDTurns, ResistanceTurns, PlayerHappiness, HappinessPerCity, RandomBarbarianSpawn) VALUES ('PLAYER_EVENT_METEOR_CHOICE_1', 'TXT_KEY_PLAYER_EVENT_METEOR_CHOICE_1', 'TXT_KEY_PLAYER_EVENT_METEOR_CHOICE_1_HELP', 'AS2D_EVENT_CHOICE', 'false', 30, 'false', 50, 'false', 0, 0, NULL, NULL, 'false', NULL, NULL, NULL, NULL, 'false', 'false', NULL, 'TECH_BRONZE_WORKING', NULL, 'false', NULL, NULL, 'false', NULL, NULL, 'false', 'false', NULL, NULL, NULL, NULL, NULL, NULL, NULL, NULL, NULL, NULL, NULL, 0, 0, 0, 0, 0, 0, 0, 0);
INSERT INTO EventChoices (Type, Description, Help, EventChoiceAudio, IsOneShot, EventDuration, EraScaling, EventChance, Expires, MinimumNationalPopulation, MinimumNumberCities, RequiredCiv, RequiredEra, IsUnhappy, ObsoleteEra, ImprovementAnywhereRequired, RequiredPolicy, RequiredIdeology, RequiresWar, RequiresWarMinor, UnitClassRequired, PrereqTech, ObsoleteTech, RequiresPantheon, RequiredReligion, RequiredStateReligion, RequiresAnyStateReligion, RequiredAnywhereBuildingClass, RequiredNowhereBuildingClass, RequiresHolyCity, RequiresIdeology, RequiredActiveEvent, RequiredActiveEventChoice, RequiredActiveCityEvent, RequiredActiveCityEventChoice, RequiredNoActivePlayerEvent, RequiredNoActivePlayerEventChoice, RequiredActiveEventOtherPlayer, RequiredActiveEventChoiceOtherPlayer, EventPolicy, EventPromotion, EventBuildingClassGlobal, EventFreePolicies, FreeGreatPeople, GoldenAgeTurns, WLTKDTurns, ResistanceTurns, PlayerHappiness, HappinessPerCity, RandomBarbarianSpawn) VALUES ('PLAYER_EVENT_METEOR_CHOICE_2', 'TXT_KEY_PLAYER_EVENT_METEOR_CHOICE_2', 'TXT_KEY_PLAYER_EVENT_METEOR_CHOICE_2_HELP', 'AS2D_EVENT_CHOICE', 'true', 30, 'false', 0, 'false', 0, 0, NULL, NULL, 'false', NULL, NULL, NULL, NULL, 'false', 'false', NULL, NULL, 'TECH_THEOLOGY', 'false', NULL, NULL, 'false', 'BUILDINGCLASS_SHRINE', NULL, 'false', 'false', NULL, NULL, NULL, NULL, NULL, NULL, NULL, NULL, NULL, NULL, NULL, 0, 0, 0, 0, 0, 0, 0, 0);
INSERT INTO EventChoices (Type, Description, Help, EventChoiceAudio, IsOneShot, EventDuration, EraScaling, EventChance, Expires, MinimumNationalPopulation, MinimumNumberCities, RequiredCiv, RequiredEra, IsUnhappy, ObsoleteEra, ImprovementAnywhereRequired, RequiredPolicy, RequiredIdeology, RequiresWar, RequiresWarMinor, UnitClassRequired, PrereqTech, ObsoleteTech, RequiresPantheon, RequiredReligion, RequiredStateReligion, RequiresAnyStateReligion, RequiredAnywhereBuildingClass, RequiredNowhereBuildingClass, RequiresHolyCity, RequiresIdeology, RequiredActiveEvent, RequiredActiveEventChoice, RequiredActiveCityEvent, RequiredActiveCityEventChoice, RequiredNoActivePlayerEvent, RequiredNoActivePlayerEventChoice, RequiredActiveEventOtherPlayer, RequiredActiveEventChoiceOtherPlayer, EventPolicy, EventPromotion, EventBuildingClassGlobal, EventFreePolicies, FreeGreatPeople, GoldenAgeTurns, WLTKDTurns, ResistanceTurns, PlayerHappiness, HappinessPerCity, RandomBarbarianSpawn) VALUES ('PLAYER_EVENT_METEOR_CHOICE_3', 'TXT_KEY_PLAYER_EVENT_METEOR_CHOICE_3', 'TXT_KEY_PLAYER_EVENT_METEOR_CHOICE_3_HELP', 'AS2D_EVENT_CHOICE', 'true', 30, 'false', 0, 'false', 0, 0, NULL, NULL, 'false', NULL, NULL, NULL, NULL, 'false', 'false', NULL, NULL, NULL, 'false', NULL, NULL, 'false', 'BUILDINGCLASS_PALACE', NULL, 'false', 'false', NULL, NULL, NULL, NULL, NULL, NULL, NULL, NULL, NULL, NULL, NULL, 0, 0, 0, 0, 0, 0, 0, 0);
INSERT INTO EventChoices (Type, Description, Help, EventChoiceAudio, IsOneShot, EventDuration, EraScaling, EventChance, Expires, MinimumNationalPopulation, MinimumNumberCities, RequiredCiv, RequiredEra, IsUnhappy, ObsoleteEra, ImprovementAnywhereRequired, RequiredPolicy, RequiredIdeology, RequiresWar, RequiresWarMinor, UnitClassRequired, PrereqTech, ObsoleteTech, RequiresPantheon, RequiredReligion, RequiredStateReligion, RequiresAnyStateReligion, RequiredAnywhereBuildingClass, RequiredNowhereBuildingClass, RequiresHolyCity, RequiresIdeology, RequiredActiveEvent, RequiredActiveEventChoice, RequiredActiveCityEvent, RequiredActiveCityEventChoice, RequiredNoActivePlayerEvent, RequiredNoActivePlayerEventChoice, RequiredActiveEventOtherPlayer, RequiredActiveEventChoiceOtherPlayer, EventPolicy, EventPromotion, EventBuildingClassGlobal, EventFreePolicies, FreeGreatPeople, GoldenAgeTurns, WLTKDTurns, ResistanceTurns, PlayerHappiness, HappinessPerCity, RandomBarbarianSpawn) VALUES ('PLAYER_EVENT_METEOR_CHOICE_4', 'TXT_KEY_PLAYER_EVENT_METEOR_CHOICE_4', 'TXT_KEY_PLAYER_EVENT_METEOR_CHOICE_4_HELP', 'AS2D_EVENT_CHOICE', 'true', 30, 'false', 0, 'false', 0, 0, NULL, NULL, 'false', NULL, NULL, NULL, NULL, 'false', 'false', NULL, NULL, NULL, 'false', NULL, NULL, 'false', 'BUILDINGCLASS_UNIVERSITY', NULL, 'false', 'false', NULL, NULL, NULL, NULL, NULL, NULL, NULL, NULL, NULL, NULL, NULL, 0, 0, 0, 0, 0, 0, 0, 0);
INSERT INTO EventChoices (Type, Description, Help, EventChoiceAudio, IsOneShot, EventDuration, EraScaling, EventChance, Expires, MinimumNationalPopulation, MinimumNumberCities, RequiredCiv, RequiredEra, IsUnhappy, ObsoleteEra, ImprovementAnywhereRequired, RequiredPolicy, RequiredIdeology, RequiresWar, RequiresWarMinor, UnitClassRequired, PrereqTech, ObsoleteTech, RequiresPantheon, RequiredReligion, RequiredStateReligion, RequiresAnyStateReligion, RequiredAnywhereBuildingClass, RequiredNowhereBuildingClass, RequiresHolyCity, RequiresIdeology, RequiredActiveEvent, RequiredActiveEventChoice, RequiredActiveCityEvent, RequiredActiveCityEventChoice, RequiredNoActivePlayerEvent, RequiredNoActivePlayerEventChoice, RequiredActiveEventOtherPlayer, RequiredActiveEventChoiceOtherPlayer, EventPolicy, EventPromotion, EventBuildingClassGlobal, EventFreePolicies, FreeGreatPeople, GoldenAgeTurns, WLTKDTurns, ResistanceTurns, PlayerHappiness, HappinessPerCity, RandomBarbarianSpawn) VALUES ('PLAYER_EVENT_METEOR_CHOICE_5', 'TXT_KEY_PLAYER_EVENT_METEOR_CHOICE_5', 'TXT_KEY_PLAYER_EVENT_METEOR_CHOICE_5_HELP', 'AS2D_EVENT_CHOICE', 'true', 30, 'false', 0, 'false', 0, 0, NULL, NULL, 'false', NULL, NULL, NULL, NULL, 'false', 'false', NULL, NULL, NULL, 'false', NULL, NULL, 'false', 'BUILDINGCLASS_MUSEUM', NULL, 'false', 'false', NULL, NULL, NULL, NULL, NULL, NULL, NULL, NULL, NULL, NULL, NULL, 0, 0, 0, 0, 0, 0, 0, 0);
INSERT INTO EventChoices (Type, Description, Help, EventChoiceAudio, IsOneShot, EventDuration, EraScaling, EventChance, Expires, MinimumNationalPopulation, MinimumNumberCities, RequiredCiv, RequiredEra, IsUnhappy, ObsoleteEra, ImprovementAnywhereRequired, RequiredPolicy, RequiredIdeology, RequiresWar, RequiresWarMinor, UnitClassRequired, PrereqTech, ObsoleteTech, RequiresPantheon, RequiredReligion, RequiredStateReligion, RequiresAnyStateReligion, RequiredAnywhereBuildingClass, RequiredNowhereBuildingClass, RequiresHolyCity, RequiresIdeology, RequiredActiveEvent, RequiredActiveEventChoice, RequiredActiveCityEvent, RequiredActiveCityEventChoice, RequiredNoActivePlayerEvent, RequiredNoActivePlayerEventChoice, RequiredActiveEventOtherPlayer, RequiredActiveEventChoiceOtherPlayer, EventPolicy, EventPromotion, EventBuildingClassGlobal, EventFreePolicies, FreeGreatPeople, GoldenAgeTurns, WLTKDTurns, ResistanceTurns, PlayerHappiness, HappinessPerCity, RandomBarbarianSpawn) VALUES ('PLAYER_EVENT_ECLIPSE_CHOICE_1', 'TXT_KEY_PLAYER_EVENT_ECLIPSE_CHOICE_1', 'TXT_KEY_PLAYER_EVENT_ECLIPSE_CHOICE_1_HELP', 'AS2D_EVENT_CHOICE', 'false', 30, 'true', 25, 'false', 0, 0, NULL, NULL, 'false', NULL, NULL, NULL, NULL, 'false', 'false', NULL, NULL, NULL, 'false', NULL, NULL, 'false', NULL, NULL, 'false', 'false', NULL, NULL, NULL, NULL, NULL, NULL, NULL, NULL, NULL, NULL, NULL, 0, 0, 0, 0, 0, 0, 0, 0);
INSERT INTO EventChoices (Type, Description, Help, EventChoiceAudio, IsOneShot, EventDuration, EraScaling, EventChance, Expires, MinimumNationalPopulation, MinimumNumberCities, RequiredCiv, RequiredEra, IsUnhappy, ObsoleteEra, ImprovementAnywhereRequired, RequiredPolicy, RequiredIdeology, RequiresWar, RequiresWarMinor, UnitClassRequired, PrereqTech, ObsoleteTech, RequiresPantheon, RequiredReligion, RequiredStateReligion, RequiresAnyStateReligion, RequiredAnywhereBuildingClass, RequiredNowhereBuildingClass, RequiresHolyCity, RequiresIdeology, RequiredActiveEvent, RequiredActiveEventChoice, RequiredActiveCityEvent, RequiredActiveCityEventChoice, RequiredNoActivePlayerEvent, RequiredNoActivePlayerEventChoice, RequiredActiveEventOtherPlayer, RequiredActiveEventChoiceOtherPlayer, EventPolicy, EventPromotion, EventBuildingClassGlobal, EventFreePolicies, FreeGreatPeople, GoldenAgeTurns, WLTKDTurns, ResistanceTurns, PlayerHappiness, HappinessPerCity, RandomBarbarianSpawn) VALUES ('PLAYER_EVENT_ECLIPSE_CHOICE_2', 'TXT_KEY_PLAYER_EVENT_ECLIPSE_CHOICE_2', 'TXT_KEY_PLAYER_EVENT_ECLIPSE_CHOICE_2_HELP', 'AS2D_EVENT_CHOICE', 'false', 30, 'true', 0, 'false', 0, 0, NULL, NULL, 'false', NULL, NULL, NULL, NULL, 'false', 'false', NULL, NULL, 'TECH_THEOLOGY', 'true', NULL, NULL, 'false', NULL, NULL, 'false', 'false', NULL, NULL, NULL, NULL, NULL, NULL, NULL, NULL, NULL, NULL, NULL, 0, 0, 0, 0, 0, 0, 0, 0);
INSERT INTO EventChoices (Type, Description, Help, EventChoiceAudio, IsOneShot, EventDuration, EraScaling, EventChance, Expires, MinimumNationalPopulation, MinimumNumberCities, RequiredCiv, RequiredEra, IsUnhappy, ObsoleteEra, ImprovementAnywhereRequired, RequiredPolicy, RequiredIdeology, RequiresWar, RequiresWarMinor, UnitClassRequired, PrereqTech, ObsoleteTech, RequiresPantheon, RequiredReligion, RequiredStateReligion, RequiresAnyStateReligion, RequiredAnywhereBuildingClass, RequiredNowhereBuildingClass, RequiresHolyCity, RequiresIdeology, RequiredActiveEvent, RequiredActiveEventChoice, RequiredActiveCityEvent, RequiredActiveCityEventChoice, RequiredNoActivePlayerEvent, RequiredNoActivePlayerEventChoice, RequiredActiveEventOtherPlayer, RequiredActiveEventChoiceOtherPlayer, EventPolicy, EventPromotion, EventBuildingClassGlobal, EventFreePolicies, FreeGreatPeople, GoldenAgeTurns, WLTKDTurns, ResistanceTurns, PlayerHappiness, HappinessPerCity, RandomBarbarianSpawn) VALUES ('PLAYER_EVENT_ECLIPSE_CHOICE_3', 'TXT_KEY_PLAYER_EVENT_ECLIPSE_CHOICE_3', 'TXT_KEY_PLAYER_EVENT_ECLIPSE_CHOICE_3_HELP', 'AS2D_EVENT_CHOICE', 'false', 30, 'true', 0, 'false', 0, 0, NULL, NULL, 'false', NULL, NULL, NULL, NULL, 'false', 'false', NULL, 'TECH_ASTRONOMY', NULL, 'false', NULL, NULL, 'false', NULL, NULL, 'false', 'false', NULL, NULL, NULL, NULL, NULL, NULL, NULL, NULL, NULL, NULL, NULL, 0, 0, 0, 0, 0, 0, 0, 0);
INSERT INTO EventChoices (Type, Description, Help, EventChoiceAudio, IsOneShot, EventDuration, EraScaling, EventChance, Expires, MinimumNationalPopulation, MinimumNumberCities, RequiredCiv, RequiredEra, IsUnhappy, ObsoleteEra, ImprovementAnywhereRequired, RequiredPolicy, RequiredIdeology, RequiresWar, RequiresWarMinor, UnitClassRequired, PrereqTech, ObsoleteTech, RequiresPantheon, RequiredReligion, RequiredStateReligion, RequiresAnyStateReligion, RequiredAnywhereBuildingClass, RequiredNowhereBuildingClass, RequiresHolyCity, RequiresIdeology, RequiredActiveEvent, RequiredActiveEventChoice, RequiredActiveCityEvent, RequiredActiveCityEventChoice, RequiredNoActivePlayerEvent, RequiredNoActivePlayerEventChoice, RequiredActiveEventOtherPlayer, RequiredActiveEventChoiceOtherPlayer, EventPolicy, EventPromotion, EventBuildingClassGlobal, EventFreePolicies, FreeGreatPeople, GoldenAgeTurns, WLTKDTurns, ResistanceTurns, PlayerHappiness, HappinessPerCity, RandomBarbarianSpawn) VALUES ('PLAYER_EVENT_ECLIPSE_CHOICE_4', 'TXT_KEY_PLAYER_EVENT_ECLIPSE_CHOICE_4', 'TXT_KEY_PLAYER_EVENT_ECLIPSE_CHOICE_4_HELP', 'AS2D_EVENT_CHOICE', 'false', 30, 'true', 0, 'false', 0, 0, NULL, NULL, 'false', NULL, NULL, NULL, NULL, 'false', 'false', NULL, 'TECH_REPLACEABLE_PARTS', NULL, 'false', NULL, NULL, 'false', NULL, NULL, 'false', 'false', NULL, NULL, NULL, NULL, NULL, NULL, NULL, NULL, NULL, NULL, NULL, 0, 0, 0, 0, 0, 0, 0, 0);
INSERT INTO EventChoices (Type, Description, Help, EventChoiceAudio, IsOneShot, EventDuration, EraScaling, EventChance, Expires, MinimumNationalPopulation, MinimumNumberCities, RequiredCiv, RequiredEra, IsUnhappy, ObsoleteEra, ImprovementAnywhereRequired, RequiredPolicy, RequiredIdeology, RequiresWar, RequiresWarMinor, UnitClassRequired, PrereqTech, ObsoleteTech, RequiresPantheon, RequiredReligion, RequiredStateReligion, RequiresAnyStateReligion, RequiredAnywhereBuildingClass, RequiredNowhereBuildingClass, RequiresHolyCity, RequiresIdeology, RequiredActiveEvent, RequiredActiveEventChoice, RequiredActiveCityEvent, RequiredActiveCityEventChoice, RequiredNoActivePlayerEvent, RequiredNoActivePlayerEventChoice, RequiredActiveEventOtherPlayer, RequiredActiveEventChoiceOtherPlayer, EventPolicy, EventPromotion, EventBuildingClassGlobal, EventFreePolicies, FreeGreatPeople, GoldenAgeTurns, WLTKDTurns, ResistanceTurns, PlayerHappiness, HappinessPerCity, RandomBarbarianSpawn) VALUES ('PLAYER_EVENT_HEAT_WAVE_CHOICE_1', 'TXT_KEY_PLAYER_EVENT_HEAT_WAVE_CHOICE_1', 'TXT_KEY_PLAYER_EVENT_HEAT_WAVE_CHOICE_1_HELP', 'AS2D_EVENT_CHOICE', 'false', 50, 'true', 0, 'false', 0, 0, NULL, NULL, 'false', NULL, NULL, NULL, NULL, 'false', 'false', NULL, 'TECH_ELECTRICITY', NULL, 'false', NULL, NULL, 'false', NULL, NULL, 'false', 'false', NULL, NULL, NULL, NULL, NULL, NULL, NULL, NULL, NULL, NULL, NULL, 0, 0, 0, 0, 0, 0, 0, 0);
INSERT INTO EventChoices (Type, Description, Help, EventChoiceAudio, IsOneShot, EventDuration, EraScaling, EventChance, Expires, MinimumNationalPopulation, MinimumNumberCities, RequiredCiv, RequiredEra, IsUnhappy, ObsoleteEra, ImprovementAnywhereRequired, RequiredPolicy, RequiredIdeology, RequiresWar, RequiresWarMinor, UnitClassRequired, PrereqTech, ObsoleteTech, RequiresPantheon, RequiredReligion, RequiredStateReligion, RequiresAnyStateReligion, RequiredAnywhereBuildingClass, RequiredNowhereBuildingClass, RequiresHolyCity, RequiresIdeology, RequiredActiveEvent, RequiredActiveEventChoice, RequiredActiveCityEvent, RequiredActiveCityEventChoice, RequiredNoActivePlayerEvent, RequiredNoActivePlayerEventChoice, RequiredActiveEventOtherPlayer, RequiredActiveEventChoiceOtherPlayer, EventPolicy, EventPromotion, EventBuildingClassGlobal, EventFreePolicies, FreeGreatPeople, GoldenAgeTurns, WLTKDTurns, ResistanceTurns, PlayerHappiness, HappinessPerCity, RandomBarbarianSpawn) VALUES ('PLAYER_EVENT_HEAT_WAVE_CHOICE_2', 'TXT_KEY_PLAYER_EVENT_HEAT_WAVE_CHOICE_2', 'TXT_KEY_PLAYER_EVENT_HEAT_WAVE_CHOICE_2_HELP', 'AS2D_EVENT_CHOICE', 'false', 50, 'true', 0, 'false', 0, 0, NULL, NULL, 'false', NULL, NULL, NULL, NULL, 'false', 'false', NULL, 'TECH_ECONOMICS', NULL, 'false', NULL, NULL, 'false', NULL, NULL, 'false', 'false', NULL, NULL, NULL, NULL, NULL, NULL, NULL, NULL, NULL, NULL, NULL, 0, 0, 0, 0, 0, 0, 0, 0);
INSERT INTO EventChoices (Type, Description, Help, EventChoiceAudio, IsOneShot, EventDuration, EraScaling, EventChance, Expires, MinimumNationalPopulation, MinimumNumberCities, RequiredCiv, RequiredEra, IsUnhappy, ObsoleteEra, ImprovementAnywhereRequired, RequiredPolicy, RequiredIdeology, RequiresWar, RequiresWarMinor, UnitClassRequired, PrereqTech, ObsoleteTech, RequiresPantheon, RequiredReligion, RequiredStateReligion, RequiresAnyStateReligion, RequiredAnywhereBuildingClass, RequiredNowhereBuildingClass, RequiresHolyCity, RequiresIdeology, RequiredActiveEvent, RequiredActiveEventChoice, RequiredActiveCityEvent, RequiredActiveCityEventChoice, RequiredNoActivePlayerEvent, RequiredNoActivePlayerEventChoice, RequiredActiveEventOtherPlayer, RequiredActiveEventChoiceOtherPlayer, EventPolicy, EventPromotion, EventBuildingClassGlobal, EventFreePolicies, FreeGreatPeople, GoldenAgeTurns, WLTKDTurns, ResistanceTurns, PlayerHappiness, HappinessPerCity, RandomBarbarianSpawn) VALUES ('PLAYER_EVENT_HEAT_WAVE_CHOICE_3', 'TXT_KEY_PLAYER_EVENT_HEAT_WAVE_CHOICE_3', 'TXT_KEY_PLAYER_EVENT_HEAT_WAVE_CHOICE_3_HELP', 'AS2D_EVENT_CHOICE', 'false', 50, 'true', 0, 'false', 0, 0, NULL, NULL, 'false', NULL, NULL, NULL, NULL, 'false', 'false', NULL, 'TECH_CHIVALRY', NULL, 'false', NULL, NULL, 'false', NULL, NULL, 'false', 'false', NULL, NULL, NULL, NULL, NULL, NULL, NULL, NULL, NULL, NULL, NULL, 0, 0, 0, 0, 0, 0, 0, 0);
INSERT INTO EventChoices (Type, Description, Help, EventChoiceAudio, IsOneShot, EventDuration, EraScaling, EventChance, Expires, MinimumNationalPopulation, MinimumNumberCities, RequiredCiv, RequiredEra, IsUnhappy, ObsoleteEra, ImprovementAnywhereRequired, RequiredPolicy, RequiredIdeology, RequiresWar, RequiresWarMinor, UnitClassRequired, PrereqTech, ObsoleteTech, RequiresPantheon, RequiredReligion, RequiredStateReligion, RequiresAnyStateReligion, RequiredAnywhereBuildingClass, RequiredNowhereBuildingClass, RequiresHolyCity, RequiresIdeology, RequiredActiveEvent, RequiredActiveEventChoice, RequiredActiveCityEvent, RequiredActiveCityEventChoice, RequiredNoActivePlayerEvent, RequiredNoActivePlayerEventChoice, RequiredActiveEventOtherPlayer, RequiredActiveEventChoiceOtherPlayer, EventPolicy, EventPromotion, EventBuildingClassGlobal, EventFreePolicies, FreeGreatPeople, GoldenAgeTurns, WLTKDTurns, ResistanceTurns, PlayerHappiness, HappinessPerCity, RandomBarbarianSpawn) VALUES ('PLAYER_EVENT_HEAT_WAVE_CHOICE_4', 'TXT_KEY_PLAYER_EVENT_HEAT_WAVE_CHOICE_4', 'TXT_KEY_PLAYER_EVENT_HEAT_WAVE_CHOICE_4_HELP', 'AS2D_EVENT_CHOICE', 'false', 50, 'false', 0, 'false', 0, 0, NULL, NULL, 'false', NULL, NULL, NULL, NULL, 'false', 'false', NULL, NULL, NULL, 'false', NULL, NULL, 'false', NULL, NULL, 'false', 'false', NULL, NULL, NULL, NULL, NULL, NULL, NULL, NULL, NULL, NULL, NULL, 0, 0, 0, 0, 0, 0, 0, 0);
INSERT INTO EventChoices (Type, Description, Help, EventChoiceAudio, IsOneShot, EventDuration, EraScaling, EventChance, Expires, MinimumNationalPopulation, MinimumNumberCities, RequiredCiv, RequiredEra, IsUnhappy, ObsoleteEra, ImprovementAnywhereRequired, RequiredPolicy, RequiredIdeology, RequiresWar, RequiresWarMinor, UnitClassRequired, PrereqTech, ObsoleteTech, RequiresPantheon, RequiredReligion, RequiredStateReligion, RequiresAnyStateReligion, RequiredAnywhereBuildingClass, RequiredNowhereBuildingClass, RequiresHolyCity, RequiresIdeology, RequiredActiveEvent, RequiredActiveEventChoice, RequiredActiveCityEvent, RequiredActiveCityEventChoice, RequiredNoActivePlayerEvent, RequiredNoActivePlayerEventChoice, RequiredActiveEventOtherPlayer, RequiredActiveEventChoiceOtherPlayer, EventPolicy, EventPromotion, EventBuildingClassGlobal, EventFreePolicies, FreeGreatPeople, GoldenAgeTurns, WLTKDTurns, ResistanceTurns, PlayerHappiness, HappinessPerCity, RandomBarbarianSpawn) VALUES ('PLAYER_EVENT_ICE_AGE_CHOICE_1', 'TXT_KEY_PLAYER_EVENT_ICE_AGE_CHOICE_1', 'TXT_KEY_PLAYER_EVENT_ICE_AGE_CHOICE_1_HELP', 'AS2D_EVENT_CHOICE', 'false', 50, 'false', 0, 'true', 0, 0, NULL, NULL, 'false', NULL, NULL, NULL, NULL, 'false', 'false', NULL, NULL, NULL, 'false', NULL, NULL, 'false', NULL, NULL, 'false', 'false', NULL, NULL, NULL, NULL, NULL, NULL, NULL, NULL, NULL, NULL, NULL, 0, 0, 0, 0, 0, 0, 0, 0);
INSERT INTO EventChoices (Type, Description, Help, EventChoiceAudio, IsOneShot, EventDuration, EraScaling, EventChance, Expires, MinimumNationalPopulation, MinimumNumberCities, RequiredCiv, RequiredEra, IsUnhappy, ObsoleteEra, ImprovementAnywhereRequired, RequiredPolicy, RequiredIdeology, RequiresWar, RequiresWarMinor, UnitClassRequired, PrereqTech, ObsoleteTech, RequiresPantheon, RequiredReligion, RequiredStateReligion, RequiresAnyStateReligion, RequiredAnywhereBuildingClass, RequiredNowhereBuildingClass, RequiresHolyCity, RequiresIdeology, RequiredActiveEvent, RequiredActiveEventChoice, RequiredActiveCityEvent, RequiredActiveCityEventChoice, RequiredNoActivePlayerEvent, RequiredNoActivePlayerEventChoice, RequiredActiveEventOtherPlayer, RequiredActiveEventChoiceOtherPlayer, EventPolicy, EventPromotion, EventBuildingClassGlobal, EventFreePolicies, FreeGreatPeople, GoldenAgeTurns, WLTKDTurns, ResistanceTurns, PlayerHappiness, HappinessPerCity, RandomBarbarianSpawn) VALUES ('PLAYER_EVENT_ICE_AGE_CHOICE_2', 'TXT_KEY_PLAYER_EVENT_ICE_AGE_CHOICE_2', 'TXT_KEY_PLAYER_EVENT_ICE_AGE_CHOICE_2_HELP', 'AS2D_EVENT_CHOICE', 'false', 50, 'false', 0, 'true', 0, 0, NULL, NULL, 'false', NULL, NULL, NULL, NULL, 'false', 'false', NULL, NULL, NULL, 'false', NULL, NULL, 'false', NULL, NULL, 'false', 'false', NULL, NULL, NULL, NULL, NULL, NULL, NULL, NULL, NULL, NULL, NULL, 0, 0, 0, 0, 0, 0, 0, 0);
INSERT INTO EventChoices (Type, Description, Help, EventChoiceAudio, IsOneShot, EventDuration, EraScaling, EventChance, Expires, MinimumNationalPopulation, MinimumNumberCities, RequiredCiv, RequiredEra, IsUnhappy, ObsoleteEra, ImprovementAnywhereRequired, RequiredPolicy, RequiredIdeology, RequiresWar, RequiresWarMinor, UnitClassRequired, PrereqTech, ObsoleteTech, RequiresPantheon, RequiredReligion, RequiredStateReligion, RequiresAnyStateReligion, RequiredAnywhereBuildingClass, RequiredNowhereBuildingClass, RequiresHolyCity, RequiresIdeology, RequiredActiveEvent, RequiredActiveEventChoice, RequiredActiveCityEvent, RequiredActiveCityEventChoice, RequiredNoActivePlayerEvent, RequiredNoActivePlayerEventChoice, RequiredActiveEventOtherPlayer, RequiredActiveEventChoiceOtherPlayer, EventPolicy, EventPromotion, EventBuildingClassGlobal, EventFreePolicies, FreeGreatPeople, GoldenAgeTurns, WLTKDTurns, ResistanceTurns, PlayerHappiness, HappinessPerCity, RandomBarbarianSpawn) VALUES ('PLAYER_EVENT_ICE_AGE_CHOICE_3', 'TXT_KEY_PLAYER_EVENT_ICE_AGE_CHOICE_3', 'TXT_KEY_PLAYER_EVENT_ICE_AGE_CHOICE_3_HELP', 'AS2D_EVENT_CHOICE', 'false', 50, 'false', 0, 'true', 0, 0, NULL, NULL, 'false', NULL, NULL, NULL, NULL, 'false', 'false', NULL, 'TECH_RAILROAD', NULL, 'false', NULL, NULL, 'false', NULL, NULL, 'false', 'false', NULL, NULL, NULL, NULL, NULL, NULL, NULL, NULL, NULL, NULL, NULL, 0, 0, 0, 0, 0, 0, 0, 0);
INSERT INTO EventChoices (Type, Description, Help, EventChoiceAudio, IsOneShot, EventDuration, EraScaling, EventChance, Expires, MinimumNationalPopulation, MinimumNumberCities, RequiredCiv, RequiredEra, IsUnhappy, ObsoleteEra, ImprovementAnywhereRequired, RequiredPolicy, RequiredIdeology, RequiresWar, RequiresWarMinor, UnitClassRequired, PrereqTech, ObsoleteTech, RequiresPantheon, RequiredReligion, RequiredStateReligion, RequiresAnyStateReligion, RequiredAnywhereBuildingClass, RequiredNowhereBuildingClass, RequiresHolyCity, RequiresIdeology, RequiredActiveEvent, RequiredActiveEventChoice, RequiredActiveCityEvent, RequiredActiveCityEventChoice, RequiredNoActivePlayerEvent, RequiredNoActivePlayerEventChoice, RequiredActiveEventOtherPlayer, RequiredActiveEventChoiceOtherPlayer, EventPolicy, EventPromotion, EventBuildingClassGlobal, EventFreePolicies, FreeGreatPeople, GoldenAgeTurns, WLTKDTurns, ResistanceTurns, PlayerHappiness, HappinessPerCity, RandomBarbarianSpawn) VALUES ('PLAYER_EVENT_REVOLUTION_CHOICE_1', 'TXT_KEY_PLAYER_EVENT_REVOLUTION_CHOICE_1', 'TXT_KEY_PLAYER_EVENT_REVOLUTION_CHOICE_1_HELP', 'AS2D_EVENT_CHOICE', 'false', 25, 'false', 0, 'false', 0, 0, NULL, NULL, 'true', NULL, NULL, NULL, NULL, 'false', 'false', NULL, NULL, NULL, 'false', NULL, NULL, 'false', NULL, NULL, 'false', 'false', NULL, NULL, NULL, NULL, NULL, NULL, NULL, NULL, NULL, NULL, NULL, 0, 0, 0, 0, 5, 0, 0, 2);
INSERT INTO EventChoices (Type, Description, Help, EventChoiceAudio, IsOneShot, EventDuration, EraScaling, EventChance, Expires, MinimumNationalPopulation, MinimumNumberCities, RequiredCiv, RequiredEra, IsUnhappy, ObsoleteEra, ImprovementAnywhereRequired, RequiredPolicy, RequiredIdeology, RequiresWar, RequiresWarMinor, UnitClassRequired, PrereqTech, ObsoleteTech, RequiresPantheon, RequiredReligion, RequiredStateReligion, RequiresAnyStateReligion, RequiredAnywhereBuildingClass, RequiredNowhereBuildingClass, RequiresHolyCity, RequiresIdeology, RequiredActiveEvent, RequiredActiveEventChoice, RequiredActiveCityEvent, RequiredActiveCityEventChoice, RequiredNoActivePlayerEvent, RequiredNoActivePlayerEventChoice, RequiredActiveEventOtherPlayer, RequiredActiveEventChoiceOtherPlayer, EventPolicy, EventPromotion, EventBuildingClassGlobal, EventFreePolicies, FreeGreatPeople, GoldenAgeTurns, WLTKDTurns, ResistanceTurns, PlayerHappiness, HappinessPerCity, RandomBarbarianSpawn) VALUES ('PLAYER_EVENT_REVOLUTION_CHOICE_2', 'TXT_KEY_PLAYER_EVENT_REVOLUTION_CHOICE_2', 'TXT_KEY_PLAYER_EVENT_REVOLUTION_CHOICE_2_HELP', 'AS2D_EVENT_CHOICE', 'false', 25, 'false', 0, 'false', 0, 0, NULL, NULL, 'true', NULL, NULL, 'POLICY_PATRONAGE_FINISHER', NULL, 'false', 'false', NULL, NULL, NULL, 'false', NULL, NULL, 'false', NULL, NULL, 'false', 'false', NULL, NULL, NULL, NULL, NULL, NULL, NULL, NULL, NULL, NULL, NULL, 0, 0, 0, 0, 3, 0, 0, 0);
INSERT INTO EventChoices (Type, Description, Help, EventChoiceAudio, IsOneShot, EventDuration, EraScaling, EventChance, Expires, MinimumNationalPopulation, MinimumNumberCities, RequiredCiv, RequiredEra, IsUnhappy, ObsoleteEra, ImprovementAnywhereRequired, RequiredPolicy, RequiredIdeology, RequiresWar, RequiresWarMinor, UnitClassRequired, PrereqTech, ObsoleteTech, RequiresPantheon, RequiredReligion, RequiredStateReligion, RequiresAnyStateReligion, RequiredAnywhereBuildingClass, RequiredNowhereBuildingClass, RequiresHolyCity, RequiresIdeology, RequiredActiveEvent, RequiredActiveEventChoice, RequiredActiveCityEvent, RequiredActiveCityEventChoice, RequiredNoActivePlayerEvent, RequiredNoActivePlayerEventChoice, RequiredActiveEventOtherPlayer, RequiredActiveEventChoiceOtherPlayer, EventPolicy, EventPromotion, EventBuildingClassGlobal, EventFreePolicies, FreeGreatPeople, GoldenAgeTurns, WLTKDTurns, ResistanceTurns, PlayerHappiness, HappinessPerCity, RandomBarbarianSpawn) VALUES ('PLAYER_EVENT_REVOLUTION_CHOICE_3', 'TXT_KEY_PLAYER_EVENT_REVOLUTION_CHOICE_3', 'TXT_KEY_PLAYER_EVENT_REVOLUTION_CHOICE_3_HELP', 'AS2D_EVENT_CHOICE', 'false', 25, 'false', 0, 'false', 0, 0, NULL, NULL, 'false', NULL, NULL, 'POLICY_LIBERTY_FINISHER', NULL, 'false', 'false', NULL, NULL, NULL, 'false', NULL, NULL, 'false', NULL, NULL, 'false', 'false', NULL, NULL, NULL, NULL, NULL, NULL, NULL, NULL, NULL, NULL, NULL, 0, 0, 0, 0, 2, 0, 0, 1);
INSERT INTO EventChoices (Type, Description, Help, EventChoiceAudio, IsOneShot, EventDuration, EraScaling, EventChance, Expires, MinimumNationalPopulation, MinimumNumberCities, RequiredCiv, RequiredEra, IsUnhappy, ObsoleteEra, ImprovementAnywhereRequired, RequiredPolicy, RequiredIdeology, RequiresWar, RequiresWarMinor, UnitClassRequired, PrereqTech, ObsoleteTech, RequiresPantheon, RequiredReligion, RequiredStateReligion, RequiresAnyStateReligion, RequiredAnywhereBuildingClass, RequiredNowhereBuildingClass, RequiresHolyCity, RequiresIdeology, RequiredActiveEvent, RequiredActiveEventChoice, RequiredActiveCityEvent, RequiredActiveCityEventChoice, RequiredNoActivePlayerEvent, RequiredNoActivePlayerEventChoice, RequiredActiveEventOtherPlayer, RequiredActiveEventChoiceOtherPlayer, EventPolicy, EventPromotion, EventBuildingClassGlobal, EventFreePolicies, FreeGreatPeople, GoldenAgeTurns, WLTKDTurns, ResistanceTurns, PlayerHappiness, HappinessPerCity, RandomBarbarianSpawn) VALUES ('PLAYER_EVENT_REVOLUTION_CHOICE_4', 'TXT_KEY_PLAYER_EVENT_REVOLUTION_CHOICE_4', 'TXT_KEY_PLAYER_EVENT_REVOLUTION_CHOICE_4_HELP', 'AS2D_EVENT_CHOICE', 'false', 25, 'true', 0, 'false', 0, 0, NULL, NULL, 'false', NULL, NULL, NULL, NULL, 'false', 'false', NULL, NULL, NULL, 'false', NULL, NULL, 'false', NULL, NULL, 'false', 'false', NULL, NULL, NULL, NULL, NULL, NULL, NULL, NULL, NULL, NULL, NULL, 0, 0, 0, 0, 0, 0, 0, 0);
INSERT INTO EventChoices (Type, Description, Help, EventChoiceAudio, IsOneShot, EventDuration, EraScaling, EventChance, Expires, MinimumNationalPopulation, MinimumNumberCities, RequiredCiv, RequiredEra, IsUnhappy, ObsoleteEra, ImprovementAnywhereRequired, RequiredPolicy, RequiredIdeology, RequiresWar, RequiresWarMinor, UnitClassRequired, PrereqTech, ObsoleteTech, RequiresPantheon, RequiredReligion, RequiredStateReligion, RequiresAnyStateReligion, RequiredAnywhereBuildingClass, RequiredNowhereBuildingClass, RequiresHolyCity, RequiresIdeology, RequiredActiveEvent, RequiredActiveEventChoice, RequiredActiveCityEvent, RequiredActiveCityEventChoice, RequiredNoActivePlayerEvent, RequiredNoActivePlayerEventChoice, RequiredActiveEventOtherPlayer, RequiredActiveEventChoiceOtherPlayer, EventPolicy, EventPromotion, EventBuildingClassGlobal, EventFreePolicies, FreeGreatPeople, GoldenAgeTurns, WLTKDTurns, ResistanceTurns, PlayerHappiness, HappinessPerCity, RandomBarbarianSpawn) VALUES ('PLAYER_EVENT_WAR_FERVOR_CHOICE_1', 'TXT_KEY_PLAYER_EVENT_WAR_FERVOR_CHOICE_1', 'TXT_KEY_PLAYER_EVENT_WAR_FERVOR_CHOICE_1_HELP', 'AS2D_EVENT_CHOICE', 'false', 30, 'false', 0, 'true', 0, 0, NULL, NULL, 'false', NULL, NULL, NULL, NULL, 'true', 'false', NULL, NULL, NULL, 'false', NULL, NULL, 'false', NULL, NULL, 'false', 'false', NULL, NULL, NULL, NULL, NULL, NULL, NULL, NULL, NULL, 'PROMOTION_MORALE', NULL, 0, 0, 0, 0, 0, 5, 0, 0);
INSERT INTO EventChoices (Type, Description, Help, EventChoiceAudio, IsOneShot, EventDuration, EraScaling, EventChance, Expires, MinimumNationalPopulation, MinimumNumberCities, RequiredCiv, RequiredEra, IsUnhappy, ObsoleteEra, ImprovementAnywhereRequired, RequiredPolicy, RequiredIdeology, RequiresWar, RequiresWarMinor, UnitClassRequired, PrereqTech, ObsoleteTech, RequiresPantheon, RequiredReligion, RequiredStateReligion, RequiresAnyStateReligion, RequiredAnywhereBuildingClass, RequiredNowhereBuildingClass, RequiresHolyCity, RequiresIdeology, RequiredActiveEvent, RequiredActiveEventChoice, RequiredActiveCityEvent, RequiredActiveCityEventChoice, RequiredNoActivePlayerEvent, RequiredNoActivePlayerEventChoice, RequiredActiveEventOtherPlayer, RequiredActiveEventChoiceOtherPlayer, EventPolicy, EventPromotion, EventBuildingClassGlobal, EventFreePolicies, FreeGreatPeople, GoldenAgeTurns, WLTKDTurns, ResistanceTurns, PlayerHappiness, HappinessPerCity, RandomBarbarianSpawn) VALUES ('PLAYER_EVENT_WAR_FERVOR_CHOICE_2', 'TXT_KEY_PLAYER_EVENT_WAR_FERVOR_CHOICE_2', 'TXT_KEY_PLAYER_EVENT_WAR_FERVOR_CHOICE_2_HELP', 'AS2D_EVENT_CHOICE', 'false', 30, 'false', 0, 'true', 0, 0, NULL, NULL, 'false', NULL, NULL, NULL, NULL, 'true', 'false', NULL, NULL, NULL, 'false', NULL, NULL, 'false', NULL, NULL, 'false', 'false', NULL, NULL, NULL, NULL, NULL, NULL, NULL, NULL, NULL, NULL, NULL, 0, 0, 0, 0, 0, 0, 0, 0);
INSERT INTO EventChoices (Type, Description, Help, EventChoiceAudio, IsOneShot, EventDuration, EraScaling, EventChance, Expires, MinimumNationalPopulation, MinimumNumberCities, RequiredCiv, RequiredEra, IsUnhappy, ObsoleteEra, ImprovementAnywhereRequired, RequiredPolicy, RequiredIdeology, RequiresWar, RequiresWarMinor, UnitClassRequired, PrereqTech, ObsoleteTech, RequiresPantheon, RequiredReligion, RequiredStateReligion, RequiresAnyStateReligion, RequiredAnywhereBuildingClass, RequiredNowhereBuildingClass, RequiresHolyCity, RequiresIdeology, RequiredActiveEvent, RequiredActiveEventChoice, RequiredActiveCityEvent, RequiredActiveCityEventChoice, RequiredNoActivePlayerEvent, RequiredNoActivePlayerEventChoice, RequiredActiveEventOtherPlayer, RequiredActiveEventChoiceOtherPlayer, EventPolicy, EventPromotion, EventBuildingClassGlobal, EventFreePolicies, FreeGreatPeople, GoldenAgeTurns, WLTKDTurns, ResistanceTurns, PlayerHappiness, HappinessPerCity, RandomBarbarianSpawn) VALUES ('PLAYER_EVENT_WAR_FERVOR_CHOICE_3', 'TXT_KEY_PLAYER_EVENT_WAR_FERVOR_CHOICE_3', 'TXT_KEY_PLAYER_EVENT_WAR_FERVOR_CHOICE_3_HELP', 'AS2D_EVENT_CHOICE', 'false', 30, 'false', 0, 'true', 0, 0, NULL, NULL, 'false', NULL, NULL, NULL, 'POLICY_BRANCH_AUTOCRACY', 'true', 'false', NULL, NULL, NULL, 'false', NULL, NULL, 'false', NULL, NULL, 'false', 'false', NULL, NULL, NULL, NULL, NULL, NULL, NULL, NULL, NULL, NULL, NULL, 0, 0, 0, 10, 0, 0, 0, 0);
INSERT INTO EventChoices (Type, Description, Help, EventChoiceAudio, IsOneShot, EventDuration, EraScaling, EventChance, Expires, MinimumNationalPopulation, MinimumNumberCities, RequiredCiv, RequiredEra, IsUnhappy, ObsoleteEra, ImprovementAnywhereRequired, RequiredPolicy, RequiredIdeology, RequiresWar, RequiresWarMinor, UnitClassRequired, PrereqTech, ObsoleteTech, RequiresPantheon, RequiredReligion, RequiredStateReligion, RequiresAnyStateReligion, RequiredAnywhereBuildingClass, RequiredNowhereBuildingClass, RequiresHolyCity, RequiresIdeology, RequiredActiveEvent, RequiredActiveEventChoice, RequiredActiveCityEvent, RequiredActiveCityEventChoice, RequiredNoActivePlayerEvent, RequiredNoActivePlayerEventChoice, RequiredActiveEventOtherPlayer, RequiredActiveEventChoiceOtherPlayer, EventPolicy, EventPromotion, EventBuildingClassGlobal, EventFreePolicies, FreeGreatPeople, GoldenAgeTurns, WLTKDTurns, ResistanceTurns, PlayerHappiness, HappinessPerCity, RandomBarbarianSpawn) VALUES ('PLAYER_EVENT_WAR_FERVOR_CHOICE_4', 'TXT_KEY_PLAYER_EVENT_WAR_FERVOR_CHOICE_4', 'TXT_KEY_PLAYER_EVENT_WAR_FERVOR_CHOICE_4_HELP', 'AS2D_EVENT_CHOICE', 'false', 30, 'false', 0, 'true', 0, 0, NULL, NULL, 'false', NULL, NULL, NULL, 'POLICY_BRANCH_ORDER', 'true', 'false', NULL, NULL, NULL, 'false', NULL, NULL, 'false', NULL, NULL, 'false', 'false', NULL, NULL, NULL, NULL, NULL, NULL, NULL, NULL, NULL, NULL, NULL, 0, 0, 0, 0, 0, 0, 0, 0);
INSERT INTO EventChoices (Type, Description, Help, EventChoiceAudio, IsOneShot, EventDuration, EraScaling, EventChance, Expires, MinimumNationalPopulation, MinimumNumberCities, RequiredCiv, RequiredEra, IsUnhappy, ObsoleteEra, ImprovementAnywhereRequired, RequiredPolicy, RequiredIdeology, RequiresWar, RequiresWarMinor, UnitClassRequired, PrereqTech, ObsoleteTech, RequiresPantheon, RequiredReligion, RequiredStateReligion, RequiresAnyStateReligion, RequiredAnywhereBuildingClass, RequiredNowhereBuildingClass, RequiresHolyCity, RequiresIdeology, RequiredActiveEvent, RequiredActiveEventChoice, RequiredActiveCityEvent, RequiredActiveCityEventChoice, RequiredNoActivePlayerEvent, RequiredNoActivePlayerEventChoice, RequiredActiveEventOtherPlayer, RequiredActiveEventChoiceOtherPlayer, EventPolicy, EventPromotion, EventBuildingClassGlobal, EventFreePolicies, FreeGreatPeople, GoldenAgeTurns, WLTKDTurns, ResistanceTurns, PlayerHappiness, HappinessPerCity, RandomBarbarianSpawn) VALUES ('PLAYER_EVENT_WAR_FERVOR_CHOICE_5', 'TXT_KEY_PLAYER_EVENT_WAR_FERVOR_CHOICE_5', 'TXT_KEY_PLAYER_EVENT_WAR_FERVOR_CHOICE_5_HELP', 'AS2D_EVENT_CHOICE', 'false', 30, 'false', 0, 'true', 0, 0, NULL, NULL, 'false', NULL, NULL, NULL, 'POLICY_BRANCH_FREEDOM', 'true', 'false', NULL, NULL, NULL, 'false', NULL, NULL, 'false', NULL, NULL, 'false', 'false', NULL, NULL, NULL, NULL, NULL, NULL, NULL, NULL, NULL, NULL, NULL, 0, 0, 0, 0, 0, 0, 0, 0);
INSERT INTO EventChoices (Type, Description, Help, EventChoiceAudio, IsOneShot, EventDuration, EraScaling, EventChance, Expires, MinimumNationalPopulation, MinimumNumberCities, RequiredCiv, RequiredEra, IsUnhappy, ObsoleteEra, ImprovementAnywhereRequired, RequiredPolicy, RequiredIdeology, RequiresWar, RequiresWarMinor, UnitClassRequired, PrereqTech, ObsoleteTech, RequiresPantheon, RequiredReligion, RequiredStateReligion, RequiresAnyStateReligion, RequiredAnywhereBuildingClass, RequiredNowhereBuildingClass, RequiresHolyCity, RequiresIdeology, RequiredActiveEvent, RequiredActiveEventChoice, RequiredActiveCityEvent, RequiredActiveCityEventChoice, RequiredNoActivePlayerEvent, RequiredNoActivePlayerEventChoice, RequiredActiveEventOtherPlayer, RequiredActiveEventChoiceOtherPlayer, EventPolicy, EventPromotion, EventBuildingClassGlobal, EventFreePolicies, FreeGreatPeople, GoldenAgeTurns, WLTKDTurns, ResistanceTurns, PlayerHappiness, HappinessPerCity, RandomBarbarianSpawn) VALUES ('PLAYER_EVENT_WAR_WEARINESS_CHOICE_1', 'TXT_KEY_PLAYER_EVENT_WAR_WEARINESS_CHOICE_1', 'TXT_KEY_PLAYER_EVENT_WAR_WEARINESS_CHOICE_1_HELP', 'AS2D_EVENT_CHOICE', 'false', 20, 'false', 75, 'true', 0, 0, NULL, NULL, 'true', NULL, NULL, NULL, NULL, 'true', 'false', NULL, NULL, NULL, 'false', NULL, NULL, 'false', NULL, NULL, 'false', 'false', NULL, NULL, NULL, NULL, NULL, NULL, NULL, NULL, NULL, NULL, NULL, 0, 0, 0, 0, 0, 0, -1, 0);
INSERT INTO EventChoices (Type, Description, Help, EventChoiceAudio, IsOneShot, EventDuration, EraScaling, EventChance, Expires, MinimumNationalPopulation, MinimumNumberCities, RequiredCiv, RequiredEra, IsUnhappy, ObsoleteEra, ImprovementAnywhereRequired, RequiredPolicy, RequiredIdeology, RequiresWar, RequiresWarMinor, UnitClassRequired, PrereqTech, ObsoleteTech, RequiresPantheon, RequiredReligion, RequiredStateReligion, RequiresAnyStateReligion, RequiredAnywhereBuildingClass, RequiredNowhereBuildingClass, RequiresHolyCity, RequiresIdeology, RequiredActiveEvent, RequiredActiveEventChoice, RequiredActiveCityEvent, RequiredActiveCityEventChoice, RequiredNoActivePlayerEvent, RequiredNoActivePlayerEventChoice, RequiredActiveEventOtherPlayer, RequiredActiveEventChoiceOtherPlayer, EventPolicy, EventPromotion, EventBuildingClassGlobal, EventFreePolicies, FreeGreatPeople, GoldenAgeTurns, WLTKDTurns, ResistanceTurns, PlayerHappiness, HappinessPerCity, RandomBarbarianSpawn) VALUES ('PLAYER_EVENT_WAR_WEARINESS_CHOICE_2', 'TXT_KEY_PLAYER_EVENT_WAR_WEARINESS_CHOICE_2', 'TXT_KEY_PLAYER_EVENT_WAR_WEARINESS_CHOICE_2_HELP', 'AS2D_EVENT_CHOICE', 'false', 20, 'true', 0, 'true', 0, 0, NULL, NULL, 'true', NULL, NULL, NULL, NULL, 'true', 'false', NULL, NULL, NULL, 'false', NULL, NULL, 'false', NULL, NULL, 'true', 'false', NULL, NULL, NULL, NULL, NULL, NULL, NULL, NULL, NULL, NULL, NULL, 0, 0, 0, 0, 0, 0, 0, 0);
INSERT INTO EventChoices (Type, Description, Help, EventChoiceAudio, IsOneShot, EventDuration, EraScaling, EventChance, Expires, MinimumNationalPopulation, MinimumNumberCities, RequiredCiv, RequiredEra, IsUnhappy, ObsoleteEra, ImprovementAnywhereRequired, RequiredPolicy, RequiredIdeology, RequiresWar, RequiresWarMinor, UnitClassRequired, PrereqTech, ObsoleteTech, RequiresPantheon, RequiredReligion, RequiredStateReligion, RequiresAnyStateReligion, RequiredAnywhereBuildingClass, RequiredNowhereBuildingClass, RequiresHolyCity, RequiresIdeology, RequiredActiveEvent, RequiredActiveEventChoice, RequiredActiveCityEvent, RequiredActiveCityEventChoice, RequiredNoActivePlayerEvent, RequiredNoActivePlayerEventChoice, RequiredActiveEventOtherPlayer, RequiredActiveEventChoiceOtherPlayer, EventPolicy, EventPromotion, EventBuildingClassGlobal, EventFreePolicies, FreeGreatPeople, GoldenAgeTurns, WLTKDTurns, ResistanceTurns, PlayerHappiness, HappinessPerCity, RandomBarbarianSpawn) VALUES ('PLAYER_EVENT_WAR_WEARINESS_CHOICE_3', 'TXT_KEY_PLAYER_EVENT_WAR_WEARINESS_CHOICE_3', 'TXT_KEY_PLAYER_EVENT_WAR_WEARINESS_CHOICE_3_HELP', 'AS2D_EVENT_CHOICE', 'false', 20, 'false', 25, 'true', 0, 0, NULL, NULL, 'false', NULL, NULL, NULL, NULL, 'true', 'false', NULL, NULL, NULL, 'false', NULL, NULL, 'false', 'BUILDINGCLASS_BROADCAST_TOWER', NULL, 'false', 'false', NULL, NULL, NULL, NULL, NULL, NULL, NULL, NULL, NULL, NULL, NULL, 0, 0, 0, 0, 0, 0, -2, 0);
INSERT INTO EventChoices (Type, Description, Help, EventChoiceAudio, IsOneShot, EventDuration, EraScaling, EventChance, Expires, MinimumNationalPopulation, MinimumNumberCities, RequiredCiv, RequiredEra, IsUnhappy, ObsoleteEra, ImprovementAnywhereRequired, RequiredPolicy, RequiredIdeology, RequiresWar, RequiresWarMinor, UnitClassRequired, PrereqTech, ObsoleteTech, RequiresPantheon, RequiredReligion, RequiredStateReligion, RequiresAnyStateReligion, RequiredAnywhereBuildingClass, RequiredNowhereBuildingClass, RequiresHolyCity, RequiresIdeology, RequiredActiveEvent, RequiredActiveEventChoice, RequiredActiveCityEvent, RequiredActiveCityEventChoice, RequiredNoActivePlayerEvent, RequiredNoActivePlayerEventChoice, RequiredActiveEventOtherPlayer, RequiredActiveEventChoiceOtherPlayer, EventPolicy, EventPromotion, EventBuildingClassGlobal, EventFreePolicies, FreeGreatPeople, GoldenAgeTurns, WLTKDTurns, ResistanceTurns, PlayerHappiness, HappinessPerCity, RandomBarbarianSpawn) VALUES ('PLAYER_EVENT_WAR_WEARINESS_CHOICE_4', 'TXT_KEY_PLAYER_EVENT_WAR_WEARINESS_CHOICE_4', 'TXT_KEY_PLAYER_EVENT_WAR_WEARINESS_CHOICE_4_HELP', 'AS2D_EVENT_CHOICE', 'false', 20, 'false', 50, 'true', 0, 0, NULL, NULL, 'false', NULL, NULL, NULL, NULL, 'false', 'false', NULL, NULL, NULL, 'false', NULL, NULL, 'false', NULL, NULL, 'false', 'true', NULL, NULL, NULL, NULL, NULL, NULL, NULL, NULL, NULL, NULL, NULL, 0, 0, 0, 0, 2, 0, 0, 0);

INSERT INTO Event_ParentEvents (EventChoiceType, EventType) VALUES ('PLAYER_EVENT_COMET_CHOICE_1', 'PLAYER_EVENT_COMET');
INSERT INTO Event_ParentEvents (EventChoiceType, EventType) VALUES ('PLAYER_EVENT_COMET_CHOICE_2', 'PLAYER_EVENT_COMET');
INSERT INTO Event_ParentEvents (EventChoiceType, EventType) VALUES ('PLAYER_EVENT_COMET_CHOICE_3', 'PLAYER_EVENT_COMET');
INSERT INTO Event_ParentEvents (EventChoiceType, EventType) VALUES ('PLAYER_EVENT_COMET_CHOICE_4', 'PLAYER_EVENT_COMET');
INSERT INTO Event_ParentEvents (EventChoiceType, EventType) VALUES ('PLAYER_EVENT_METEOR_CHOICE_1', 'PLAYER_EVENT_METEOR');
INSERT INTO Event_ParentEvents (EventChoiceType, EventType) VALUES ('PLAYER_EVENT_METEOR_CHOICE_2', 'PLAYER_EVENT_METEOR');
INSERT INTO Event_ParentEvents (EventChoiceType, EventType) VALUES ('PLAYER_EVENT_METEOR_CHOICE_3', 'PLAYER_EVENT_METEOR');
INSERT INTO Event_ParentEvents (EventChoiceType, EventType) VALUES ('PLAYER_EVENT_METEOR_CHOICE_4', 'PLAYER_EVENT_METEOR');
INSERT INTO Event_ParentEvents (EventChoiceType, EventType) VALUES ('PLAYER_EVENT_METEOR_CHOICE_5', 'PLAYER_EVENT_METEOR');
INSERT INTO Event_ParentEvents (EventChoiceType, EventType) VALUES ('PLAYER_EVENT_ECLIPSE_CHOICE_1', 'PLAYER_EVENT_ECLIPSE');
INSERT INTO Event_ParentEvents (EventChoiceType, EventType) VALUES ('PLAYER_EVENT_ECLIPSE_CHOICE_2', 'PLAYER_EVENT_ECLIPSE');
INSERT INTO Event_ParentEvents (EventChoiceType, EventType) VALUES ('PLAYER_EVENT_ECLIPSE_CHOICE_3', 'PLAYER_EVENT_ECLIPSE');
INSERT INTO Event_ParentEvents (EventChoiceType, EventType) VALUES ('PLAYER_EVENT_ECLIPSE_CHOICE_4', 'PLAYER_EVENT_ECLIPSE');
INSERT INTO Event_ParentEvents (EventChoiceType, EventType) VALUES ('PLAYER_EVENT_HEAT_WAVE_CHOICE_1', 'PLAYER_EVENT_HEAT_WAVE');
INSERT INTO Event_ParentEvents (EventChoiceType, EventType) VALUES ('PLAYER_EVENT_HEAT_WAVE_CHOICE_2', 'PLAYER_EVENT_HEAT_WAVE');
INSERT INTO Event_ParentEvents (EventChoiceType, EventType) VALUES ('PLAYER_EVENT_HEAT_WAVE_CHOICE_3', 'PLAYER_EVENT_HEAT_WAVE');
INSERT INTO Event_ParentEvents (EventChoiceType, EventType) VALUES ('PLAYER_EVENT_HEAT_WAVE_CHOICE_4', 'PLAYER_EVENT_HEAT_WAVE');
INSERT INTO Event_ParentEvents (EventChoiceType, EventType) VALUES ('PLAYER_EVENT_ICE_AGE_CHOICE_1', 'PLAYER_EVENT_ICE_AGE');
INSERT INTO Event_ParentEvents (EventChoiceType, EventType) VALUES ('PLAYER_EVENT_ICE_AGE_CHOICE_2', 'PLAYER_EVENT_ICE_AGE');
INSERT INTO Event_ParentEvents (EventChoiceType, EventType) VALUES ('PLAYER_EVENT_ICE_AGE_CHOICE_3', 'PLAYER_EVENT_ICE_AGE');
INSERT INTO Event_ParentEvents (EventChoiceType, EventType) VALUES ('PLAYER_EVENT_REVOLUTION_CHOICE_1', 'PLAYER_EVENT_REVOLUTION');
INSERT INTO Event_ParentEvents (EventChoiceType, EventType) VALUES ('PLAYER_EVENT_REVOLUTION_CHOICE_2', 'PLAYER_EVENT_REVOLUTION');
INSERT INTO Event_ParentEvents (EventChoiceType, EventType) VALUES ('PLAYER_EVENT_REVOLUTION_CHOICE_3', 'PLAYER_EVENT_REVOLUTION');
INSERT INTO Event_ParentEvents (EventChoiceType, EventType) VALUES ('PLAYER_EVENT_REVOLUTION_CHOICE_4', 'PLAYER_EVENT_REVOLUTION');
INSERT INTO Event_ParentEvents (EventChoiceType, EventType) VALUES ('PLAYER_EVENT_WAR_FERVOR_CHOICE_1', 'PLAYER_EVENT_WAR_FERVOR');
INSERT INTO Event_ParentEvents (EventChoiceType, EventType) VALUES ('PLAYER_EVENT_WAR_FERVOR_CHOICE_2', 'PLAYER_EVENT_WAR_FERVOR');
INSERT INTO Event_ParentEvents (EventChoiceType, EventType) VALUES ('PLAYER_EVENT_WAR_FERVOR_CHOICE_3', 'PLAYER_EVENT_WAR_FERVOR');
INSERT INTO Event_ParentEvents (EventChoiceType, EventType) VALUES ('PLAYER_EVENT_WAR_FERVOR_CHOICE_4', 'PLAYER_EVENT_WAR_FERVOR');
INSERT INTO Event_ParentEvents (EventChoiceType, EventType) VALUES ('PLAYER_EVENT_WAR_FERVOR_CHOICE_5', 'PLAYER_EVENT_WAR_FERVOR');
INSERT INTO Event_ParentEvents (EventChoiceType, EventType) VALUES ('PLAYER_EVENT_WAR_WEARINESS_CHOICE_1', 'PLAYER_EVENT_WAR_WEARINESS');
INSERT INTO Event_ParentEvents (EventChoiceType, EventType) VALUES ('PLAYER_EVENT_WAR_WEARINESS_CHOICE_2', 'PLAYER_EVENT_WAR_WEARINESS');
INSERT INTO Event_ParentEvents (EventChoiceType, EventType) VALUES ('PLAYER_EVENT_WAR_WEARINESS_CHOICE_3', 'PLAYER_EVENT_WAR_WEARINESS');
INSERT INTO Event_ParentEvents (EventChoiceType, EventType) VALUES ('PLAYER_EVENT_WAR_WEARINESS_CHOICE_4', 'PLAYER_EVENT_WAR_WEARINESS');

INSERT INTO EventChoice_InstantYield (EventChoiceType, YieldType, Yield) VALUES ('PLAYER_EVENT_METEOR_CHOICE_2', 'YIELD_FAITH', 250);
INSERT INTO EventChoice_InstantYield (EventChoiceType, YieldType, Yield) VALUES ('PLAYER_EVENT_ECLIPSE_CHOICE_1', 'YIELD_GOLDEN_AGE_POINTS', -200);

INSERT INTO EventChoice_BuildingClassYieldChange (EventChoiceType, BuildingClassType, YieldType, YieldChange) VALUES ('PLAYER_EVENT_METEOR_CHOICE_3', 'BUILDINGCLASS_PALACE', 'YIELD_CULTURE', 2);
INSERT INTO EventChoice_BuildingClassYieldChange (EventChoiceType, BuildingClassType, YieldType, YieldChange) VALUES ('PLAYER_EVENT_METEOR_CHOICE_4', 'BUILDINGCLASS_UNIVERSITY', 'YIELD_SCIENCE', 1);
INSERT INTO EventChoice_BuildingClassYieldChange (EventChoiceType, BuildingClassType, YieldType, YieldChange) VALUES ('PLAYER_EVENT_METEOR_CHOICE_5', 'BUILDINGCLASS_MUSEUM', 'YIELD_CULTURE', 1);
INSERT INTO EventChoice_BuildingClassYieldChange (EventChoiceType, BuildingClassType, YieldType, YieldChange) VALUES ('PLAYER_EVENT_WAR_FERVOR_CHOICE_3', 'BUILDINGCLASS_MILITARY_ACADEMY', 'YIELD_SCIENCE', 5);

INSERT INTO EventChoice_EventCostYield (EventChoiceType, YieldType, Yield) VALUES ('PLAYER_EVENT_ECLIPSE_CHOICE_1', 'YIELD_GOLDEN_AGE_POINTS', -100);
INSERT INTO EventChoice_EventCostYield (EventChoiceType, YieldType, Yield) VALUES ('PLAYER_EVENT_HEAT_WAVE_CHOICE_1', 'YIELD_GOLD', 500);
INSERT INTO EventChoice_EventCostYield (EventChoiceType, YieldType, Yield) VALUES ('PLAYER_EVENT_HEAT_WAVE_CHOICE_2', 'YIELD_GOLD', 250);
INSERT INTO EventChoice_EventCostYield (EventChoiceType, YieldType, Yield) VALUES ('PLAYER_EVENT_HEAT_WAVE_CHOICE_3', 'YIELD_GOLD', 100);
INSERT INTO EventChoice_EventCostYield (EventChoiceType, YieldType, Yield) VALUES ('PLAYER_EVENT_REVOLUTION_CHOICE_4', 'YIELD_GOLD', 1000);
INSERT INTO EventChoice_EventCostYield (EventChoiceType, YieldType, Yield) VALUES ('PLAYER_EVENT_WAR_WEARINESS_CHOICE_2', 'YIELD_GOLDEN_AGE_POINTS', 250);
INSERT INTO EventChoice_EventCostYield (EventChoiceType, YieldType, Yield) VALUES ('PLAYER_EVENT_WAR_WEARINESS_CHOICE_4', 'YIELD_GOLD', 1000);
