INSERT INTO Events (Type,Description,Help,EventArt,EventAudio,RandomChance,RandomChanceDelta,IsOneShot,IgnoresGlobalCooldown,Global,EraScaling,EventCooldown,NumChoices,MinimumNationalPopulation,MinimumNumberCities,RequiredCiv,RequiredEra,IsUnhappy,IsSuperUnhappy,ObsoleteEra,ImprovementAnywhereRequired,RequiredPolicy,RequiredIdeology,RequiresWar,RequiresWarMinor,UnitClassRequired,PrereqTech,ObsoleteTech,RequiresPantheon,RequiredReligion,RequiredStateReligion,RequiresAnyStateReligion,RequiredAnywhereBuildingClass,RequiredNowhereBuildingClass,RequiresHolyCity,RequiresIdeology,RequiredActiveEvent,RequiredActiveEventChoice,RequiredActiveCityEvent,RequiredActiveCityEventChoice,RequiredNoActivePlayerEvent,RequiredNoActivePlayerEventChoice,RequiredActiveEventOtherPlayer,RequiredActiveEventChoiceOtherPlayer,RequiredNoActiveEventOtherPlayer,RequiredNoActiveEventChoiceOtherPlayer,HasMetAMajorCiv,InDebt,LosingMoney,IsVassalOfSomeone,IsMasterOfSomeone) VALUES ('PLAYER_EVENT_COMET','TXT_KEY_PLAYER_EVENT_COMET_DESCRIPTION','TXT_KEY_PLAYER_EVENT_COMET_HELP',NULL,'AS2D_INTERFACE_CITY_TILE',5,1,'false','false','true','true',200,3,1,1,NULL,NULL,'false','false',NULL,NULL,NULL,NULL,'false','false',NULL,NULL,NULL,'false',NULL,NULL,'false',NULL,NULL,'false','false',NULL,NULL,NULL,NULL,'PLAYER_EVENT_COMET',NULL,NULL,NULL,NULL,NULL,'false','false','false','false','false'),
 ('PLAYER_EVENT_METEOR','TXT_KEY_PLAYER_EVENT_METEOR_DESCRIPTION','TXT_KEY_PLAYER_EVENT_METEOR_HELP',NULL,'AS2D_INTERFACE_CITY_TILE',5,2,'false','false','false','true',150,3,5,2,NULL,NULL,'false','false',NULL,NULL,NULL,NULL,'false','false',NULL,NULL,NULL,'false',NULL,NULL,'false',NULL,NULL,'false','false',NULL,NULL,NULL,NULL,'PLAYER_EVENT_METEOR',NULL,NULL,NULL,NULL,NULL,'false','false','false','false','false'),
 ('PLAYER_EVENT_ECLIPSE','TXT_KEY_PLAYER_EVENT_ECLIPSE_DESCRIPTION','TXT_KEY_PLAYER_EVENT_ECLIPSE_HELP',NULL,'AS2D_INTERFACE_CITY_TILE',5,1,'false','false','true','true',150,3,10,3,NULL,NULL,'false','false',NULL,NULL,NULL,NULL,'false','false',NULL,NULL,NULL,'false',NULL,NULL,'false',NULL,NULL,'false','false',NULL,NULL,NULL,NULL,'PLAYER_EVENT_ECLIPSE',NULL,NULL,NULL,NULL,NULL,'false','false','false','false','false'),
 ('PLAYER_EVENT_HEAT_WAVE','TXT_KEY_PLAYER_EVENT_HEAT_WAVE_DESCRIPTION','TXT_KEY_PLAYER_EVENT_HEAT_WAVE_HELP','badeventdefaultbackground.dds','AS2D_EVENT_NOTIFICATION_VERY_BAD',15,0,'false','false','true','true',250,3,15,3,NULL,NULL,'false','false',NULL,NULL,NULL,NULL,'false','false',NULL,NULL,NULL,'false',NULL,NULL,'false',NULL,NULL,'false','false',NULL,NULL,NULL,NULL,'PLAYER_EVENT_ICE_AGE',NULL,NULL,NULL,NULL,NULL,'false','false','false','false','false'),
 ('PLAYER_EVENT_ICE_AGE','TXT_KEY_PLAYER_EVENT_ICE_AGE_DESCRIPTION','TXT_KEY_PLAYER_EVENT_ICE_AGE_HELP','badeventdefaultbackground.dds','AS2D_EVENT_NOTIFICATION_VERY_BAD',15,0,'false','false','true','true',300,3,15,3,NULL,NULL,'false','false',NULL,NULL,NULL,NULL,'false','false',NULL,NULL,NULL,'false',NULL,NULL,'false',NULL,NULL,'false','false',NULL,NULL,NULL,NULL,'PLAYER_EVENT_HEAT_WAVE',NULL,NULL,NULL,NULL,NULL,'false','false','false','false','false'),
 ('PLAYER_EVENT_REVOLUTION','TXT_KEY_PLAYER_EVENT_REVOLUTION_DESCRIPTION','TXT_KEY_PLAYER_EVENT_REVOLUTION_HELP','badeventdefaultbackground.dds','AS2D_EVENT_NOTIFICATION_VERY_BAD',15,0,'false','false','false','true',100,3,20,4,NULL,NULL,'false','true',NULL,NULL,NULL,NULL,'false','false',NULL,NULL,NULL,'false',NULL,NULL,'false',NULL,NULL,'false','false',NULL,NULL,NULL,NULL,NULL,NULL,NULL,NULL,NULL,NULL,'false','false','false','false','false'),
 ('PLAYER_EVENT_WAR_FERVOR','TXT_KEY_PLAYER_EVENT_WAR_FERVOR_DESCRIPTION','TXT_KEY_PLAYER_EVENT_WAR_FERVOR_HELP',NULL,'AS2D_INTERFACE_DECLARE_WAR',15,1,'false','false','false','true',100,3,20,4,NULL,NULL,'false','false',NULL,NULL,NULL,NULL,'true','false',NULL,'TECH_ARCHERY',NULL,'false',NULL,NULL,'false',NULL,NULL,'false','false',NULL,NULL,NULL,NULL,NULL,NULL,NULL,NULL,NULL,NULL,'false','false','false','false','false'),
 ('PLAYER_EVENT_WAR_WEARINESS','TXT_KEY_PLAYER_EVENT_WAR_WEARINESS_DESCRIPTION','TXT_KEY_PLAYER_EVENT_WAR_WEARINESS_HELP',NULL,'AS2D_EVENT_NOTIFICATION_VERY_BAD',15,1,'false','false','false','true',100,3,20,4,NULL,NULL,'true','false',NULL,NULL,NULL,NULL,'true','false',NULL,'TECH_ARCHERY',NULL,'false',NULL,NULL,'false',NULL,NULL,'false','false',NULL,NULL,NULL,NULL,NULL,NULL,NULL,NULL,NULL,NULL,'false','false','false','false','false'),
 ('PLAYER_EVENT_CASTLE_DOCTRINE','TXT_KEY_PLAYER_EVENT_CASTLE_DOCTRINE_DESCRIPTION','TXT_KEY_PLAYER_EVENT_CASTLE_DOCTRINE_HELP',NULL,'AS2D_INTERFACE_BORDERS_EXPAND',20,0,'true','false','false','false',30,4,25,4,NULL,NULL,'false','false','ERA_INDUSTRIAL',NULL,NULL,NULL,'true','false',NULL,NULL,NULL,'false',NULL,NULL,'false','BUILDINGCLASS_CASTLE',NULL,'false','false',NULL,NULL,NULL,NULL,NULL,NULL,NULL,NULL,NULL,NULL,'false','false','false','false','false'),
 ('PLAYER_EVENT_UNIVERSITY_POLICY','TXT_KEY_PLAYER_EVENT_UNIVERSITY_POLICY_DESCRIPTION','TXT_KEY_PLAYER_EVENT_UNIVERSITY_POLICY_HELP',NULL,'AS2D_INTERFACE_BORDERS_EXPAND',20,0,'true','false','false','false',30,2,25,3,NULL,NULL,'false','false',NULL,NULL,NULL,NULL,'false','false',NULL,NULL,NULL,'false',NULL,NULL,'false','BUILDINGCLASS_UNIVERSITY',NULL,'false','false',NULL,NULL,NULL,NULL,NULL,NULL,NULL,NULL,NULL,NULL,'false','false','false','false','false'),
 ('PLAYER_EVENT_BANK_DECISION','TXT_KEY_PLAYER_EVENT_BANK_DECISION_DESCRIPTION','TXT_KEY_PLAYER_EVENT_BANK_DECISION_HELP',NULL,'AS2D_INTERFACE_BORDERS_EXPAND',20,1,'true','false','false','false',30,3,30,4,NULL,NULL,'false','false',NULL,NULL,NULL,NULL,'false','false',NULL,NULL,NULL,'false',NULL,NULL,'false','BUILDINGCLASS_BANK',NULL,'false','false',NULL,NULL,NULL,NULL,NULL,NULL,NULL,NULL,NULL,NULL,'false','false','false','false','false'),
 ('PLAYER_EVENT_WINDMILLS_MODERNIZE','TXT_KEY_PLAYER_EVENT_WINDMILLS_MODERNIZE_DESCRIPTION','TXT_KEY_PLAYER_EVENT_WINDMILLS_MODERNIZE_HELP',NULL,'AS2D_INTERFACE_BORDERS_EXPAND',20,1,'true','false','false','false',30,3,0,0,NULL,'ERA_INDUSTRIAL','false','false',NULL,NULL,NULL,NULL,'false','false',NULL,NULL,NULL,'false',NULL,NULL,'false','BUILDINGCLASS_WINDMILL',NULL,'false','false',NULL,NULL,NULL,NULL,NULL,NULL,NULL,NULL,NULL,NULL,'false','false','false','false','false'),
 ('PLAYER_EVENT_STADIUM_WORLD_EVENT',NULL,NULL,NULL,'AS2D_INTERFACE_BORDERS_EXPAND',10,1,'false','false','false','false',50,1,0,4,NULL,NULL,'false','false',NULL,NULL,NULL,NULL,'false','false',NULL,NULL,NULL,'false',NULL,NULL,'false','BUILDINGCLASS_STADIUM',NULL,'false','true',NULL,NULL,NULL,NULL,NULL,NULL,NULL,NULL,'PLAYER_EVENT_STADIUM_WORLD_EVENT',NULL,'true','false','false','false','false'),
 ('PLAYER_EVENT_CORRUPTION_SCIENCE_FAILURE',NULL,NULL,'badeventdefaultbackground.dds','AS2D_EVENT_NOTIFICATION_VERY_BAD',20,1,'false','false','false','true',75,1,10,3,NULL,NULL,'true','false',NULL,NULL,NULL,NULL,'false','false',NULL,NULL,NULL,'false',NULL,NULL,'false',NULL,NULL,'false','false',NULL,NULL,NULL,NULL,NULL,NULL,NULL,NULL,NULL,NULL,'false','false','false','false','false'),
 ('PLAYER_EVENT_BABY_BOOM',NULL,NULL,NULL,'AS2D_INTERFACE_BORDERS_EXPAND',15,1,'false','false','false','false',100,1,0,3,NULL,'ERA_INDUSTRIAL','false','false',NULL,NULL,NULL,NULL,'false','false',NULL,NULL,NULL,'false',NULL,NULL,'false',NULL,NULL,'false','false',NULL,NULL,NULL,NULL,NULL,NULL,NULL,NULL,NULL,NULL,'false','false','false','false','false'),
 ('PLAYER_EVENT_PLAGUE',NULL,NULL,'badeventdefaultbackground.dds','AS2D_EVENT_NOTIFICATION_VERY_BAD',10,1,'false','false','true','false',200,1,20,4,NULL,'ERA_CLASSICAL','false','false','ERA_MODERN',NULL,NULL,NULL,'false','false',NULL,NULL,NULL,'false',NULL,NULL,'false',NULL,NULL,'false','false',NULL,NULL,NULL,NULL,NULL,NULL,NULL,NULL,NULL,NULL,'false','false','false','false','false');

INSERT INTO Event_ParentEvents (EventChoiceType,EventType) VALUES ('PLAYER_EVENT_COMET_CHOICE_1','PLAYER_EVENT_COMET'),
 ('PLAYER_EVENT_COMET_CHOICE_2','PLAYER_EVENT_COMET'),
 ('PLAYER_EVENT_COMET_CHOICE_3','PLAYER_EVENT_COMET'),
 ('PLAYER_EVENT_COMET_CHOICE_4','PLAYER_EVENT_COMET'),
 ('PLAYER_EVENT_METEOR_CHOICE_1','PLAYER_EVENT_METEOR'),
 ('PLAYER_EVENT_METEOR_CHOICE_2','PLAYER_EVENT_METEOR'),
 ('PLAYER_EVENT_METEOR_CHOICE_3','PLAYER_EVENT_METEOR'),
 ('PLAYER_EVENT_METEOR_CHOICE_4','PLAYER_EVENT_METEOR'),
 ('PLAYER_EVENT_METEOR_CHOICE_5','PLAYER_EVENT_METEOR'),
 ('PLAYER_EVENT_ECLIPSE_CHOICE_1','PLAYER_EVENT_ECLIPSE'),
 ('PLAYER_EVENT_ECLIPSE_CHOICE_2','PLAYER_EVENT_ECLIPSE'),
 ('PLAYER_EVENT_ECLIPSE_CHOICE_3','PLAYER_EVENT_ECLIPSE'),
 ('PLAYER_EVENT_ECLIPSE_CHOICE_4','PLAYER_EVENT_ECLIPSE'),
 ('PLAYER_EVENT_HEAT_WAVE_CHOICE_1','PLAYER_EVENT_HEAT_WAVE'),
 ('PLAYER_EVENT_HEAT_WAVE_CHOICE_2','PLAYER_EVENT_HEAT_WAVE'),
 ('PLAYER_EVENT_HEAT_WAVE_CHOICE_3','PLAYER_EVENT_HEAT_WAVE'),
 ('PLAYER_EVENT_HEAT_WAVE_CHOICE_4','PLAYER_EVENT_HEAT_WAVE'),
 ('PLAYER_EVENT_ICE_AGE_CHOICE_1','PLAYER_EVENT_ICE_AGE'),
 ('PLAYER_EVENT_ICE_AGE_CHOICE_2','PLAYER_EVENT_ICE_AGE'),
 ('PLAYER_EVENT_ICE_AGE_CHOICE_3','PLAYER_EVENT_ICE_AGE'),
 ('PLAYER_EVENT_REVOLUTION_CHOICE_1','PLAYER_EVENT_REVOLUTION'),
 ('PLAYER_EVENT_REVOLUTION_CHOICE_2','PLAYER_EVENT_REVOLUTION'),
 ('PLAYER_EVENT_REVOLUTION_CHOICE_3','PLAYER_EVENT_REVOLUTION'),
 ('PLAYER_EVENT_REVOLUTION_CHOICE_4','PLAYER_EVENT_REVOLUTION'),
 ('PLAYER_EVENT_WAR_FERVOR_CHOICE_1','PLAYER_EVENT_WAR_FERVOR'),
 ('PLAYER_EVENT_WAR_FERVOR_CHOICE_2','PLAYER_EVENT_WAR_FERVOR'),
 ('PLAYER_EVENT_WAR_FERVOR_CHOICE_3','PLAYER_EVENT_WAR_FERVOR'),
 ('PLAYER_EVENT_WAR_FERVOR_CHOICE_4','PLAYER_EVENT_WAR_FERVOR'),
 ('PLAYER_EVENT_WAR_FERVOR_CHOICE_5','PLAYER_EVENT_WAR_FERVOR'),
 ('PLAYER_EVENT_WAR_WEARINESS_CHOICE_1','PLAYER_EVENT_WAR_WEARINESS'),
 ('PLAYER_EVENT_WAR_WEARINESS_CHOICE_2','PLAYER_EVENT_WAR_WEARINESS'),
 ('PLAYER_EVENT_WAR_WEARINESS_CHOICE_3','PLAYER_EVENT_WAR_WEARINESS'),
 ('PLAYER_EVENT_WAR_WEARINESS_CHOICE_4','PLAYER_EVENT_WAR_WEARINESS'),
 ('PLAYER_EVENT_CASTLE_DOCTRINE_CHOICE_1','PLAYER_EVENT_CASTLE_DOCTRINE'),
 ('PLAYER_EVENT_CASTLE_DOCTRINE_CHOICE_2','PLAYER_EVENT_CASTLE_DOCTRINE'),
 ('PLAYER_EVENT_CASTLE_DOCTRINE_CHOICE_3','PLAYER_EVENT_CASTLE_DOCTRINE'),
 ('PLAYER_EVENT_CASTLE_DOCTRINE_CHOICE_4','PLAYER_EVENT_CASTLE_DOCTRINE'),
 ('PLAYER_EVENT_UNIVERSITY_POLICY_CHOICE_1','PLAYER_EVENT_UNIVERSITY_POLICY'),
 ('PLAYER_EVENT_UNIVERSITY_POLICY_CHOICE_2','PLAYER_EVENT_UNIVERSITY_POLICY'),
 ('PLAYER_EVENT_UNIVERSITY_POLICY_CHOICE_3','PLAYER_EVENT_UNIVERSITY_POLICY'),
 ('PLAYER_EVENT_UNIVERSITY_POLICY_CHOICE_4','PLAYER_EVENT_UNIVERSITY_POLICY'),
 ('PLAYER_EVENT_BANK_DECISION_CHOICE_1','PLAYER_EVENT_BANK_DECISION'),
 ('PLAYER_EVENT_BANK_DECISION_CHOICE_2','PLAYER_EVENT_BANK_DECISION'),
 ('PLAYER_EVENT_BANK_DECISION_CHOICE_3','PLAYER_EVENT_BANK_DECISION'),
 ('PLAYER_EVENT_WINDMILLS_MODERNIZE_CHOICE_1','PLAYER_EVENT_WINDMILLS_MODERNIZE'),
 ('PLAYER_EVENT_WINDMILLS_MODERNIZE_CHOICE_2','PLAYER_EVENT_WINDMILLS_MODERNIZE'),
 ('PLAYER_EVENT_WINDMILLS_MODERNIZE_CHOICE_3','PLAYER_EVENT_WINDMILLS_MODERNIZE'),
 ('PLAYER_EVENT_NO_CHOICE','PLAYER_EVENT_WINDMILLS_MODERNIZE'),
 ('PLAYER_EVENT_STADIUM_WORLD_EVENT_CHOICE_1','PLAYER_EVENT_STADIUM_WORLD_EVENT'),
 ('PLAYER_EVENT_CORRUPTION_SCIENCE_FAILURE_CHOICE_1','PLAYER_EVENT_CORRUPTION_SCIENCE_FAILURE'),
 ('PLAYER_EVENT_BABY_BOOM_CHOICE_1','PLAYER_EVENT_BABY_BOOM'),
 ('PLAYER_EVENT_PLAGUE_CHOICE_1','PLAYER_EVENT_PLAGUE');

INSERT INTO Event_MinimumStartYield (EventType,YieldType,Yield) VALUES ('PLAYER_EVENT_WINDMILLS_MODERNIZE','YIELD_GOLD',250),
 ('PLAYER_EVENT_CORRUPTION_SCIENCE_FAILURE','YIELD_SCIENCE',75);

INSERT INTO Event_MinimumResourceRequired (EventType,ResourceType,Quantity) VALUES ('PLAYER_EVENT_WINDMILLS_MODERNIZE','RESOURCE_IRON',4);

INSERT INTO EventChoices (Type,Description,Help,EventChoiceAudio,IsOneShot,EventDuration,EraScaling,EventChance,Expires,MinimumNationalPopulation,MinimumNumberCities,RequiredCiv,RequiredEra,IsUnhappy,IsSuperUnhappy,ObsoleteEra,ImprovementAnywhereRequired,RequiredPolicy,RequiredIdeology,RequiresWar,RequiresWarMinor,UnitClassRequired,PrereqTech,ObsoleteTech,RequiresPantheon,RequiredReligion,RequiredStateReligion,RequiresAnyStateReligion,RequiredAnywhereBuildingClass,RequiredNowhereBuildingClass,RequiresHolyCity,RequiresIdeology,RequiredActiveEvent,RequiredActiveEventChoice,RequiredActiveCityEvent,RequiredActiveCityEventChoice,RequiredNoActivePlayerEvent,RequiredNoActivePlayerEventChoice,RequiredActiveEventOtherPlayer,RequiredActiveEventChoiceOtherPlayer,RequiredNoActiveEventOtherPlayer,RequiredNoActiveEventChoiceOtherPlayer,EventPolicy,EventPromotion,EventTech,EventBuildingClassGlobal,EventFreePolicies,FreeGreatPeople,GoldenAgeTurns,WLTKDTurns,ResistanceTurns,PlayerHappiness,HappinessPerCity,RandomBarbarianSpawn,FreeUnitsTechAppropriate,HasMetAMajorCiv,InDebt,LosingMoney,IsVassalOfSomeone,IsMasterOfSomeone) VALUES ('PLAYER_EVENT_COMET_CHOICE_1','TXT_KEY_EVENT_COMET_CHOICE_1','TXT_KEY_EVENT_COMET_CHOICE_1_HELP','AS2D_EVENT_CHOICE','false',30,'true',0,'false',0,0,NULL,NULL,'false','false',NULL,NULL,NULL,NULL,'false','false',NULL,NULL,NULL,'false',NULL,NULL,'false',NULL,NULL,'false','false',NULL,NULL,NULL,NULL,NULL,NULL,NULL,NULL,NULL,NULL,NULL,NULL,NULL,NULL,0,0,0,0,0,0,0,0,0,'false','false','false','false','false'),
 ('PLAYER_EVENT_COMET_CHOICE_2','TXT_KEY_EVENT_COMET_CHOICE_2','TXT_KEY_EVENT_COMET_CHOICE_2_HELP','AS2D_EVENT_CHOICE','false',30,'false',0,'true',0,0,NULL,NULL,'false','false',NULL,NULL,NULL,NULL,'false','false',NULL,NULL,NULL,'true',NULL,NULL,'false',NULL,NULL,'false','false',NULL,NULL,NULL,NULL,NULL,NULL,NULL,NULL,NULL,NULL,NULL,NULL,NULL,NULL,0,0,0,0,0,0,1,0,0,'false','false','false','false','false'),
 ('PLAYER_EVENT_COMET_CHOICE_3','TXT_KEY_EVENT_COMET_CHOICE_3','TXT_KEY_EVENT_COMET_CHOICE_3_HELP','AS2D_EVENT_CHOICE','false',30,'true',50,'false',0,0,NULL,NULL,'false','false',NULL,NULL,NULL,NULL,'false','false',NULL,NULL,NULL,'false',NULL,NULL,'false',NULL,NULL,'true','false',NULL,NULL,NULL,NULL,NULL,NULL,NULL,NULL,NULL,NULL,NULL,NULL,NULL,NULL,0,0,0,0,0,0,0,0,0,'false','false','false','false','false'),
 ('PLAYER_EVENT_COMET_CHOICE_4','TXT_KEY_EVENT_COMET_CHOICE_4','TXT_KEY_EVENT_COMET_CHOICE_4_HELP','AS2D_EVENT_CHOICE','false',30,'true',0,'false',0,0,NULL,NULL,'false','false',NULL,NULL,NULL,NULL,'false','false',NULL,NULL,NULL,'false',NULL,NULL,'false','BUILDINGCLASS_OBSERVATORY',NULL,'false','false',NULL,NULL,NULL,NULL,NULL,NULL,NULL,NULL,NULL,NULL,NULL,NULL,NULL,NULL,0,0,0,0,0,0,0,0,0,'false','false','false','false','false'),
 ('PLAYER_EVENT_METEOR_CHOICE_1','TXT_KEY_PLAYER_EVENT_METEOR_CHOICE_1','TXT_KEY_PLAYER_EVENT_METEOR_CHOICE_1_HELP','AS2D_EVENT_CHOICE','false',30,'false',50,'false',0,0,NULL,NULL,'false','false',NULL,NULL,NULL,NULL,'false','false',NULL,'TECH_BRONZE_WORKING',NULL,'false',NULL,NULL,'false','BUILDINGCLASS_FORGE',NULL,'false','false',NULL,NULL,NULL,NULL,NULL,NULL,NULL,NULL,NULL,NULL,NULL,NULL,NULL,NULL,0,0,0,0,0,0,0,0,0,'false','false','false','false','false'),
 ('PLAYER_EVENT_METEOR_CHOICE_2','TXT_KEY_PLAYER_EVENT_METEOR_CHOICE_2','TXT_KEY_PLAYER_EVENT_METEOR_CHOICE_2_HELP','AS2D_EVENT_CHOICE','true',30,'false',0,'false',0,0,NULL,NULL,'false','false',NULL,NULL,NULL,NULL,'false','false',NULL,NULL,'TECH_THEOLOGY','false',NULL,NULL,'false','BUILDINGCLASS_SHRINE',NULL,'false','false',NULL,NULL,NULL,NULL,NULL,NULL,NULL,NULL,NULL,NULL,NULL,NULL,NULL,NULL,0,0,0,0,0,0,0,0,0,'false','false','false','false','false'),
 ('PLAYER_EVENT_METEOR_CHOICE_3','TXT_KEY_PLAYER_EVENT_METEOR_CHOICE_3','TXT_KEY_PLAYER_EVENT_METEOR_CHOICE_3_HELP','AS2D_EVENT_CHOICE','true',30,'false',0,'false',0,0,NULL,NULL,'false','false',NULL,NULL,NULL,NULL,'false','false',NULL,NULL,NULL,'false',NULL,NULL,'false','BUILDINGCLASS_PALACE',NULL,'false','false',NULL,NULL,NULL,NULL,NULL,NULL,NULL,NULL,NULL,NULL,NULL,NULL,NULL,NULL,0,0,0,0,0,0,0,0,0,'false','false','false','false','false'),
 ('PLAYER_EVENT_METEOR_CHOICE_4','TXT_KEY_PLAYER_EVENT_METEOR_CHOICE_4','TXT_KEY_PLAYER_EVENT_METEOR_CHOICE_4_HELP','AS2D_EVENT_CHOICE','true',30,'false',0,'false',0,0,NULL,NULL,'false','false',NULL,NULL,NULL,NULL,'false','false',NULL,NULL,NULL,'false',NULL,NULL,'false','BUILDINGCLASS_UNIVERSITY',NULL,'false','false',NULL,NULL,NULL,NULL,NULL,NULL,NULL,NULL,NULL,NULL,NULL,NULL,NULL,NULL,0,0,0,0,0,0,0,0,0,'false','false','false','false','false'),
 ('PLAYER_EVENT_METEOR_CHOICE_5','TXT_KEY_PLAYER_EVENT_METEOR_CHOICE_5','TXT_KEY_PLAYER_EVENT_METEOR_CHOICE_5_HELP','AS2D_EVENT_CHOICE','true',30,'false',0,'false',0,0,NULL,NULL,'false','false',NULL,NULL,NULL,NULL,'false','false',NULL,NULL,NULL,'false',NULL,NULL,'false','BUILDINGCLASS_MUSEUM',NULL,'false','false',NULL,NULL,NULL,NULL,NULL,NULL,NULL,NULL,NULL,NULL,NULL,NULL,NULL,NULL,0,0,0,0,0,0,0,0,0,'false','false','false','false','false'),
 ('PLAYER_EVENT_ECLIPSE_CHOICE_1','TXT_KEY_PLAYER_EVENT_ECLIPSE_CHOICE_1','TXT_KEY_PLAYER_EVENT_ECLIPSE_CHOICE_1_HELP','AS2D_EVENT_CHOICE','false',30,'true',25,'false',0,0,NULL,NULL,'false','false',NULL,NULL,NULL,NULL,'false','false',NULL,NULL,NULL,'false',NULL,NULL,'false',NULL,NULL,'false','false',NULL,NULL,NULL,NULL,NULL,NULL,NULL,NULL,NULL,NULL,NULL,NULL,NULL,NULL,0,0,0,0,0,0,0,0,0,'false','false','false','false','false'),
 ('PLAYER_EVENT_ECLIPSE_CHOICE_2','TXT_KEY_PLAYER_EVENT_ECLIPSE_CHOICE_2','TXT_KEY_PLAYER_EVENT_ECLIPSE_CHOICE_2_HELP','AS2D_EVENT_CHOICE','false',30,'true',0,'false',0,0,NULL,NULL,'false','false',NULL,NULL,NULL,NULL,'false','false',NULL,NULL,'TECH_THEOLOGY','true',NULL,NULL,'false',NULL,NULL,'false','false',NULL,NULL,NULL,NULL,NULL,NULL,NULL,NULL,NULL,NULL,NULL,NULL,NULL,NULL,0,0,0,0,0,0,0,0,0,'false','false','false','false','false'),
 ('PLAYER_EVENT_ECLIPSE_CHOICE_3','TXT_KEY_PLAYER_EVENT_ECLIPSE_CHOICE_3','TXT_KEY_PLAYER_EVENT_ECLIPSE_CHOICE_3_HELP','AS2D_EVENT_CHOICE','false',30,'true',0,'false',0,0,NULL,NULL,'false','false',NULL,NULL,NULL,NULL,'false','false',NULL,'TECH_ASTRONOMY',NULL,'false',NULL,NULL,'false',NULL,NULL,'false','false',NULL,NULL,NULL,NULL,NULL,NULL,NULL,NULL,NULL,NULL,NULL,NULL,NULL,NULL,0,0,0,0,0,0,0,0,0,'false','false','false','false','false'),
 ('PLAYER_EVENT_ECLIPSE_CHOICE_4','TXT_KEY_PLAYER_EVENT_ECLIPSE_CHOICE_4','TXT_KEY_PLAYER_EVENT_ECLIPSE_CHOICE_4_HELP','AS2D_EVENT_CHOICE','false',30,'true',0,'false',0,0,NULL,NULL,'false','false',NULL,NULL,NULL,NULL,'false','false',NULL,'TECH_REPLACEABLE_PARTS',NULL,'false',NULL,NULL,'false',NULL,NULL,'false','false',NULL,NULL,NULL,NULL,NULL,NULL,NULL,NULL,NULL,NULL,NULL,NULL,NULL,NULL,0,0,0,0,0,0,0,0,0,'false','false','false','false','false'),
 ('PLAYER_EVENT_HEAT_WAVE_CHOICE_1','TXT_KEY_PLAYER_EVENT_HEAT_WAVE_CHOICE_1','TXT_KEY_PLAYER_EVENT_HEAT_WAVE_CHOICE_1_HELP','AS2D_EVENT_CHOICE','false',30,'true',0,'false',0,0,NULL,NULL,'false','false',NULL,NULL,NULL,NULL,'false','false',NULL,'TECH_ELECTRICITY',NULL,'false',NULL,NULL,'false',NULL,NULL,'false','false',NULL,NULL,NULL,NULL,NULL,NULL,NULL,NULL,NULL,NULL,NULL,NULL,NULL,NULL,0,0,0,0,0,0,0,0,0,'false','false','false','false','false'),
 ('PLAYER_EVENT_HEAT_WAVE_CHOICE_2','TXT_KEY_PLAYER_EVENT_HEAT_WAVE_CHOICE_2','TXT_KEY_PLAYER_EVENT_HEAT_WAVE_CHOICE_2_HELP','AS2D_EVENT_CHOICE','false',30,'true',0,'false',0,0,NULL,NULL,'false','false',NULL,NULL,NULL,NULL,'false','false',NULL,'TECH_ECONOMICS',NULL,'false',NULL,NULL,'false',NULL,NULL,'false','false',NULL,NULL,NULL,NULL,NULL,NULL,NULL,NULL,NULL,NULL,NULL,NULL,NULL,NULL,0,0,0,0,0,0,0,0,0,'false','false','false','false','false'),
 ('PLAYER_EVENT_HEAT_WAVE_CHOICE_3','TXT_KEY_PLAYER_EVENT_HEAT_WAVE_CHOICE_3','TXT_KEY_PLAYER_EVENT_HEAT_WAVE_CHOICE_3_HELP','AS2D_EVENT_CHOICE','false',30,'true',0,'false',0,0,NULL,NULL,'false','false',NULL,NULL,NULL,NULL,'false','false',NULL,'TECH_CHIVALRY',NULL,'false',NULL,NULL,'false',NULL,NULL,'false','false',NULL,NULL,NULL,NULL,NULL,NULL,NULL,NULL,NULL,NULL,NULL,NULL,NULL,NULL,0,0,0,0,0,0,0,0,0,'false','false','false','false','false'),
 ('PLAYER_EVENT_HEAT_WAVE_CHOICE_4','TXT_KEY_PLAYER_EVENT_HEAT_WAVE_CHOICE_4','TXT_KEY_PLAYER_EVENT_HEAT_WAVE_CHOICE_4_HELP','AS2D_EVENT_CHOICE','false',30,'false',0,'false',0,0,NULL,NULL,'false','false',NULL,NULL,NULL,NULL,'false','false',NULL,NULL,NULL,'false',NULL,NULL,'false',NULL,NULL,'false','false',NULL,NULL,NULL,NULL,NULL,NULL,NULL,NULL,NULL,NULL,NULL,NULL,NULL,NULL,0,0,0,0,0,0,0,0,0,'false','false','false','false','false'),
 ('PLAYER_EVENT_ICE_AGE_CHOICE_1','TXT_KEY_PLAYER_EVENT_ICE_AGE_CHOICE_1','TXT_KEY_PLAYER_EVENT_ICE_AGE_CHOICE_1_HELP','AS2D_EVENT_CHOICE','false',50,'false',0,'true',0,0,NULL,NULL,'false','false',NULL,NULL,NULL,NULL,'false','false',NULL,NULL,NULL,'false',NULL,NULL,'false',NULL,NULL,'false','false',NULL,NULL,NULL,NULL,NULL,NULL,NULL,NULL,NULL,NULL,NULL,NULL,NULL,NULL,0,0,0,0,0,0,0,0,0,'false','false','false','false','false'),
 ('PLAYER_EVENT_ICE_AGE_CHOICE_2','TXT_KEY_PLAYER_EVENT_ICE_AGE_CHOICE_2','TXT_KEY_PLAYER_EVENT_ICE_AGE_CHOICE_2_HELP','AS2D_EVENT_CHOICE','false',50,'false',0,'true',0,0,NULL,NULL,'false','false',NULL,NULL,NULL,NULL,'false','false',NULL,NULL,NULL,'false',NULL,NULL,'false',NULL,NULL,'false','false',NULL,NULL,NULL,NULL,NULL,NULL,NULL,NULL,NULL,NULL,NULL,NULL,NULL,NULL,0,0,0,0,0,0,0,0,0,'false','false','false','false','false'),
 ('PLAYER_EVENT_ICE_AGE_CHOICE_3','TXT_KEY_PLAYER_EVENT_ICE_AGE_CHOICE_3','TXT_KEY_PLAYER_EVENT_ICE_AGE_CHOICE_3_HELP','AS2D_EVENT_CHOICE','false',50,'false',0,'true',0,0,NULL,NULL,'false','false',NULL,NULL,NULL,NULL,'false','false',NULL,'TECH_RAILROAD',NULL,'false',NULL,NULL,'false',NULL,NULL,'false','false',NULL,NULL,NULL,NULL,NULL,NULL,NULL,NULL,NULL,NULL,NULL,NULL,NULL,NULL,0,0,0,0,0,0,0,0,0,'false','false','false','false','false'),
 ('PLAYER_EVENT_REVOLUTION_CHOICE_1','TXT_KEY_PLAYER_EVENT_REVOLUTION_CHOICE_1','TXT_KEY_PLAYER_EVENT_REVOLUTION_CHOICE_1_HELP','AS2D_EVENT_CHOICE','false',30,'false',0,'false',0,0,NULL,NULL,'true','false',NULL,NULL,NULL,NULL,'false','false',NULL,NULL,NULL,'false',NULL,NULL,'false',NULL,NULL,'false','false',NULL,NULL,NULL,NULL,NULL,NULL,NULL,NULL,NULL,NULL,NULL,NULL,NULL,NULL,0,0,0,0,5,0,0,2,0,'false','false','false','false','false'),
 ('PLAYER_EVENT_REVOLUTION_CHOICE_2','TXT_KEY_PLAYER_EVENT_REVOLUTION_CHOICE_2','TXT_KEY_PLAYER_EVENT_REVOLUTION_CHOICE_2_HELP','AS2D_EVENT_CHOICE','false',30,'false',0,'false',0,0,NULL,NULL,'true','false',NULL,NULL,'POLICY_PATRONAGE_FINISHER',NULL,'false','false',NULL,NULL,NULL,'false',NULL,NULL,'false',NULL,NULL,'false','false',NULL,NULL,NULL,NULL,NULL,NULL,NULL,NULL,NULL,NULL,NULL,NULL,NULL,NULL,0,0,0,0,3,0,0,0,0,'false','false','false','false','false'),
 ('PLAYER_EVENT_REVOLUTION_CHOICE_3','TXT_KEY_PLAYER_EVENT_REVOLUTION_CHOICE_3','TXT_KEY_PLAYER_EVENT_REVOLUTION_CHOICE_3_HELP','AS2D_EVENT_CHOICE','false',30,'false',0,'false',0,0,NULL,NULL,'false','false',NULL,NULL,'POLICY_LIBERTY_FINISHER',NULL,'false','false',NULL,NULL,NULL,'false',NULL,NULL,'false',NULL,NULL,'false','false',NULL,NULL,NULL,NULL,NULL,NULL,NULL,NULL,NULL,NULL,NULL,NULL,NULL,NULL,0,0,0,0,2,0,0,1,0,'false','false','false','false','false'),
 ('PLAYER_EVENT_REVOLUTION_CHOICE_4','TXT_KEY_PLAYER_EVENT_REVOLUTION_CHOICE_4','TXT_KEY_PLAYER_EVENT_REVOLUTION_CHOICE_4_HELP','AS2D_EVENT_CHOICE','false',30,'true',0,'false',0,0,NULL,NULL,'false','false',NULL,NULL,NULL,NULL,'false','false',NULL,NULL,NULL,'false',NULL,NULL,'false',NULL,NULL,'false','false',NULL,NULL,NULL,NULL,NULL,NULL,NULL,NULL,NULL,NULL,NULL,NULL,NULL,NULL,0,0,0,0,0,0,0,0,0,'false','false','false','false','false'),
 ('PLAYER_EVENT_WAR_FERVOR_CHOICE_1','TXT_KEY_PLAYER_EVENT_WAR_FERVOR_CHOICE_1','TXT_KEY_PLAYER_EVENT_WAR_FERVOR_CHOICE_1_HELP','AS2D_EVENT_CHOICE','false',30,'false',0,'true',0,0,NULL,NULL,'false','false',NULL,NULL,NULL,NULL,'true','false',NULL,NULL,NULL,'false',NULL,NULL,'false',NULL,NULL,'false','false',NULL,NULL,NULL,NULL,NULL,NULL,NULL,NULL,NULL,NULL,NULL,'PROMOTION_MORALE',NULL,NULL,0,0,0,0,0,5,0,0,0,'false','false','false','false','false'),
 ('PLAYER_EVENT_WAR_FERVOR_CHOICE_2','TXT_KEY_PLAYER_EVENT_WAR_FERVOR_CHOICE_2','TXT_KEY_PLAYER_EVENT_WAR_FERVOR_CHOICE_2_HELP','AS2D_EVENT_CHOICE','false',30,'false',0,'true',0,0,NULL,NULL,'false','false',NULL,NULL,NULL,NULL,'true','false',NULL,NULL,NULL,'false',NULL,NULL,'false',NULL,NULL,'false','false',NULL,NULL,NULL,NULL,NULL,NULL,NULL,NULL,NULL,NULL,NULL,NULL,NULL,NULL,0,0,0,0,0,0,0,0,0,'false','false','false','false','false'),
 ('PLAYER_EVENT_WAR_FERVOR_CHOICE_3','TXT_KEY_PLAYER_EVENT_WAR_FERVOR_CHOICE_3','TXT_KEY_PLAYER_EVENT_WAR_FERVOR_CHOICE_3_HELP','AS2D_EVENT_CHOICE','false',30,'false',0,'true',0,0,NULL,NULL,'false','false',NULL,NULL,NULL,'POLICY_BRANCH_AUTOCRACY','true','false',NULL,NULL,NULL,'false',NULL,NULL,'false',NULL,NULL,'false','false',NULL,NULL,NULL,NULL,NULL,NULL,NULL,NULL,NULL,NULL,NULL,NULL,NULL,NULL,0,0,0,10,0,0,0,0,0,'false','false','false','false','false'),
 ('PLAYER_EVENT_WAR_FERVOR_CHOICE_4','TXT_KEY_PLAYER_EVENT_WAR_FERVOR_CHOICE_4','TXT_KEY_PLAYER_EVENT_WAR_FERVOR_CHOICE_4_HELP','AS2D_EVENT_CHOICE','false',30,'false',0,'true',0,0,NULL,NULL,'false','false',NULL,NULL,NULL,'POLICY_BRANCH_ORDER','true','false',NULL,NULL,NULL,'false',NULL,NULL,'false',NULL,NULL,'false','false',NULL,NULL,NULL,NULL,NULL,NULL,NULL,NULL,NULL,NULL,NULL,NULL,NULL,NULL,0,0,0,0,0,0,0,0,0,'false','false','false','false','false'),
 ('PLAYER_EVENT_WAR_FERVOR_CHOICE_5','TXT_KEY_PLAYER_EVENT_WAR_FERVOR_CHOICE_5','TXT_KEY_PLAYER_EVENT_WAR_FERVOR_CHOICE_5_HELP','AS2D_EVENT_CHOICE','false',30,'false',0,'true',0,0,NULL,NULL,'false','false',NULL,NULL,NULL,'POLICY_BRANCH_FREEDOM','true','false',NULL,NULL,NULL,'false',NULL,NULL,'false',NULL,NULL,'false','false',NULL,NULL,NULL,NULL,NULL,NULL,NULL,NULL,NULL,NULL,NULL,NULL,NULL,NULL,0,0,0,0,0,0,0,0,0,'false','false','false','false','false'),
 ('PLAYER_EVENT_WAR_WEARINESS_CHOICE_1','TXT_KEY_PLAYER_EVENT_WAR_WEARINESS_CHOICE_1','TXT_KEY_PLAYER_EVENT_WAR_WEARINESS_CHOICE_1_HELP','AS2D_EVENT_CHOICE','false',20,'false',75,'true',0,0,NULL,NULL,'true','false',NULL,NULL,NULL,NULL,'true','false',NULL,NULL,NULL,'false',NULL,NULL,'false',NULL,NULL,'false','false',NULL,NULL,NULL,NULL,NULL,NULL,NULL,NULL,NULL,NULL,NULL,NULL,NULL,NULL,0,0,0,0,0,0,-1,0,0,'false','false','false','false','false'),
 ('PLAYER_EVENT_WAR_WEARINESS_CHOICE_2','TXT_KEY_PLAYER_EVENT_WAR_WEARINESS_CHOICE_2','TXT_KEY_PLAYER_EVENT_WAR_WEARINESS_CHOICE_2_HELP','AS2D_EVENT_CHOICE','false',20,'true',0,'true',0,0,NULL,NULL,'true','false',NULL,NULL,NULL,NULL,'true','false',NULL,NULL,NULL,'false',NULL,NULL,'false',NULL,NULL,'true','false',NULL,NULL,NULL,NULL,NULL,NULL,NULL,NULL,NULL,NULL,NULL,NULL,NULL,NULL,0,0,0,0,0,0,0,0,0,'false','false','false','false','false'),
 ('PLAYER_EVENT_WAR_WEARINESS_CHOICE_3','TXT_KEY_PLAYER_EVENT_WAR_WEARINESS_CHOICE_3','TXT_KEY_PLAYER_EVENT_WAR_WEARINESS_CHOICE_3_HELP','AS2D_EVENT_CHOICE','false',20,'false',25,'true',0,0,NULL,NULL,'false','false',NULL,NULL,NULL,NULL,'true','false',NULL,NULL,NULL,'false',NULL,NULL,'false','BUILDINGCLASS_BROADCAST_TOWER',NULL,'false','false',NULL,NULL,NULL,NULL,NULL,NULL,NULL,NULL,NULL,NULL,NULL,NULL,NULL,NULL,0,0,0,0,0,0,-2,0,0,'false','false','false','false','false'),
 ('PLAYER_EVENT_WAR_WEARINESS_CHOICE_4','TXT_KEY_PLAYER_EVENT_WAR_WEARINESS_CHOICE_4','TXT_KEY_PLAYER_EVENT_WAR_WEARINESS_CHOICE_4_HELP','AS2D_EVENT_CHOICE','false',20,'false',50,'true',0,0,NULL,NULL,'false','false',NULL,NULL,NULL,NULL,'false','false',NULL,NULL,NULL,'false',NULL,NULL,'false',NULL,NULL,'false','true',NULL,NULL,NULL,NULL,NULL,NULL,NULL,NULL,NULL,NULL,NULL,NULL,NULL,NULL,0,0,0,0,2,0,0,0,1,'false','false','false','false','false'),
 ('PLAYER_EVENT_CASTLE_DOCTRINE_CHOICE_1','TXT_KEY_PLAYER_EVENT_CASTLE_DOCTRINE_CHOICE_1','TXT_KEY_PLAYER_EVENT_CASTLE_DOCTRINE_CHOICE_1_HELP','AS2D_EVENT_CHOICE','true',30,'false',0,'false',0,0,NULL,NULL,'false','false',NULL,NULL,NULL,NULL,'false','false',NULL,NULL,NULL,'false',NULL,NULL,'false',NULL,NULL,'false','false',NULL,NULL,NULL,NULL,NULL,NULL,NULL,NULL,NULL,NULL,NULL,NULL,NULL,NULL,0,0,0,0,0,0,0,0,0,'false','false','false','false','false'),
 ('PLAYER_EVENT_CASTLE_DOCTRINE_CHOICE_2','TXT_KEY_PLAYER_EVENT_CASTLE_DOCTRINE_CHOICE_2','TXT_KEY_PLAYER_EVENT_CASTLE_DOCTRINE_CHOICE_2_HELP','AS2D_EVENT_CHOICE','true',30,'false',0,'false',0,0,NULL,NULL,'false','false',NULL,NULL,NULL,NULL,'false','false',NULL,NULL,NULL,'false',NULL,NULL,'false',NULL,NULL,'false','false',NULL,NULL,NULL,NULL,NULL,NULL,NULL,NULL,NULL,NULL,NULL,NULL,NULL,NULL,0,0,0,0,0,0,0,0,0,'false','false','false','false','false'),
 ('PLAYER_EVENT_CASTLE_DOCTRINE_CHOICE_3','TXT_KEY_PLAYER_EVENT_CASTLE_DOCTRINE_CHOICE_3','TXT_KEY_PLAYER_EVENT_CASTLE_DOCTRINE_CHOICE_3_HELP','AS2D_EVENT_CHOICE','true',30,'false',0,'false',0,0,NULL,NULL,'false','false',NULL,NULL,NULL,NULL,'false','false',NULL,NULL,NULL,'false',NULL,NULL,'false',NULL,NULL,'false','false',NULL,NULL,NULL,NULL,NULL,NULL,NULL,NULL,NULL,NULL,NULL,NULL,NULL,NULL,0,0,0,0,0,0,0,0,0,'false','false','false','false','false'),
 ('PLAYER_EVENT_CASTLE_DOCTRINE_CHOICE_4','TXT_KEY_PLAYER_EVENT_CASTLE_DOCTRINE_CHOICE_4','TXT_KEY_PLAYER_EVENT_CASTLE_DOCTRINE_CHOICE_4_HELP','AS2D_EVENT_CHOICE','true',30,'false',0,'false',0,0,NULL,NULL,'false','false',NULL,NULL,NULL,NULL,'false','false',NULL,NULL,NULL,'false',NULL,NULL,'false',NULL,NULL,'true','false',NULL,NULL,NULL,NULL,NULL,NULL,NULL,NULL,NULL,NULL,NULL,NULL,NULL,NULL,0,0,0,0,0,0,0,0,0,'false','false','false','false','false'),
 ('PLAYER_EVENT_UNIVERSITY_POLICY_CHOICE_1','TXT_KEY_PLAYER_EVENT_UNIVERSITY_POLICY_CHOICE_1','TXT_KEY_PLAYER_EVENT_UNIVERSITY_POLICY_CHOICE_1_HELP','AS2D_EVENT_CHOICE','true',30,'false',0,'false',0,0,NULL,NULL,'false','false',NULL,NULL,NULL,NULL,'false','false',NULL,NULL,NULL,'false',NULL,NULL,'false',NULL,NULL,'false','false',NULL,NULL,NULL,NULL,NULL,NULL,NULL,NULL,NULL,NULL,NULL,NULL,NULL,NULL,0,0,0,0,0,0,0,0,0,'false','false','false','false','false'),
 ('PLAYER_EVENT_UNIVERSITY_POLICY_CHOICE_2','TXT_KEY_PLAYER_EVENT_UNIVERSITY_POLICY_CHOICE_2','TXT_KEY_PLAYER_EVENT_UNIVERSITY_POLICY_CHOICE_2_HELP','AS2D_EVENT_CHOICE','true',30,'false',0,'false',0,0,NULL,NULL,'false','false',NULL,NULL,NULL,NULL,'false','false',NULL,NULL,NULL,'false',NULL,NULL,'false',NULL,NULL,'false','false',NULL,NULL,NULL,NULL,NULL,NULL,NULL,NULL,NULL,NULL,NULL,NULL,NULL,NULL,0,0,0,0,0,0,0,0,0,'false','false','false','false','false'),
 ('PLAYER_EVENT_UNIVERSITY_POLICY_CHOICE_3','TXT_KEY_PLAYER_EVENT_UNIVERSITY_POLICY_CHOICE_3','TXT_KEY_PLAYER_EVENT_UNIVERSITY_POLICY_CHOICE_3_HELP','AS2D_EVENT_CHOICE','true',30,'false',0,'false',0,0,NULL,NULL,'false','false',NULL,NULL,NULL,NULL,'false','false',NULL,NULL,NULL,'false',NULL,NULL,'false',NULL,NULL,'true','false',NULL,NULL,NULL,NULL,NULL,NULL,NULL,NULL,NULL,NULL,NULL,NULL,NULL,NULL,0,0,0,0,0,0,0,0,0,'false','false','false','false','false'),
 ('PLAYER_EVENT_UNIVERSITY_POLICY_CHOICE_4','TXT_KEY_PLAYER_EVENT_UNIVERSITY_POLICY_CHOICE_4','TXT_KEY_PLAYER_EVENT_UNIVERSITY_POLICY_CHOICE_4_HELP','AS2D_EVENT_CHOICE','true',30,'false',0,'false',0,0,NULL,NULL,'false','false',NULL,NULL,'POLICY_HONOR_FINISHER',NULL,'false','false',NULL,NULL,NULL,'false',NULL,NULL,'false',NULL,NULL,'false','false',NULL,NULL,NULL,NULL,NULL,NULL,NULL,NULL,NULL,NULL,NULL,NULL,NULL,NULL,0,0,0,0,0,0,0,0,0,'false','false','false','false','false'),
 ('PLAYER_EVENT_BANK_DECISION_CHOICE_1','TXT_KEY_PLAYER_EVENT_BANK_DECISION_CHOICE_1','TXT_KEY_PLAYER_EVENT_BANK_DECISION_CHOICE_1_HELP','AS2D_EVENT_CHOICE','true',30,'false',0,'false',0,0,NULL,NULL,'false','false',NULL,'IMPROVEMENT_CUSTOMS_HOUSE',NULL,NULL,'false','false',NULL,NULL,NULL,'false',NULL,NULL,'false',NULL,NULL,'false','false',NULL,NULL,NULL,NULL,NULL,NULL,NULL,NULL,NULL,NULL,NULL,NULL,NULL,NULL,1,0,0,0,0,0,0,0,0,'false','false','false','false','false'),
 ('PLAYER_EVENT_BANK_DECISION_CHOICE_2','TXT_KEY_PLAYER_EVENT_BANK_DECISION_CHOICE_2','TXT_KEY_PLAYER_EVENT_BANK_DECISION_CHOICE_2_HELP','AS2D_EVENT_CHOICE','true',30,'false',0,'false',0,0,NULL,NULL,'false','false',NULL,NULL,NULL,NULL,'false','false',NULL,NULL,NULL,'false',NULL,NULL,'false',NULL,NULL,'false','false',NULL,NULL,NULL,NULL,NULL,NULL,NULL,NULL,NULL,NULL,NULL,NULL,NULL,NULL,0,0,0,0,0,0,0,0,0,'false','false','false','false','false'),
 ('PLAYER_EVENT_BANK_DECISION_CHOICE_3','TXT_KEY_PLAYER_EVENT_BANK_DECISION_CHOICE_3','TXT_KEY_PLAYER_EVENT_BANK_DECISION_CHOICE_3_HELP','AS2D_EVENT_CHOICE','true',30,'false',0,'false',0,0,NULL,NULL,'false','false',NULL,NULL,NULL,NULL,'false','false',NULL,NULL,NULL,'false',NULL,NULL,'false',NULL,NULL,'false','false',NULL,NULL,NULL,NULL,NULL,NULL,NULL,NULL,NULL,NULL,NULL,NULL,NULL,NULL,0,0,0,0,0,0,0,0,0,'false','false','false','false','false'),
 ('PLAYER_EVENT_WINDMILLS_MODERNIZE_CHOICE_1','TXT_KEY_PLAYER_EVENT_WINDMILLS_MODERNIZE_CHOICE_1','TXT_KEY_PLAYER_EVENT_WINDMILLS_MODERNIZE_CHOICE_1_HELP','AS2D_EVENT_CHOICE','true',30,'false',0,'false',0,0,NULL,NULL,'false','false',NULL,NULL,'POLICY_COMMERCE_FINISHER',NULL,'false','false',NULL,NULL,NULL,'false',NULL,NULL,'false',NULL,NULL,'false','false',NULL,NULL,NULL,NULL,NULL,NULL,NULL,NULL,NULL,NULL,NULL,NULL,NULL,NULL,0,0,0,0,0,0,0,0,0,'false','false','false','false','false'),
 ('PLAYER_EVENT_WINDMILLS_MODERNIZE_CHOICE_2','TXT_KEY_PLAYER_EVENT_WINDMILLS_MODERNIZE_CHOICE_2','TXT_KEY_PLAYER_EVENT_WINDMILLS_MODERNIZE_CHOICE_2_HELP','AS2D_EVENT_CHOICE','true',30,'false',0,'false',0,0,NULL,NULL,'false','false',NULL,'IMPROVEMENT_MANUFACTORY',NULL,NULL,'false','false',NULL,NULL,NULL,'false',NULL,NULL,'false',NULL,NULL,'false','false',NULL,NULL,NULL,NULL,NULL,NULL,NULL,NULL,NULL,NULL,NULL,NULL,NULL,NULL,0,0,0,0,0,0,0,0,0,'false','false','false','false','false'),
 ('PLAYER_EVENT_WINDMILLS_MODERNIZE_CHOICE_3','TXT_KEY_PLAYER_EVENT_WINDMILLS_MODERNIZE_CHOICE_3','TXT_KEY_PLAYER_EVENT_WINDMILLS_MODERNIZE_CHOICE_3_HELP','AS2D_EVENT_CHOICE','true',30,'false',0,'false',0,0,NULL,NULL,'false','false',NULL,NULL,NULL,NULL,'false','false',NULL,NULL,NULL,'false',NULL,NULL,'false',NULL,NULL,'false','false',NULL,NULL,NULL,NULL,NULL,NULL,NULL,NULL,NULL,NULL,NULL,NULL,NULL,NULL,0,0,0,0,0,0,0,0,0,'false','false','false','false','false'),
 ('PLAYER_EVENT_NO_CHOICE','TXT_KEY_PLAYER_EVENT_NO_CHOICE','TXT_KEY_PLAYER_EVENT_NO_CHOICE_HELP','AS2D_EVENT_CHOICE','false',30,'false',0,'false',0,0,NULL,NULL,'false','false',NULL,NULL,NULL,NULL,'false','false',NULL,NULL,NULL,'false',NULL,NULL,'false',NULL,NULL,'false','false',NULL,NULL,NULL,NULL,NULL,NULL,NULL,NULL,NULL,NULL,NULL,NULL,NULL,NULL,0,0,0,0,0,0,0,0,0,'false','false','false','false','false'),
 ('PLAYER_EVENT_STADIUM_WORLD_EVENT_CHOICE_1','TXT_KEY_PLAYER_EVENT_STADIUM_WORLD_EVENT_CHOICE_1','TXT_KEY_PLAYER_EVENT_STADIUM_WORLD_EVENT_CHOICE_1_HELP','AS2D_EVENT_CHOICE','false',30,'false',0,'false',0,0,NULL,NULL,'false','false',NULL,NULL,NULL,NULL,'false','false',NULL,NULL,NULL,'false',NULL,NULL,'false',NULL,NULL,'false','false',NULL,NULL,NULL,NULL,NULL,NULL,NULL,NULL,NULL,NULL,NULL,NULL,NULL,NULL,0,0,0,0,0,0,0,0,0,'false','false','false','false','false'),
 ('PLAYER_EVENT_CORRUPTION_SCIENCE_FAILURE_CHOICE_1','TXT_KEY_PLAYER_EVENT_CORRUPTION_SCIENCE_FAILURE_CHOICE_1','TXT_KEY_PLAYER_EVENT_CORRUPTION_SCIENCE_FAILURE_CHOICE_1_HELP','AS2D_EVENT_CHOICE','false',30,'true',0,'false',0,0,NULL,NULL,'false','false',NULL,NULL,NULL,NULL,'false','false',NULL,NULL,NULL,'false',NULL,NULL,'false',NULL,NULL,'false','false',NULL,NULL,NULL,NULL,NULL,NULL,NULL,NULL,NULL,NULL,NULL,NULL,NULL,NULL,0,0,0,0,0,0,0,0,0,'false','false','false','false','false'),
 ('PLAYER_EVENT_BABY_BOOM_CHOICE_1','TXT_KEY_PLAYER_EVENT_BABY_BOOM_CHOICE_1','TXT_KEY_PLAYER_EVENT_BABY_BOOM_CHOICE_1_HELP','AS2D_EVENT_CHOICE','false',30,'false',0,'false',0,0,NULL,NULL,'false','false',NULL,NULL,NULL,NULL,'false','false',NULL,NULL,NULL,'false',NULL,NULL,'false',NULL,NULL,'false','false',NULL,NULL,NULL,NULL,NULL,NULL,NULL,NULL,NULL,NULL,NULL,NULL,NULL,NULL,0,0,0,5,0,0,0,0,0,'false','false','false','false','false'),
 ('PLAYER_EVENT_PLAGUE_CHOICE_1','TXT_KEY_PLAYER_EVENT_PLAGUE_CHOICE_1','TXT_KEY_PLAYER_EVENT_PLAGUE_CHOICE_1_HELP','AS2D_EVENT_CHOICE','false',30,'false',0,'false',0,0,NULL,NULL,'false','false',NULL,NULL,NULL,NULL,'false','false',NULL,NULL,NULL,'false',NULL,NULL,'false',NULL,NULL,'false','false',NULL,NULL,NULL,NULL,NULL,NULL,NULL,NULL,NULL,NULL,NULL,NULL,NULL,NULL,0,0,0,0,0,0,0,0,0,'false','false','false','false','false');

INSERT INTO EventChoice_ResourceQuantity (EventChoiceType,ResourceType,Quantity) VALUES ('PLAYER_EVENT_WINDMILLS_MODERNIZE_CHOICE_2','RESOURCE_IRON',-4);

INSERT INTO EventChoice_Notification (EventChoiceType,NotificationType,Description,ShortDescription,IsWorldEvent,NeedPlayerID,Variable1,Variable2) VALUES ('PLAYER_EVENT_ECLIPSE_CHOICE_1','NOTIFICATION_GENERIC','TXT_KEY_PLAYER_EVENT_ECLIPSE_CHOICE_1_SUCCESSFUL','TXT_KEY_PLAYER_EVENT_ECLIPSE_CHOICE_1_SUCCESSFUL_S','false','false',-1,-1),
 ('PLAYER_EVENT_WAR_WEARINESS_CHOICE_1','NOTIFICATION_GENERIC','TXT_KEY_PLAYER_EVENT_WAR_WEARINESS_CHOICE_1_SUCCESSFUL','TXT_KEY_PLAYER_EVENT_WAR_WEARINESS_CHOICE_1_SUCCESSFUL_S','false','false',-1,-1),
 ('PLAYER_EVENT_WAR_WEARINESS_CHOICE_3','NOTIFICATION_GENERIC','TXT_KEY_PLAYER_EVENT_WAR_WEARINESS_CHOICE_3_SUCCESSFUL','TXT_KEY_PLAYER_EVENT_WAR_WEARINESS_CHOICE_3_SUCCESSFUL_S','false','false',-1,-1),
 ('PLAYER_EVENT_WAR_WEARINESS_CHOICE_4','NOTIFICATION_GENERIC','TXT_KEY_PLAYER_EVENT_WAR_WEARINESS_CHOICE_4_SUCCESSFUL','TXT_KEY_PLAYER_EVENT_WAR_WEARINESS_CHOICE_4_SUCCESSFUL_S','false','false',-1,-1),
 ('PLAYER_EVENT_STADIUM_WORLD_EVENT_CHOICE_1','NOTIFICATION_GENERIC','TXT_KEY_PLAYER_EVENT_STADIUM_WORLD_EVENT_CHOICE_1_SUCCESSFUL','TXT_KEY_PLAYER_EVENT_STADIUM_WORLD_EVENT_CHOICE_1_SUCCESSFUL_S','true','false',-1,-1),
 ('PLAYER_EVENT_METEOR_CHOICE_1','NOTIFICATION_GENERIC','TXT_KEY_PLAYER_EVENT_METEOR_CHOICE_1_SUCCESSFUL','TXT_KEY_PLAYER_EVENT_METEOR_CHOICE_1_SUCCESSFUL_S','false','false',-1,-1),
 ('PLAYER_EVENT_COMET_CHOICE_3','NOTIFICATION_GENERIC','TXT_KEY_PLAYER_EVENT_COMET_CHOICE_3_SUCCESSFUL','TXT_KEY_PLAYER_EVENT_COMET_CHOICE_3_SUCCESSFUL_S','false','false',-1,-1);

INSERT INTO EventChoice_MinimumStartYield (EventChoiceType,YieldType,Yield) VALUES ('PLAYER_EVENT_WINDMILLS_MODERNIZE_CHOICE_1','YIELD_GOLD',2000),
 ('PLAYER_EVENT_WINDMILLS_MODERNIZE_CHOICE_2','YIELD_GOLD',1000),
 ('PLAYER_EVENT_WINDMILLS_MODERNIZE_CHOICE_3','YIELD_GOLD',500);

INSERT INTO EventChoice_MinimumResourceRequired (EventChoiceType,ResourceType,Quantity) VALUES ('PLAYER_EVENT_WINDMILLS_MODERNIZE_CHOICE_2','RESOURCE_IRON',4);

INSERT INTO EventChoice_InstantYield (EventChoiceType,YieldType,Yield) VALUES ('PLAYER_EVENT_METEOR_CHOICE_2','YIELD_FAITH',250),
 ('PLAYER_EVENT_ECLIPSE_CHOICE_1','YIELD_GOLDEN_AGE_POINTS',-200),
 ('PLAYER_EVENT_BABY_BOOM_CHOICE_1','YIELD_POPULATION',1),
 ('PLAYER_EVENT_COMET_CHOICE_1','YIELD_GOLDEN_AGE_POINTS',100),
 ('PLAYER_EVENT_ECLIPSE_CHOICE_2','YIELD_FAITH',50),
 ('PLAYER_EVENT_COMET_CHOICE_3','YIELD_FAITH',200);

INSERT INTO EventChoice_EventCostYield (EventChoiceType,YieldType,Yield) VALUES ('PLAYER_EVENT_ECLIPSE_CHOICE_1','YIELD_GOLDEN_AGE_POINTS',-100),
 ('PLAYER_EVENT_HEAT_WAVE_CHOICE_1','YIELD_GOLD',500),
 ('PLAYER_EVENT_HEAT_WAVE_CHOICE_2','YIELD_GOLD',250),
 ('PLAYER_EVENT_HEAT_WAVE_CHOICE_3','YIELD_GOLD',100),
 ('PLAYER_EVENT_REVOLUTION_CHOICE_4','YIELD_GOLD',1000),
 ('PLAYER_EVENT_WAR_WEARINESS_CHOICE_2','YIELD_GOLDEN_AGE_POINTS',250),
 ('PLAYER_EVENT_WAR_WEARINESS_CHOICE_4','YIELD_GOLD',1000),
 ('PLAYER_EVENT_WINDMILLS_MODERNIZE_CHOICE_1','YIELD_GOLD',2000),
 ('PLAYER_EVENT_WINDMILLS_MODERNIZE_CHOICE_2','YIELD_GOLD',1000),
 ('PLAYER_EVENT_WINDMILLS_MODERNIZE_CHOICE_3','YIELD_GOLD',500),
 ('PLAYER_EVENT_CORRUPTION_SCIENCE_FAILURE_CHOICE_1','YIELD_SCIENCE',75),
 ('PLAYER_EVENT_ECLIPSE_CHOICE_2','YIELD_FOOD',25);

INSERT INTO EventChoice_CityYield (EventChoiceType,YieldType,Yield) VALUES ('PLAYER_EVENT_ICE_AGE_CHOICE_1','YIELD_GOLD',-2),
 ('PLAYER_EVENT_ICE_AGE_CHOICE_2','YIELD_PRODUCTION',-2),
 ('PLAYER_EVENT_WAR_FERVOR_CHOICE_2','YIELD_PRODUCTION',3);

INSERT INTO EventChoice_BuildingClassYieldModifier (EventChoiceType,BuildingClassType,YieldType,Modifier) VALUES ('PLAYER_EVENT_WAR_FERVOR_CHOICE_4','BUILDINGCLASS_FACTORY','YIELD_PRODUCTION',10),
 ('PLAYER_EVENT_WAR_FERVOR_CHOICE_5','BUILDINGCLASS_BANK','YIELD_GOLD',20),
 ('PLAYER_EVENT_BANK_DECISION_CHOICE_2','BUILDINGCLASS_BANK','YIELD_GOLD',5),
 ('PLAYER_EVENT_WINDMILLS_MODERNIZE_CHOICE_1','BUILDINGCLASS_WINDMILL','YIELD_PRODUCTION',10),
 ('PLAYER_EVENT_WINDMILLS_MODERNIZE_CHOICE_2','BUILDINGCLASS_WINDMILL','YIELD_PRODUCTION',15);

INSERT INTO EventChoice_BuildingClassYieldChange (EventChoiceType,BuildingClassType,YieldType,YieldChange) VALUES ('PLAYER_EVENT_METEOR_CHOICE_3','BUILDINGCLASS_PALACE','YIELD_CULTURE',2),
 ('PLAYER_EVENT_METEOR_CHOICE_4','BUILDINGCLASS_UNIVERSITY','YIELD_SCIENCE',1),
 ('PLAYER_EVENT_METEOR_CHOICE_5','BUILDINGCLASS_MUSEUM','YIELD_CULTURE',1),
 ('PLAYER_EVENT_WAR_FERVOR_CHOICE_3','BUILDINGCLASS_MILITARY_ACADEMY','YIELD_SCIENCE',5),
 ('PLAYER_EVENT_CASTLE_DOCTRINE_CHOICE_1','BUILDINGCLASS_CASTLE','YIELD_CULTURE',1),
 ('PLAYER_EVENT_CASTLE_DOCTRINE_CHOICE_2','BUILDINGCLASS_CASTLE','YIELD_PRODUCTION',2),
 ('PLAYER_EVENT_CASTLE_DOCTRINE_CHOICE_3','BUILDINGCLASS_CASTLE','YIELD_FOOD',2),
 ('PLAYER_EVENT_CASTLE_DOCTRINE_CHOICE_4','BUILDINGCLASS_CASTLE','YIELD_FAITH',1),
 ('PLAYER_EVENT_UNIVERSITY_POLICY_CHOICE_1','BUILDINGCLASS_UNIVERSITY','YIELD_SCIENCE',2),
 ('PLAYER_EVENT_UNIVERSITY_POLICY_CHOICE_2','BUILDINGCLASS_UNIVERSITY','YIELD_CULTURE',1),
 ('PLAYER_EVENT_UNIVERSITY_POLICY_CHOICE_3','BUILDINGCLASS_UNIVERSITY','YIELD_FAITH',1),
 ('PLAYER_EVENT_UNIVERSITY_POLICY_CHOICE_4','BUILDINGCLASS_UNIVERSITY','YIELD_PRODUCTION',2),
 ('PLAYER_EVENT_BANK_DECISION_CHOICE_3','BUILDINGCLASS_BANK','YIELD_GOLD',3),
 ('PLAYER_EVENT_WINDMILLS_MODERNIZE_CHOICE_3','BUILDINGCLASS_WINDMILL','YIELD_PRODUCTION',3);

INSERT INTO EventChoiceFlavors (EventChoiceType,FlavorType,Flavor) VALUES ('PLAYER_EVENT_COMET_CHOICE_1','FLAVOR_HAPPINESS',20),
 ('PLAYER_EVENT_COMET_CHOICE_2','FLAVOR_HAPPINESS',20),
 ('PLAYER_EVENT_COMET_CHOICE_3','FLAVOR_RELIGION',20),
 ('PLAYER_EVENT_COMET_CHOICE_4','FLAVOR_SCIENCE',20),
 ('PLAYER_EVENT_METEOR_CHOICE_1','FLAVOR_OFFENSE',20),
 ('PLAYER_EVENT_METEOR_CHOICE_2','FLAVOR_RELIGION',20),
 ('PLAYER_EVENT_METEOR_CHOICE_3','FLAVOR_CULTURE',20),
 ('PLAYER_EVENT_METEOR_CHOICE_4','FLAVOR_SCIENCE',20),
 ('PLAYER_EVENT_METEOR_CHOICE_5','FLAVOR_CULTURE',25),
 ('PLAYER_EVENT_ECLIPSE_CHOICE_1','FLAVOR_HAPPINESS',20),
 ('PLAYER_EVENT_ECLIPSE_CHOICE_2','FLAVOR_RELIGION',20),
 ('PLAYER_EVENT_ECLIPSE_CHOICE_3','FLAVOR_SCIENCE',20),
 ('PLAYER_EVENT_ECLIPSE_CHOICE_4','FLAVOR_CULTURE',20),
 ('PLAYER_EVENT_HEAT_WAVE_CHOICE_1','FLAVOR_GROWTH',40),
 ('PLAYER_EVENT_HEAT_WAVE_CHOICE_2','FLAVOR_GROWTH',30),
 ('PLAYER_EVENT_HEAT_WAVE_CHOICE_3','FLAVOR_GROWTH',20),
 ('PLAYER_EVENT_HEAT_WAVE_CHOICE_4','FLAVOR_GROWTH',10),
 ('PLAYER_EVENT_ICE_AGE_CHOICE_1','FLAVOR_PRODUCTION',20),
 ('PLAYER_EVENT_ICE_AGE_CHOICE_2','FLAVOR_GOLD',20),
 ('PLAYER_EVENT_ICE_AGE_CHOICE_3','FLAVOR_GOLD',100),
 ('PLAYER_EVENT_REVOLUTION_CHOICE_1','FLAVOR_OFFENSE',20),
 ('PLAYER_EVENT_REVOLUTION_CHOICE_2','FLAVOR_DIPLOMACY',40),
 ('PLAYER_EVENT_REVOLUTION_CHOICE_3','FLAVOR_CULTURE',40),
 ('PLAYER_EVENT_REVOLUTION_CHOICE_4','FLAVOR_GOLD',40),
 ('PLAYER_EVENT_WAR_FERVOR_CHOICE_1','FLAVOR_OFFENSE',20),
 ('PLAYER_EVENT_WAR_FERVOR_CHOICE_2','FLAVOR_PRODUCTION',20),
 ('PLAYER_EVENT_WAR_FERVOR_CHOICE_3','FLAVOR_OFFENSE',50),
 ('PLAYER_EVENT_WAR_FERVOR_CHOICE_4','FLAVOR_PRODUCTION',50),
 ('PLAYER_EVENT_WAR_FERVOR_CHOICE_5','FLAVOR_GOLD',50),
 ('PLAYER_EVENT_WAR_WEARINESS_CHOICE_1','FLAVOR_HAPPINESS',20),
 ('PLAYER_EVENT_WAR_WEARINESS_CHOICE_2','FLAVOR_RELIGION',20),
 ('PLAYER_EVENT_WAR_WEARINESS_CHOICE_3','FLAVOR_HAPPINESS',30),
 ('PLAYER_EVENT_WAR_WEARINESS_CHOICE_4','FLAVOR_OFFENSE',20),
 ('PLAYER_EVENT_CASTLE_DOCTRINE_CHOICE_1','FLAVOR_CULTURE',20),
 ('PLAYER_EVENT_CASTLE_DOCTRINE_CHOICE_2','FLAVOR_PRODUCTION',20),
 ('PLAYER_EVENT_CASTLE_DOCTRINE_CHOICE_3','FLAVOR_GROWTH',20),
 ('PLAYER_EVENT_CASTLE_DOCTRINE_CHOICE_4','FLAVOR_RELIGION',20),
 ('PLAYER_EVENT_UNIVERSITY_POLICY_CHOICE_1','FLAVOR_SCIENCE',20),
 ('PLAYER_EVENT_UNIVERSITY_POLICY_CHOICE_2','FLAVOR_CULTURE',20),
 ('PLAYER_EVENT_UNIVERSITY_POLICY_CHOICE_3','FLAVOR_RELIGION',20),
 ('PLAYER_EVENT_UNIVERSITY_POLICY_CHOICE_4','FLAVOR_PRODUCTION',20),
 ('PLAYER_EVENT_BANK_DECISION_CHOICE_1','FLAVOR_CULTURE',50),
 ('PLAYER_EVENT_BANK_DECISION_CHOICE_2','FLAVOR_GROWTH',20),
 ('PLAYER_EVENT_BANK_DECISION_CHOICE_3','FLAVOR_GOLD',20),
 ('PLAYER_EVENT_NO_CHOICE','FLAVOR_GOLD',15),
 ('PLAYER_EVENT_WINDMILLS_MODERNIZE_CHOICE_1','FLAVOR_PRODUCTION',20),
 ('PLAYER_EVENT_WINDMILLS_MODERNIZE_CHOICE_2','FLAVOR_PRODUCTION',40),
 ('PLAYER_EVENT_WINDMILLS_MODERNIZE_CHOICE_3','FLAVOR_PRODUCTION',15);