-- Random events
INSERT INTO Event_MinimumStartYield
	(EventType, YieldType, Yield)
VALUES
	('PLAYER_EVENT_WINDMILLS_MODERNIZE', 'YIELD_GOLD', 500),
	('PLAYER_EVENT_CORRUPTION_SCIENCE_FAILURE', 'YIELD_SCIENCE', 75);

INSERT INTO Event_MinimumResourceRequired
	(EventType, ResourceType, Quantity)
VALUES
	('PLAYER_EVENT_WINDMILLS_MODERNIZE', 'RESOURCE_IRON', 4);

INSERT INTO Event_ParentEvents
	(EventChoiceType, EventType)
VALUES
	('PLAYER_EVENT_COMET_CHOICE_1', 'PLAYER_EVENT_COMET'),
	('PLAYER_EVENT_COMET_CHOICE_2', 'PLAYER_EVENT_COMET'),
	('PLAYER_EVENT_COMET_CHOICE_3', 'PLAYER_EVENT_COMET'),
	('PLAYER_EVENT_COMET_CHOICE_4', 'PLAYER_EVENT_COMET'),
	('PLAYER_EVENT_METEOR_CHOICE_1', 'PLAYER_EVENT_METEOR'),
	('PLAYER_EVENT_METEOR_CHOICE_2', 'PLAYER_EVENT_METEOR'),
	('PLAYER_EVENT_METEOR_CHOICE_3', 'PLAYER_EVENT_METEOR'),
	('PLAYER_EVENT_METEOR_CHOICE_4', 'PLAYER_EVENT_METEOR'),
	('PLAYER_EVENT_METEOR_CHOICE_5', 'PLAYER_EVENT_METEOR'),
	('PLAYER_EVENT_ECLIPSE_CHOICE_1', 'PLAYER_EVENT_ECLIPSE'),
	('PLAYER_EVENT_ECLIPSE_CHOICE_2', 'PLAYER_EVENT_ECLIPSE'),
	('PLAYER_EVENT_ECLIPSE_CHOICE_3', 'PLAYER_EVENT_ECLIPSE'),
	('PLAYER_EVENT_ECLIPSE_CHOICE_4', 'PLAYER_EVENT_ECLIPSE'),
	('PLAYER_EVENT_HEAT_WAVE_CHOICE_1', 'PLAYER_EVENT_HEAT_WAVE'),
	('PLAYER_EVENT_HEAT_WAVE_CHOICE_2', 'PLAYER_EVENT_HEAT_WAVE'),
	('PLAYER_EVENT_HEAT_WAVE_CHOICE_3', 'PLAYER_EVENT_HEAT_WAVE'),
	('PLAYER_EVENT_HEAT_WAVE_CHOICE_4', 'PLAYER_EVENT_HEAT_WAVE'),
	('PLAYER_EVENT_ICE_AGE_CHOICE_1', 'PLAYER_EVENT_ICE_AGE'),
	('PLAYER_EVENT_ICE_AGE_CHOICE_2', 'PLAYER_EVENT_ICE_AGE'),
	('PLAYER_EVENT_ICE_AGE_CHOICE_3', 'PLAYER_EVENT_ICE_AGE'),
	('PLAYER_EVENT_ICE_AGE_CHOICE_4', 'PLAYER_EVENT_ICE_AGE'),
	('PLAYER_EVENT_REVOLUTION_CHOICE_1', 'PLAYER_EVENT_REVOLUTION'),
	('PLAYER_EVENT_REVOLUTION_CHOICE_2', 'PLAYER_EVENT_REVOLUTION'),
	('PLAYER_EVENT_REVOLUTION_CHOICE_3', 'PLAYER_EVENT_REVOLUTION'),
	('PLAYER_EVENT_REVOLUTION_CHOICE_4', 'PLAYER_EVENT_REVOLUTION'),
	('PLAYER_EVENT_WAR_FERVOR_CHOICE_1', 'PLAYER_EVENT_WAR_FERVOR'),
	('PLAYER_EVENT_WAR_FERVOR_CHOICE_2', 'PLAYER_EVENT_WAR_FERVOR'),
	('PLAYER_EVENT_WAR_FERVOR_CHOICE_3', 'PLAYER_EVENT_WAR_FERVOR'),
	('PLAYER_EVENT_WAR_FERVOR_CHOICE_4', 'PLAYER_EVENT_WAR_FERVOR'),
	('PLAYER_EVENT_WAR_FERVOR_CHOICE_5', 'PLAYER_EVENT_WAR_FERVOR'),
	('PLAYER_EVENT_WAR_WEARINESS_CHOICE_1', 'PLAYER_EVENT_WAR_WEARINESS'),
	('PLAYER_EVENT_WAR_WEARINESS_CHOICE_2', 'PLAYER_EVENT_WAR_WEARINESS'),
	('PLAYER_EVENT_WAR_WEARINESS_CHOICE_3', 'PLAYER_EVENT_WAR_WEARINESS'),
	('PLAYER_EVENT_WAR_WEARINESS_CHOICE_4', 'PLAYER_EVENT_WAR_WEARINESS'),
	('PLAYER_EVENT_CASTLE_DOCTRINE_CHOICE_1', 'PLAYER_EVENT_CASTLE_DOCTRINE'),
	('PLAYER_EVENT_CASTLE_DOCTRINE_CHOICE_2', 'PLAYER_EVENT_CASTLE_DOCTRINE'),
	('PLAYER_EVENT_CASTLE_DOCTRINE_CHOICE_3', 'PLAYER_EVENT_CASTLE_DOCTRINE'),
	('PLAYER_EVENT_CASTLE_DOCTRINE_CHOICE_4', 'PLAYER_EVENT_CASTLE_DOCTRINE'),
	('PLAYER_EVENT_UNIVERSITY_POLICY_CHOICE_1', 'PLAYER_EVENT_UNIVERSITY_POLICY'),
	('PLAYER_EVENT_UNIVERSITY_POLICY_CHOICE_2', 'PLAYER_EVENT_UNIVERSITY_POLICY'),
	('PLAYER_EVENT_UNIVERSITY_POLICY_CHOICE_3', 'PLAYER_EVENT_UNIVERSITY_POLICY'),
	('PLAYER_EVENT_UNIVERSITY_POLICY_CHOICE_4', 'PLAYER_EVENT_UNIVERSITY_POLICY'),
	('PLAYER_EVENT_BANK_DECISION_CHOICE_1', 'PLAYER_EVENT_BANK_DECISION'),
	('PLAYER_EVENT_BANK_DECISION_CHOICE_2', 'PLAYER_EVENT_BANK_DECISION'),
	('PLAYER_EVENT_BANK_DECISION_CHOICE_3', 'PLAYER_EVENT_BANK_DECISION'),
	('PLAYER_EVENT_WINDMILLS_MODERNIZE_CHOICE_1', 'PLAYER_EVENT_WINDMILLS_MODERNIZE'),
	('PLAYER_EVENT_WINDMILLS_MODERNIZE_CHOICE_2', 'PLAYER_EVENT_WINDMILLS_MODERNIZE'),
	('PLAYER_EVENT_WINDMILLS_MODERNIZE_CHOICE_3', 'PLAYER_EVENT_WINDMILLS_MODERNIZE'),
	('PLAYER_EVENT_NO_CHOICE', 'PLAYER_EVENT_WINDMILLS_MODERNIZE'),
	('PLAYER_EVENT_STADIUM_WORLD_EVENT_CHOICE_1', 'PLAYER_EVENT_STADIUM_WORLD_EVENT'),
	('PLAYER_EVENT_CORRUPTION_SCIENCE_FAILURE_CHOICE_1', 'PLAYER_EVENT_CORRUPTION_SCIENCE_FAILURE'),
	('PLAYER_EVENT_BABY_BOOM_CHOICE_1', 'PLAYER_EVENT_BABY_BOOM'),
	('PLAYER_EVENT_PLAGUE_CHOICE_1', 'PLAYER_EVENT_PLAGUE'),
	('PLAYER_EVENT_ADVISOR_DEBATE_CHOICE_1', 'PLAYER_EVENT_ADVISOR_DEBATE'),
	('PLAYER_EVENT_ADVISOR_DEBATE_CHOICE_2', 'PLAYER_EVENT_ADVISOR_DEBATE'),
	('PLAYER_EVENT_ADVISOR_DEBATE_CHOICE_3', 'PLAYER_EVENT_ADVISOR_DEBATE'),
	('PLAYER_EVENT_ADVISOR_DEBATE_CHOICE_4', 'PLAYER_EVENT_ADVISOR_DEBATE'),
	('PLAYER_EVENT_DEATH_MERCHANT_CHOICE_1', 'PLAYER_EVENT_DEATH_MERCHANT'),
	('PLAYER_EVENT_DEATH_MERCHANT_CHOICE_2', 'PLAYER_EVENT_DEATH_MERCHANT'),
	('PLAYER_EVENT_DEATH_MERCHANT_CHOICE_3', 'PLAYER_EVENT_DEATH_MERCHANT'),
	('PLAYER_EVENT_MARKET_DEVELOPMENT_CHOICE_1', 'PLAYER_EVENT_MARKET_DEVELOPMENT'),
	('PLAYER_EVENT_MARKET_DEVELOPMENT_CHOICE_2', 'PLAYER_EVENT_MARKET_DEVELOPMENT'),
	('PLAYER_EVENT_MONUMENT_DEVELOPMENT_CHOICE_1', 'PLAYER_EVENT_MONUMENT_DEVELOPMENT'),
	('PLAYER_EVENT_MONUMENT_DEVELOPMENT_CHOICE_2', 'PLAYER_EVENT_MONUMENT_DEVELOPMENT'),
	('PLAYER_EVENT_MONUMENT_DEVELOPMENT_CHOICE_3', 'PLAYER_EVENT_MONUMENT_DEVELOPMENT'),
	('PLAYER_EVENT_FACTORY_PARTNERSHIP_CHOICE_1', 'PLAYER_EVENT_FACTORY_PARTNERSHIP'),
	('PLAYER_EVENT_FACTORY_PARTNERSHIP_CHOICE_2', 'PLAYER_EVENT_FACTORY_PARTNERSHIP'),
	('PLAYER_EVENT_FACTORY_PARTNERSHIP_CHOICE_3', 'PLAYER_EVENT_FACTORY_PARTNERSHIP'),
	('PLAYER_EVENT_FACTORY_PARTNERSHIP_CHOICE_4', 'PLAYER_EVENT_FACTORY_PARTNERSHIP'),
	('PLAYER_EVENT_FACTORY_PARTNERSHIP_CHOICE_5', 'PLAYER_EVENT_FACTORY_PARTNERSHIP'),
	('PLAYER_EVENT_PUBLIC_SCHOOL_DECISION_CHOICE_1', 'PLAYER_EVENT_PUBLIC_SCHOOL_DECISION'),
	('PLAYER_EVENT_PUBLIC_SCHOOL_DECISION_CHOICE_2', 'PLAYER_EVENT_PUBLIC_SCHOOL_DECISION'),
	('PLAYER_EVENT_BATHS_DECISION_CHOICE_1', 'PLAYER_EVENT_BATHS_DECISION'),
	('PLAYER_EVENT_BATHS_DECISION_CHOICE_2', 'PLAYER_EVENT_BATHS_DECISION'),
	('PLAYER_EVENT_BATHS_DECISION_CHOICE_3', 'PLAYER_EVENT_BATHS_DECISION');

-- Player event blocks player event
INSERT INTO Event_EventLinks
	(EventType, EventLinker, CheckForActive)
VALUES
	('PLAYER_EVENT_COMET', 'PLAYER_EVENT_COMET', 0),
	('PLAYER_EVENT_METEOR', 'PLAYER_EVENT_METEOR', 0),
	('PLAYER_EVENT_ECLIPSE', 'PLAYER_EVENT_ECLIPSE', 0),
	('PLAYER_EVENT_ICE_AGE', 'PLAYER_EVENT_HEAT_WAVE', 0),
	('PLAYER_EVENT_HEAT_WAVE', 'PLAYER_EVENT_ICE_AGE', 0),
	('PLAYER_EVENT_STADIUM_WORLD_EVENT', 'PLAYER_EVENT_STADIUM_WORLD_EVENT', 0);

INSERT INTO EventChoice_MinimumStartYield
	(EventChoiceType, YieldType, Yield)
VALUES
	('PLAYER_EVENT_WINDMILLS_MODERNIZE_CHOICE_1', 'YIELD_GOLD', 2000),
	('PLAYER_EVENT_WINDMILLS_MODERNIZE_CHOICE_2', 'YIELD_GOLD', 1000),
	('PLAYER_EVENT_WINDMILLS_MODERNIZE_CHOICE_3', 'YIELD_GOLD', 500);

INSERT INTO EventChoice_MinimumResourceRequired
	(EventChoiceType, ResourceType, Quantity)
VALUES
	('PLAYER_EVENT_WINDMILLS_MODERNIZE_CHOICE_2', 'RESOURCE_IRON', 4);

INSERT INTO EventChoice_EventCostYield
	(EventChoiceType, YieldType, Yield)
VALUES
	('PLAYER_EVENT_ECLIPSE_CHOICE_1', 'YIELD_GOLDEN_AGE_POINTS', -100),
	('PLAYER_EVENT_ECLIPSE_CHOICE_2', 'YIELD_FOOD', 25),
	('PLAYER_EVENT_HEAT_WAVE_CHOICE_1', 'YIELD_GOLD', 500),
	('PLAYER_EVENT_HEAT_WAVE_CHOICE_2', 'YIELD_GOLD', 250),
	('PLAYER_EVENT_HEAT_WAVE_CHOICE_3', 'YIELD_GOLD', 100),
	('PLAYER_EVENT_REVOLUTION_CHOICE_4', 'YIELD_GOLD', 1000),
	('PLAYER_EVENT_ADVISOR_DEBATE_CHOICE_2', 'YIELD_SCIENCE', -100),
	('PLAYER_EVENT_WAR_WEARINESS_CHOICE_2', 'YIELD_GOLDEN_AGE_POINTS', 250),
	('PLAYER_EVENT_WAR_WEARINESS_CHOICE_4', 'YIELD_GOLD', 1000),
	('PLAYER_EVENT_WINDMILLS_MODERNIZE_CHOICE_1', 'YIELD_GOLD', 2000),
	('PLAYER_EVENT_WINDMILLS_MODERNIZE_CHOICE_2', 'YIELD_GOLD', 1000),
	('PLAYER_EVENT_WINDMILLS_MODERNIZE_CHOICE_3', 'YIELD_GOLD', 500),
	('PLAYER_EVENT_CORRUPTION_SCIENCE_FAILURE_CHOICE_1', 'YIELD_SCIENCE', 75);

INSERT INTO EventChoice_InstantYield
	(EventChoiceType, YieldType, Yield)
VALUES
	('PLAYER_EVENT_ECLIPSE_CHOICE_1', 'YIELD_GOLDEN_AGE_POINTS', -200),
	('PLAYER_EVENT_ECLIPSE_CHOICE_2', 'YIELD_FAITH', 50),
	('PLAYER_EVENT_ECLIPSE_CHOICE_3', 'YIELD_SCIENCE', 100),
	('PLAYER_EVENT_ECLIPSE_CHOICE_4', 'YIELD_CULTURE', 150),
	('PLAYER_EVENT_BABY_BOOM_CHOICE_1', 'YIELD_POPULATION', 1),
	('PLAYER_EVENT_COMET_CHOICE_1', 'YIELD_GOLDEN_AGE_POINTS', 100),
	('PLAYER_EVENT_COMET_CHOICE_3', 'YIELD_FAITH', 200),
	('PLAYER_EVENT_ADVISOR_DEBATE_CHOICE_3', 'YIELD_GOLD', 600),
	('PLAYER_EVENT_ADVISOR_DEBATE_CHOICE_4', 'YIELD_CULTURE', 200),
	('PLAYER_EVENT_DEATH_MERCHANT_CHOICE_1', 'YIELD_GOLD', 250);

INSERT INTO EventChoice_FreeUnitClasses
	(EventChoiceType, UnitClassType, Quantity)
VALUES
	('PLAYER_EVENT_DEATH_MERCHANT_CHOICE_2', 'UNITCLASS_CARAVAN', 1);

INSERT INTO EventChoice_CityYield
	(EventChoiceType, YieldType, Yield)
VALUES
	('PLAYER_EVENT_ICE_AGE_CHOICE_1', 'YIELD_GOLD', -2),
	('PLAYER_EVENT_ICE_AGE_CHOICE_2', 'YIELD_PRODUCTION', -2),
	('PLAYER_EVENT_WAR_FERVOR_CHOICE_2', 'YIELD_PRODUCTION', 3),
	('PLAYER_EVENT_DEATH_MERCHANT_CHOICE_3', 'YIELD_GOLD', 1);

INSERT INTO EventChoice_BuildingClassYieldChange
	(EventChoiceType, BuildingClassType, YieldType, YieldChange)
VALUES
	('PLAYER_EVENT_METEOR_CHOICE_2', 'BUILDINGCLASS_SHRINE', 'YIELD_FAITH', 1),
	('PLAYER_EVENT_METEOR_CHOICE_3', 'BUILDINGCLASS_PALACE', 'YIELD_CULTURE', 2),
	('PLAYER_EVENT_METEOR_CHOICE_4', 'BUILDINGCLASS_UNIVERSITY', 'YIELD_SCIENCE', 1),
	('PLAYER_EVENT_METEOR_CHOICE_5', 'BUILDINGCLASS_MUSEUM', 'YIELD_CULTURE', 1),
	('PLAYER_EVENT_WAR_FERVOR_CHOICE_3', 'BUILDINGCLASS_MILITARY_ACADEMY', 'YIELD_SCIENCE', 5),
	('PLAYER_EVENT_CASTLE_DOCTRINE_CHOICE_1', 'BUILDINGCLASS_CASTLE', 'YIELD_CULTURE', 1),
	('PLAYER_EVENT_CASTLE_DOCTRINE_CHOICE_2', 'BUILDINGCLASS_CASTLE', 'YIELD_PRODUCTION', 2),
	('PLAYER_EVENT_CASTLE_DOCTRINE_CHOICE_3', 'BUILDINGCLASS_CASTLE', 'YIELD_FOOD', 2),
	('PLAYER_EVENT_CASTLE_DOCTRINE_CHOICE_4', 'BUILDINGCLASS_CASTLE', 'YIELD_FAITH', 1),
	('PLAYER_EVENT_UNIVERSITY_POLICY_CHOICE_1', 'BUILDINGCLASS_UNIVERSITY', 'YIELD_SCIENCE', 2),
	('PLAYER_EVENT_UNIVERSITY_POLICY_CHOICE_2', 'BUILDINGCLASS_UNIVERSITY', 'YIELD_CULTURE', 1),
	('PLAYER_EVENT_UNIVERSITY_POLICY_CHOICE_3', 'BUILDINGCLASS_UNIVERSITY', 'YIELD_FAITH', 1),
	('PLAYER_EVENT_UNIVERSITY_POLICY_CHOICE_4', 'BUILDINGCLASS_UNIVERSITY', 'YIELD_PRODUCTION', 2),
	('PLAYER_EVENT_ADVISOR_DEBATE_CHOICE_1', 'BUILDINGCLASS_MINT', 'YIELD_TOURISM', 2),
	('PLAYER_EVENT_BANK_DECISION_CHOICE_3', 'BUILDINGCLASS_BANK', 'YIELD_GOLD', 3),
	('PLAYER_EVENT_WINDMILLS_MODERNIZE_CHOICE_3', 'BUILDINGCLASS_WINDMILL', 'YIELD_PRODUCTION', 3),
	('PLAYER_EVENT_MARKET_DEVELOPMENT_CHOICE_1', 'BUILDINGCLASS_MARKET', 'YIELD_GOLD', -1),
	('PLAYER_EVENT_MARKET_DEVELOPMENT_CHOICE_1', 'BUILDINGCLASS_MARKET', 'YIELD_CULTURE', 1),
	('PLAYER_EVENT_MARKET_DEVELOPMENT_CHOICE_2', 'BUILDINGCLASS_MARKET', 'YIELD_GOLD', 1),
	('PLAYER_EVENT_MONUMENT_DEVELOPMENT_CHOICE_1', 'BUILDINGCLASS_MONUMENT', 'YIELD_FOOD', 1),
	('PLAYER_EVENT_MONUMENT_DEVELOPMENT_CHOICE_2', 'BUILDINGCLASS_MONUMENT', 'YIELD_FAITH', 1),
	('PLAYER_EVENT_MONUMENT_DEVELOPMENT_CHOICE_3', 'BUILDINGCLASS_MONUMENT', 'YIELD_GOLD', 1),
	('PLAYER_EVENT_FACTORY_PARTNERSHIP_CHOICE_1', 'BUILDINGCLASS_FACTORY', 'YIELD_CULTURE', 2),
	('PLAYER_EVENT_FACTORY_PARTNERSHIP_CHOICE_2', 'BUILDINGCLASS_FACTORY', 'YIELD_GOLD', 3),
	('PLAYER_EVENT_FACTORY_PARTNERSHIP_CHOICE_3', 'BUILDINGCLASS_FACTORY', 'YIELD_PRODUCTION', 2),
	('PLAYER_EVENT_FACTORY_PARTNERSHIP_CHOICE_4', 'BUILDINGCLASS_FACTORY', 'YIELD_SCIENCE', 2),
	('PLAYER_EVENT_FACTORY_PARTNERSHIP_CHOICE_5', 'BUILDINGCLASS_FACTORY', 'YIELD_FOOD', 2),
	('PLAYER_EVENT_BATHS_DECISION_CHOICE_2', 'BUILDINGCLASS_BATH', 'YIELD_GOLD', -3),
	('PLAYER_EVENT_BATHS_DECISION_CHOICE_3', 'BUILDINGCLASS_AQUEDUCT', 'YIELD_CULTURE', 1);

INSERT INTO EventChoice_BuildingClassYieldModifier
	(EventChoiceType, BuildingClassType, YieldType, Modifier)
VALUES
	('PLAYER_EVENT_WAR_FERVOR_CHOICE_4', 'BUILDINGCLASS_FACTORY', 'YIELD_PRODUCTION', 10),
	('PLAYER_EVENT_WAR_FERVOR_CHOICE_5', 'BUILDINGCLASS_BANK', 'YIELD_GOLD', 20),
	('PLAYER_EVENT_BANK_DECISION_CHOICE_2', 'BUILDINGCLASS_BANK', 'YIELD_GOLD', 5),
	('PLAYER_EVENT_ADVISOR_DEBATE_CHOICE_3', 'BUILDINGCLASS_BANK', 'YIELD_GOLD', 5),
	('PLAYER_EVENT_WINDMILLS_MODERNIZE_CHOICE_1', 'BUILDINGCLASS_WINDMILL', 'YIELD_PRODUCTION', 10),
	('PLAYER_EVENT_WINDMILLS_MODERNIZE_CHOICE_2', 'BUILDINGCLASS_WINDMILL', 'YIELD_PRODUCTION', 15),
	('PLAYER_EVENT_PUBLIC_SCHOOL_DECISION_CHOICE_1', 'BUILDINGCLASS_PUBLIC_SCHOOL', 'YIELD_CULTURE', 10),
	('PLAYER_EVENT_PUBLIC_SCHOOL_DECISION_CHOICE_2', 'BUILDINGCLASS_PUBLIC_SCHOOL', 'YIELD_GOLD', 10);

INSERT INTO EventChoice_SpecialistYieldChange
	(EventChoiceType, SpecialistType, YieldType, YieldChange)
VALUES
	('PLAYER_EVENT_BANK_DECISION_CHOICE_1', 'SPECIALIST_CITIZEN', 'YIELD_GOLD', 1),
	('PLAYER_EVENT_BANK_DECISION_CHOICE_1', 'SPECIALIST_MERCHANT', 'YIELD_GOLD', 1);

INSERT INTO EventChoice_ResourceQuantity
	(EventChoiceType, ResourceType, Quantity)
VALUES
	('PLAYER_EVENT_WINDMILLS_MODERNIZE_CHOICE_2', 'RESOURCE_IRON', -4),
	('PLAYER_EVENT_METEOR_CHOICE_1', 'RESOURCE_IRON', 2);

-- Espionage
INSERT INTO Event_ParentEvents
	(EventChoiceType, EventType)
VALUES
	('ESPIONAGE_EVENT_REPATRIATED_SPECIALISTS', 'ESPIONAGE_EVENT_REPATRIATED_SPECIALISTS_PARENT');
