--  MoreGPs - Extra Great Peoples for VP - Version b3 rev 6
/* 
CivFanatics thread : https://forums.civfanatics.com/threads/more-gps-module.665154/
Author and assistance team: Asterix Rage, Hinin, psparky, pineappledan, Bearded Lady, adan_eslavo, Catan

090 Great Musicians   _M__
090 Great Artists     _A__
054 Great Writers     _W__
115 Great Generals    _G__
089 Great Admirals    _B__
116 Great Merchants   _N__
085 Great Engineers   _E__
081 Great Scientists  _S__
073 Great Diplomates  _D__ - Location: \MODS\(3) CSD for CBP\Units\MoreGreatDiplomats.sql

ERA_ANCIENT        Before -800			   Ancient
ERA_CLASSICAL      Between -800 and 399    Classical
ERA_MEDIEVAL       Between 400 and 1449    Medieval
ERA_RENAISSANCE    Between 1450 and 1839   Renaissance
ERA_INDUSTRIAL     Between 1840 and 1910   Industrial
ERA_MODERN         Between 1911 and 1944   Modern
ERA_POSTMODERN     Between 1945 and 1989   Atomic
ERA_FUTURE         After 1989              Information
*/

-- --------------------------------------------------------------------------------
--
--          G.MUSICIANS
--
-- --------------------------------------------------------------------------------
	
INSERT INTO Audio_Sounds
	(SoundID, FileName, LoadType, DontCache)
VALUES
	('SND_GREAT_MUSICIAN_M__010', 'M__010', 'Streamed', 1),
	('SND_GREAT_MUSICIAN_M__020', 'M__020', 'Streamed', 1),
	('SND_GREAT_MUSICIAN_M__030', 'M__030', 'Streamed', 1),
	('SND_GREAT_MUSICIAN_M__040', 'M__040', 'Streamed', 1),
	('SND_GREAT_MUSICIAN_M__050', 'M__050', 'Streamed', 1),
	('SND_GREAT_MUSICIAN_M__060', 'M__060', 'Streamed', 1),
	('SND_GREAT_MUSICIAN_M__070', 'M__070', 'Streamed', 1),
	('SND_GREAT_MUSICIAN_M__080', 'M__080', 'Streamed', 1),
	('SND_GREAT_MUSICIAN_M__090', 'M__090', 'Streamed', 1),
	('SND_GREAT_MUSICIAN_M__100', 'M__100', 'Streamed', 1),
	('SND_GREAT_MUSICIAN_M__110', 'M__110', 'Streamed', 1),
	('SND_GREAT_MUSICIAN_M__120', 'M__120', 'Streamed', 1),
	('SND_GREAT_MUSICIAN_M__130', 'M__130', 'Streamed', 1),
	('SND_GREAT_MUSICIAN_M__140', 'M__140', 'Streamed', 1),
	('SND_GREAT_MUSICIAN_M__150', 'M__150', 'Streamed', 1),
	('SND_GREAT_MUSICIAN_M__160', 'M__160', 'Streamed', 1),
	('SND_GREAT_MUSICIAN_M__170', 'M__170', 'Streamed', 1),
	('SND_GREAT_MUSICIAN_M__180', 'M__180', 'Streamed', 1),
	('SND_GREAT_MUSICIAN_M__190', 'M__190', 'Streamed', 1),
	('SND_GREAT_MUSICIAN_M__200', 'M__200', 'Streamed', 1),
	('SND_GREAT_MUSICIAN_M__210', 'M__210', 'Streamed', 1),
	('SND_GREAT_MUSICIAN_M__220', 'M__220', 'Streamed', 1),
	('SND_GREAT_MUSICIAN_M__230', 'M__230', 'Streamed', 1),
	('SND_GREAT_MUSICIAN_M__240', 'M__240', 'Streamed', 1),
	('SND_GREAT_MUSICIAN_M__250', 'M__250', 'Streamed', 1),
	('SND_GREAT_MUSICIAN_M__260', 'M__260', 'Streamed', 1),
	('SND_GREAT_MUSICIAN_M__270', 'M__270', 'Streamed', 1),
	('SND_GREAT_MUSICIAN_M__280', 'M__280', 'Streamed', 1),
	('SND_GREAT_MUSICIAN_M__290', 'M__290', 'Streamed', 1),
	('SND_GREAT_MUSICIAN_M__300', 'M__300', 'Streamed', 1),
	('SND_GREAT_MUSICIAN_M__310', 'M__310', 'Streamed', 1),
	('SND_GREAT_MUSICIAN_M__320', 'M__320', 'Streamed', 1),
	('SND_GREAT_MUSICIAN_M__330', 'M__330', 'Streamed', 1),
	('SND_GREAT_MUSICIAN_M__340', 'M__340', 'Streamed', 1),
	('SND_GREAT_MUSICIAN_M__350', 'M__350', 'Streamed', 1),
	('SND_GREAT_MUSICIAN_M__360', 'M__360', 'Streamed', 1),
	('SND_GREAT_MUSICIAN_M__370', 'M__370', 'Streamed', 1),
	('SND_GREAT_MUSICIAN_M__380', 'M__380', 'Streamed', 1),
	('SND_GREAT_MUSICIAN_M__390', 'M__390', 'Streamed', 1),
	('SND_GREAT_MUSICIAN_M__400', 'M__400', 'Streamed', 1),
	('SND_GREAT_MUSICIAN_M__410', 'M__410', 'Streamed', 1),
	('SND_GREAT_MUSICIAN_M__420', 'M__420', 'Streamed', 1),
	('SND_GREAT_MUSICIAN_M__430', 'M__430', 'Streamed', 1),
	('SND_GREAT_MUSICIAN_M__440', 'M__440', 'Streamed', 1),
	('SND_GREAT_MUSICIAN_M__450', 'M__450', 'Streamed', 1),
	('SND_GREAT_MUSICIAN_M__460', 'M__460', 'Streamed', 1),
	('SND_GREAT_MUSICIAN_M__470', 'M__470', 'Streamed', 1),
	('SND_GREAT_MUSICIAN_M__480', 'M__480', 'Streamed', 1),
	('SND_GREAT_MUSICIAN_M__490', 'M__490', 'Streamed', 1),
	('SND_GREAT_MUSICIAN_M__500', 'M__500', 'Streamed', 1),
	('SND_GREAT_MUSICIAN_M__510', 'M__510', 'Streamed', 1),
	('SND_GREAT_MUSICIAN_M__520', 'M__520', 'Streamed', 1),
	('SND_GREAT_MUSICIAN_M__530', 'M__530', 'Streamed', 1),
	('SND_GREAT_MUSICIAN_M__540', 'M__540', 'Streamed', 1),
	('SND_GREAT_MUSICIAN_M__550', 'M__550', 'Streamed', 1),
	('SND_GREAT_MUSICIAN_M__560', 'M__560', 'Streamed', 1),
	('SND_GREAT_MUSICIAN_M__570', 'M__570', 'Streamed', 1),
	('SND_GREAT_MUSICIAN_M__580', 'M__580', 'Streamed', 1),
	('SND_GREAT_MUSICIAN_M__590', 'M__590', 'Streamed', 1),
	('SND_GREAT_MUSICIAN_M__600', 'M__600', 'Streamed', 1),
	('SND_GREAT_MUSICIAN_M__610', 'M__610', 'Streamed', 1),
	('SND_GREAT_MUSICIAN_M__620', 'M__620', 'Streamed', 1),
	('SND_GREAT_MUSICIAN_M__630', 'M__630', 'Streamed', 1),
	('SND_GREAT_MUSICIAN_M__640', 'M__640', 'Streamed', 1),
	('SND_GREAT_MUSICIAN_M__650', 'M__650', 'Streamed', 1),
	('SND_GREAT_MUSICIAN_M__660', 'M__660', 'Streamed', 1),
	('SND_GREAT_MUSICIAN_M__670', 'M__670', 'Streamed', 1),
	('SND_GREAT_MUSICIAN_M__680', 'M__680', 'Streamed', 1),
	('SND_GREAT_MUSICIAN_M__690', 'M__690', 'Streamed', 1),
	('SND_GREAT_MUSICIAN_M__700', 'M__700', 'Streamed', 1),
	('SND_GREAT_MUSICIAN_M__710', 'M__710', 'Streamed', 1),
	('SND_GREAT_MUSICIAN_M__720', 'M__720', 'Streamed', 1),
	('SND_GREAT_MUSICIAN_M__730', 'M__730', 'Streamed', 1),
	('SND_GREAT_MUSICIAN_M__740', 'M__740', 'Streamed', 1),
	('SND_GREAT_MUSICIAN_M__750', 'M__750', 'Streamed', 1),
	('SND_GREAT_MUSICIAN_M__760', 'M__760', 'Streamed', 1),
	('SND_GREAT_MUSICIAN_M__770', 'M__770', 'Streamed', 1),
	('SND_GREAT_MUSICIAN_M__780', 'M__780', 'Streamed', 1),
	('SND_GREAT_MUSICIAN_M__790', 'M__790', 'Streamed', 1),
	('SND_GREAT_MUSICIAN_M__800', 'M__800', 'Streamed', 1),
	('SND_GREAT_MUSICIAN_M__810', 'M__810', 'Streamed', 1),
	('SND_GREAT_MUSICIAN_M__820', 'M__820', 'Streamed', 1),
	('SND_GREAT_MUSICIAN_M__830', 'M__830', 'Streamed', 1),
	('SND_GREAT_MUSICIAN_M__840', 'M__840', 'Streamed', 1),
	('SND_GREAT_MUSICIAN_M__850', 'M__850', 'Streamed', 1),
	('SND_GREAT_MUSICIAN_M__860', 'M__860', 'Streamed', 1),
	('SND_GREAT_MUSICIAN_M__870', 'M__870', 'Streamed', 1),
	('SND_GREAT_MUSICIAN_M__880', 'M__880', 'Streamed', 1),
	('SND_GREAT_MUSICIAN_M__890', 'M__890', 'Streamed', 1),
	('SND_GREAT_MUSICIAN_M__900', 'M__900', 'Streamed', 1);

INSERT INTO Audio_2DSounds
	(ScriptID, SoundID, SoundType, TaperSoundtrackVolume)
VALUES
	('AS2D_GREAT_MUSICIAN_M__010', 'SND_GREAT_MUSICIAN_M__010', 'GAME_MUSIC_STINGS', '0.0'),
	('AS2D_GREAT_MUSICIAN_M__020', 'SND_GREAT_MUSICIAN_M__020', 'GAME_MUSIC_STINGS', '0.0'),
	('AS2D_GREAT_MUSICIAN_M__030', 'SND_GREAT_MUSICIAN_M__030', 'GAME_MUSIC_STINGS', '0.0'),
	('AS2D_GREAT_MUSICIAN_M__040', 'SND_GREAT_MUSICIAN_M__040', 'GAME_MUSIC_STINGS', '0.0'),
	('AS2D_GREAT_MUSICIAN_M__050', 'SND_GREAT_MUSICIAN_M__050', 'GAME_MUSIC_STINGS', '0.0'),
	('AS2D_GREAT_MUSICIAN_M__060', 'SND_GREAT_MUSICIAN_M__060', 'GAME_MUSIC_STINGS', '0.0'),
	('AS2D_GREAT_MUSICIAN_M__070', 'SND_GREAT_MUSICIAN_M__070', 'GAME_MUSIC_STINGS', '0.0'),
	('AS2D_GREAT_MUSICIAN_M__080', 'SND_GREAT_MUSICIAN_M__080', 'GAME_MUSIC_STINGS', '0.0'),
	('AS2D_GREAT_MUSICIAN_M__090', 'SND_GREAT_MUSICIAN_M__090', 'GAME_MUSIC_STINGS', '0.0'),
	('AS2D_GREAT_MUSICIAN_M__100', 'SND_GREAT_MUSICIAN_M__100', 'GAME_MUSIC_STINGS', '0.0'),
	('AS2D_GREAT_MUSICIAN_M__110', 'SND_GREAT_MUSICIAN_M__110', 'GAME_MUSIC_STINGS', '0.0'),
	('AS2D_GREAT_MUSICIAN_M__120', 'SND_GREAT_MUSICIAN_M__120', 'GAME_MUSIC_STINGS', '0.0'),
	('AS2D_GREAT_MUSICIAN_M__130', 'SND_GREAT_MUSICIAN_M__130', 'GAME_MUSIC_STINGS', '0.0'),
	('AS2D_GREAT_MUSICIAN_M__140', 'SND_GREAT_MUSICIAN_M__140', 'GAME_MUSIC_STINGS', '0.0'),
	('AS2D_GREAT_MUSICIAN_M__150', 'SND_GREAT_MUSICIAN_M__150', 'GAME_MUSIC_STINGS', '0.0'),
	('AS2D_GREAT_MUSICIAN_M__160', 'SND_GREAT_MUSICIAN_M__160', 'GAME_MUSIC_STINGS', '0.0'),
	('AS2D_GREAT_MUSICIAN_M__170', 'SND_GREAT_MUSICIAN_M__170', 'GAME_MUSIC_STINGS', '0.0'),
	('AS2D_GREAT_MUSICIAN_M__180', 'SND_GREAT_MUSICIAN_M__180', 'GAME_MUSIC_STINGS', '0.0'),
	('AS2D_GREAT_MUSICIAN_M__190', 'SND_GREAT_MUSICIAN_M__190', 'GAME_MUSIC_STINGS', '0.0'),
	('AS2D_GREAT_MUSICIAN_M__200', 'SND_GREAT_MUSICIAN_M__200', 'GAME_MUSIC_STINGS', '0.0'),
	('AS2D_GREAT_MUSICIAN_M__210', 'SND_GREAT_MUSICIAN_M__210', 'GAME_MUSIC_STINGS', '0.0'),
	('AS2D_GREAT_MUSICIAN_M__220', 'SND_GREAT_MUSICIAN_M__220', 'GAME_MUSIC_STINGS', '0.0'),
	('AS2D_GREAT_MUSICIAN_M__230', 'SND_GREAT_MUSICIAN_M__230', 'GAME_MUSIC_STINGS', '0.0'),
	('AS2D_GREAT_MUSICIAN_M__240', 'SND_GREAT_MUSICIAN_M__240', 'GAME_MUSIC_STINGS', '0.0'),
	('AS2D_GREAT_MUSICIAN_M__250', 'SND_GREAT_MUSICIAN_M__250', 'GAME_MUSIC_STINGS', '0.0'),
	('AS2D_GREAT_MUSICIAN_M__260', 'SND_GREAT_MUSICIAN_M__260', 'GAME_MUSIC_STINGS', '0.0'),
	('AS2D_GREAT_MUSICIAN_M__270', 'SND_GREAT_MUSICIAN_M__270', 'GAME_MUSIC_STINGS', '0.0'),
	('AS2D_GREAT_MUSICIAN_M__280', 'SND_GREAT_MUSICIAN_M__280', 'GAME_MUSIC_STINGS', '0.0'),
	('AS2D_GREAT_MUSICIAN_M__290', 'SND_GREAT_MUSICIAN_M__290', 'GAME_MUSIC_STINGS', '0.0'),
	('AS2D_GREAT_MUSICIAN_M__300', 'SND_GREAT_MUSICIAN_M__300', 'GAME_MUSIC_STINGS', '0.0'),
	('AS2D_GREAT_MUSICIAN_M__310', 'SND_GREAT_MUSICIAN_M__310', 'GAME_MUSIC_STINGS', '0.0'),
	('AS2D_GREAT_MUSICIAN_M__320', 'SND_GREAT_MUSICIAN_M__320', 'GAME_MUSIC_STINGS', '0.0'),
	('AS2D_GREAT_MUSICIAN_M__330', 'SND_GREAT_MUSICIAN_M__330', 'GAME_MUSIC_STINGS', '0.0'),
	('AS2D_GREAT_MUSICIAN_M__340', 'SND_GREAT_MUSICIAN_M__340', 'GAME_MUSIC_STINGS', '0.0'),
	('AS2D_GREAT_MUSICIAN_M__350', 'SND_GREAT_MUSICIAN_M__350', 'GAME_MUSIC_STINGS', '0.0'),
	('AS2D_GREAT_MUSICIAN_M__360', 'SND_GREAT_MUSICIAN_M__360', 'GAME_MUSIC_STINGS', '0.0'),
	('AS2D_GREAT_MUSICIAN_M__370', 'SND_GREAT_MUSICIAN_M__370', 'GAME_MUSIC_STINGS', '0.0'),
	('AS2D_GREAT_MUSICIAN_M__380', 'SND_GREAT_MUSICIAN_M__380', 'GAME_MUSIC_STINGS', '0.0'),
	('AS2D_GREAT_MUSICIAN_M__390', 'SND_GREAT_MUSICIAN_M__390', 'GAME_MUSIC_STINGS', '0.0'),
	('AS2D_GREAT_MUSICIAN_M__400', 'SND_GREAT_MUSICIAN_M__400', 'GAME_MUSIC_STINGS', '0.0'),
	('AS2D_GREAT_MUSICIAN_M__410', 'SND_GREAT_MUSICIAN_M__410', 'GAME_MUSIC_STINGS', '0.0'),
	('AS2D_GREAT_MUSICIAN_M__420', 'SND_GREAT_MUSICIAN_M__420', 'GAME_MUSIC_STINGS', '0.0'),
	('AS2D_GREAT_MUSICIAN_M__430', 'SND_GREAT_MUSICIAN_M__430', 'GAME_MUSIC_STINGS', '0.0'),
	('AS2D_GREAT_MUSICIAN_M__440', 'SND_GREAT_MUSICIAN_M__440', 'GAME_MUSIC_STINGS', '0.0'),
	('AS2D_GREAT_MUSICIAN_M__450', 'SND_GREAT_MUSICIAN_M__450', 'GAME_MUSIC_STINGS', '0.0'),
	('AS2D_GREAT_MUSICIAN_M__460', 'SND_GREAT_MUSICIAN_M__460', 'GAME_MUSIC_STINGS', '0.0'),
	('AS2D_GREAT_MUSICIAN_M__470', 'SND_GREAT_MUSICIAN_M__470', 'GAME_MUSIC_STINGS', '0.0'),
	('AS2D_GREAT_MUSICIAN_M__480', 'SND_GREAT_MUSICIAN_M__480', 'GAME_MUSIC_STINGS', '0.0'),
	('AS2D_GREAT_MUSICIAN_M__490', 'SND_GREAT_MUSICIAN_M__490', 'GAME_MUSIC_STINGS', '0.0'),
	('AS2D_GREAT_MUSICIAN_M__500', 'SND_GREAT_MUSICIAN_M__500', 'GAME_MUSIC_STINGS', '0.0'),
	('AS2D_GREAT_MUSICIAN_M__510', 'SND_GREAT_MUSICIAN_M__510', 'GAME_MUSIC_STINGS', '0.0'),
	('AS2D_GREAT_MUSICIAN_M__520', 'SND_GREAT_MUSICIAN_M__520', 'GAME_MUSIC_STINGS', '0.0'),
	('AS2D_GREAT_MUSICIAN_M__530', 'SND_GREAT_MUSICIAN_M__530', 'GAME_MUSIC_STINGS', '0.0'),
	('AS2D_GREAT_MUSICIAN_M__540', 'SND_GREAT_MUSICIAN_M__540', 'GAME_MUSIC_STINGS', '0.0'),
	('AS2D_GREAT_MUSICIAN_M__550', 'SND_GREAT_MUSICIAN_M__550', 'GAME_MUSIC_STINGS', '0.0'),
	('AS2D_GREAT_MUSICIAN_M__560', 'SND_GREAT_MUSICIAN_M__560', 'GAME_MUSIC_STINGS', '0.0'),
	('AS2D_GREAT_MUSICIAN_M__570', 'SND_GREAT_MUSICIAN_M__570', 'GAME_MUSIC_STINGS', '0.0'),
	('AS2D_GREAT_MUSICIAN_M__580', 'SND_GREAT_MUSICIAN_M__580', 'GAME_MUSIC_STINGS', '0.0'),
	('AS2D_GREAT_MUSICIAN_M__590', 'SND_GREAT_MUSICIAN_M__590', 'GAME_MUSIC_STINGS', '0.0'),
	('AS2D_GREAT_MUSICIAN_M__600', 'SND_GREAT_MUSICIAN_M__600', 'GAME_MUSIC_STINGS', '0.0'),
	('AS2D_GREAT_MUSICIAN_M__610', 'SND_GREAT_MUSICIAN_M__610', 'GAME_MUSIC_STINGS', '0.0'),
	('AS2D_GREAT_MUSICIAN_M__620', 'SND_GREAT_MUSICIAN_M__620', 'GAME_MUSIC_STINGS', '0.0'),
	('AS2D_GREAT_MUSICIAN_M__630', 'SND_GREAT_MUSICIAN_M__630', 'GAME_MUSIC_STINGS', '0.0'),
	('AS2D_GREAT_MUSICIAN_M__640', 'SND_GREAT_MUSICIAN_M__640', 'GAME_MUSIC_STINGS', '0.0'),
	('AS2D_GREAT_MUSICIAN_M__650', 'SND_GREAT_MUSICIAN_M__650', 'GAME_MUSIC_STINGS', '0.0'),
	('AS2D_GREAT_MUSICIAN_M__660', 'SND_GREAT_MUSICIAN_M__660', 'GAME_MUSIC_STINGS', '0.0'),
	('AS2D_GREAT_MUSICIAN_M__670', 'SND_GREAT_MUSICIAN_M__670', 'GAME_MUSIC_STINGS', '0.0'),
	('AS2D_GREAT_MUSICIAN_M__680', 'SND_GREAT_MUSICIAN_M__680', 'GAME_MUSIC_STINGS', '0.0'),
	('AS2D_GREAT_MUSICIAN_M__690', 'SND_GREAT_MUSICIAN_M__690', 'GAME_MUSIC_STINGS', '0.0'),
	('AS2D_GREAT_MUSICIAN_M__700', 'SND_GREAT_MUSICIAN_M__700', 'GAME_MUSIC_STINGS', '0.0'),
	('AS2D_GREAT_MUSICIAN_M__710', 'SND_GREAT_MUSICIAN_M__710', 'GAME_MUSIC_STINGS', '0.0'),
	('AS2D_GREAT_MUSICIAN_M__720', 'SND_GREAT_MUSICIAN_M__720', 'GAME_MUSIC_STINGS', '0.0'),
	('AS2D_GREAT_MUSICIAN_M__730', 'SND_GREAT_MUSICIAN_M__730', 'GAME_MUSIC_STINGS', '0.0'),
	('AS2D_GREAT_MUSICIAN_M__740', 'SND_GREAT_MUSICIAN_M__740', 'GAME_MUSIC_STINGS', '0.0'),
	('AS2D_GREAT_MUSICIAN_M__750', 'SND_GREAT_MUSICIAN_M__750', 'GAME_MUSIC_STINGS', '0.0'),
	('AS2D_GREAT_MUSICIAN_M__760', 'SND_GREAT_MUSICIAN_M__760', 'GAME_MUSIC_STINGS', '0.0'),
	('AS2D_GREAT_MUSICIAN_M__770', 'SND_GREAT_MUSICIAN_M__770', 'GAME_MUSIC_STINGS', '0.0'),
	('AS2D_GREAT_MUSICIAN_M__780', 'SND_GREAT_MUSICIAN_M__780', 'GAME_MUSIC_STINGS', '0.0'),
	('AS2D_GREAT_MUSICIAN_M__790', 'SND_GREAT_MUSICIAN_M__790', 'GAME_MUSIC_STINGS', '0.0'),
	('AS2D_GREAT_MUSICIAN_M__800', 'SND_GREAT_MUSICIAN_M__800', 'GAME_MUSIC_STINGS', '0.0'),
	('AS2D_GREAT_MUSICIAN_M__810', 'SND_GREAT_MUSICIAN_M__810', 'GAME_MUSIC_STINGS', '0.0'),
	('AS2D_GREAT_MUSICIAN_M__820', 'SND_GREAT_MUSICIAN_M__820', 'GAME_MUSIC_STINGS', '0.0'),
	('AS2D_GREAT_MUSICIAN_M__830', 'SND_GREAT_MUSICIAN_M__830', 'GAME_MUSIC_STINGS', '0.0'),
	('AS2D_GREAT_MUSICIAN_M__840', 'SND_GREAT_MUSICIAN_M__840', 'GAME_MUSIC_STINGS', '0.0'),
	('AS2D_GREAT_MUSICIAN_M__850', 'SND_GREAT_MUSICIAN_M__850', 'GAME_MUSIC_STINGS', '0.0'),
	('AS2D_GREAT_MUSICIAN_M__860', 'SND_GREAT_MUSICIAN_M__860', 'GAME_MUSIC_STINGS', '0.0'),
	('AS2D_GREAT_MUSICIAN_M__870', 'SND_GREAT_MUSICIAN_M__870', 'GAME_MUSIC_STINGS', '0.0'),
	('AS2D_GREAT_MUSICIAN_M__880', 'SND_GREAT_MUSICIAN_M__880', 'GAME_MUSIC_STINGS', '0.0'),
	('AS2D_GREAT_MUSICIAN_M__890', 'SND_GREAT_MUSICIAN_M__890', 'GAME_MUSIC_STINGS', '0.0'),
	('AS2D_GREAT_MUSICIAN_M__900', 'SND_GREAT_MUSICIAN_M__900', 'GAME_MUSIC_STINGS', '0.0');

INSERT INTO Unit_UniqueNames
	(UnitType, UniqueName, GreatWorkType, EraType)
VALUES
	('UNIT_MUSICIAN', 'TXT_KEY_GREAT_PERSON_M__010', 'GREAT_WORK_MW_010', 'ERA_CLASSICAL'), -- -050
	('UNIT_MUSICIAN', 'TXT_KEY_GREAT_PERSON_M__020', 'GREAT_WORK_MW_020', 'ERA_MEDIEVAL'), -- 0880
	('UNIT_MUSICIAN', 'TXT_KEY_GREAT_PERSON_M__030', 'GREAT_WORK_MW_030', 'ERA_MEDIEVAL'), -- 1200
	('UNIT_MUSICIAN', 'TXT_KEY_GREAT_PERSON_M__040', 'GREAT_WORK_MW_040', 'ERA_RENAISSANCE'), -- 1691
	('UNIT_MUSICIAN', 'TXT_KEY_GREAT_PERSON_M__050', 'GREAT_WORK_MW_050', 'ERA_RENAISSANCE'), -- 1717
	('UNIT_MUSICIAN', 'TXT_KEY_GREAT_PERSON_M__060', 'GREAT_WORK_MW_060', 'ERA_RENAISSANCE'), -- 1810+
	('UNIT_MUSICIAN', 'TXT_KEY_GREAT_PERSON_M__070', 'GREAT_WORK_MW_070', 'ERA_INDUSTRIAL'), -- 1825.
	('UNIT_MUSICIAN', 'TXT_KEY_GREAT_PERSON_M__080', 'GREAT_WORK_MW_080', 'ERA_INDUSTRIAL'), -- 1826.
	('UNIT_MUSICIAN', 'TXT_KEY_GREAT_PERSON_M__090', 'GREAT_WORK_MW_090', 'ERA_INDUSTRIAL'), -- 1835.
	('UNIT_MUSICIAN', 'TXT_KEY_GREAT_PERSON_M__100', 'GREAT_WORK_MW_100', 'ERA_INDUSTRIAL'), -- 1847.
	('UNIT_MUSICIAN', 'TXT_KEY_GREAT_PERSON_M__110', 'GREAT_WORK_MW_110', 'ERA_INDUSTRIAL'), -- 1852.
	('UNIT_MUSICIAN', 'TXT_KEY_GREAT_PERSON_M__120', 'GREAT_WORK_MW_120', 'ERA_INDUSTRIAL'), -- 1860.
	('UNIT_MUSICIAN', 'TXT_KEY_GREAT_PERSON_M__130', 'GREAT_WORK_MW_130', 'ERA_INDUSTRIAL'), -- 1880
	('UNIT_MUSICIAN', 'TXT_KEY_GREAT_PERSON_M__140', 'GREAT_WORK_MW_140', 'ERA_INDUSTRIAL'), -- 1888.
	('UNIT_MUSICIAN', 'TXT_KEY_GREAT_PERSON_M__150', 'GREAT_WORK_MW_150', 'ERA_MODERN'), -- 1927.
	('UNIT_MUSICIAN', 'TXT_KEY_GREAT_PERSON_M__160', 'GREAT_WORK_MW_160', 'ERA_MODERN'), -- 1930
	('UNIT_MUSICIAN', 'TXT_KEY_GREAT_PERSON_M__170', 'GREAT_WORK_MW_170', 'ERA_MODERN'), -- 1936.
	('UNIT_MUSICIAN', 'TXT_KEY_GREAT_PERSON_M__180', 'GREAT_WORK_MW_180', 'ERA_MODERN'), -- 1936.
	('UNIT_MUSICIAN', 'TXT_KEY_GREAT_PERSON_M__190', 'GREAT_WORK_MW_190', 'ERA_MODERN'), -- 1937.
	('UNIT_MUSICIAN', 'TXT_KEY_GREAT_PERSON_M__200', 'GREAT_WORK_MW_200', 'ERA_MODERN'), -- 1937.
	('UNIT_MUSICIAN', 'TXT_KEY_GREAT_PERSON_M__210', 'GREAT_WORK_MW_210', 'ERA_MODERN'), -- 1939.
	('UNIT_MUSICIAN', 'TXT_KEY_GREAT_PERSON_M__220', 'GREAT_WORK_MW_220', 'ERA_MODERN'), -- 1940+
	('UNIT_MUSICIAN', 'TXT_KEY_GREAT_PERSON_M__230', 'GREAT_WORK_MW_230', 'ERA_MODERN'), -- 1941.
	('UNIT_MUSICIAN', 'TXT_KEY_GREAT_PERSON_M__240', 'GREAT_WORK_MW_240', 'ERA_MODERN'), -- 1943.
	('UNIT_MUSICIAN', 'TXT_KEY_GREAT_PERSON_M__250', 'GREAT_WORK_MW_250', 'ERA_POSTMODERN'), -- 1950+
	('UNIT_MUSICIAN', 'TXT_KEY_GREAT_PERSON_M__260', 'GREAT_WORK_MW_260', 'ERA_POSTMODERN'), -- 1953.
	('UNIT_MUSICIAN', 'TXT_KEY_GREAT_PERSON_M__270', 'GREAT_WORK_MW_270', 'ERA_POSTMODERN'), -- 1958.
	('UNIT_MUSICIAN', 'TXT_KEY_GREAT_PERSON_M__280', 'GREAT_WORK_MW_280', 'ERA_POSTMODERN'), -- 1958.
	('UNIT_MUSICIAN', 'TXT_KEY_GREAT_PERSON_M__290', 'GREAT_WORK_MW_290', 'ERA_POSTMODERN'), -- 1958.
	('UNIT_MUSICIAN', 'TXT_KEY_GREAT_PERSON_M__300', 'GREAT_WORK_MW_300', 'ERA_POSTMODERN'), -- 1960+
	('UNIT_MUSICIAN', 'TXT_KEY_GREAT_PERSON_M__310', 'GREAT_WORK_MW_310', 'ERA_POSTMODERN'), -- 1961.
	('UNIT_MUSICIAN', 'TXT_KEY_GREAT_PERSON_M__320', 'GREAT_WORK_MW_320', 'ERA_POSTMODERN'), -- 1961.
	('UNIT_MUSICIAN', 'TXT_KEY_GREAT_PERSON_M__330', 'GREAT_WORK_MW_330', 'ERA_POSTMODERN'), -- 1962.
	('UNIT_MUSICIAN', 'TXT_KEY_GREAT_PERSON_M__340', 'GREAT_WORK_MW_340', 'ERA_POSTMODERN'), -- 1962.
	('UNIT_MUSICIAN', 'TXT_KEY_GREAT_PERSON_M__350', 'GREAT_WORK_MW_350', 'ERA_POSTMODERN'), -- 1963.
	('UNIT_MUSICIAN', 'TXT_KEY_GREAT_PERSON_M__360', 'GREAT_WORK_MW_360', 'ERA_POSTMODERN'), -- 1965.
	('UNIT_MUSICIAN', 'TXT_KEY_GREAT_PERSON_M__370', 'GREAT_WORK_MW_370', 'ERA_POSTMODERN'), -- 1965.
	('UNIT_MUSICIAN', 'TXT_KEY_GREAT_PERSON_M__380', 'GREAT_WORK_MW_380', 'ERA_POSTMODERN'), -- 1966.
	('UNIT_MUSICIAN', 'TXT_KEY_GREAT_PERSON_M__390', 'GREAT_WORK_MW_390', 'ERA_POSTMODERN'), -- 1966.
	('UNIT_MUSICIAN', 'TXT_KEY_GREAT_PERSON_M__400', 'GREAT_WORK_MW_400', 'ERA_POSTMODERN'), -- 1968.
	('UNIT_MUSICIAN', 'TXT_KEY_GREAT_PERSON_M__410', 'GREAT_WORK_MW_410', 'ERA_POSTMODERN'), -- 1971.
	('UNIT_MUSICIAN', 'TXT_KEY_GREAT_PERSON_M__420', 'GREAT_WORK_MW_420', 'ERA_POSTMODERN'), -- 1971.
	('UNIT_MUSICIAN', 'TXT_KEY_GREAT_PERSON_M__430', 'GREAT_WORK_MW_430', 'ERA_POSTMODERN'), -- 1971.
	('UNIT_MUSICIAN', 'TXT_KEY_GREAT_PERSON_M__440', 'GREAT_WORK_MW_440', 'ERA_POSTMODERN'), -- 1972.
	('UNIT_MUSICIAN', 'TXT_KEY_GREAT_PERSON_M__450', 'GREAT_WORK_MW_450', 'ERA_POSTMODERN'), -- 1972.
	('UNIT_MUSICIAN', 'TXT_KEY_GREAT_PERSON_M__460', 'GREAT_WORK_MW_460', 'ERA_POSTMODERN'), -- 1973.
	('UNIT_MUSICIAN', 'TXT_KEY_GREAT_PERSON_M__470', 'GREAT_WORK_MW_470', 'ERA_POSTMODERN'), -- 1975.
	('UNIT_MUSICIAN', 'TXT_KEY_GREAT_PERSON_M__480', 'GREAT_WORK_MW_480', 'ERA_POSTMODERN'), -- 1975.
	('UNIT_MUSICIAN', 'TXT_KEY_GREAT_PERSON_M__490', 'GREAT_WORK_MW_490', 'ERA_POSTMODERN'), -- 1976.
	('UNIT_MUSICIAN', 'TXT_KEY_GREAT_PERSON_M__500', 'GREAT_WORK_MW_500', 'ERA_POSTMODERN'), -- 1976.
	('UNIT_MUSICIAN', 'TXT_KEY_GREAT_PERSON_M__510', 'GREAT_WORK_MW_510', 'ERA_POSTMODERN'), -- 1977.
	('UNIT_MUSICIAN', 'TXT_KEY_GREAT_PERSON_M__520', 'GREAT_WORK_MW_520', 'ERA_POSTMODERN'), -- 1978.
	('UNIT_MUSICIAN', 'TXT_KEY_GREAT_PERSON_M__530', 'GREAT_WORK_MW_530', 'ERA_POSTMODERN'), -- 1979.
	('UNIT_MUSICIAN', 'TXT_KEY_GREAT_PERSON_M__540', 'GREAT_WORK_MW_540', 'ERA_POSTMODERN'), -- 1980
	('UNIT_MUSICIAN', 'TXT_KEY_GREAT_PERSON_M__550', 'GREAT_WORK_MW_550', 'ERA_POSTMODERN'), -- 1988.
	('UNIT_MUSICIAN', 'TXT_KEY_GREAT_PERSON_M__560', 'GREAT_WORK_MW_560', 'ERA_POSTMODERN'), -- 1988.
	('UNIT_MUSICIAN', 'TXT_KEY_GREAT_PERSON_M__570', 'GREAT_WORK_MW_570', 'ERA_FUTURE'), -- 1990+
	('UNIT_MUSICIAN', 'TXT_KEY_GREAT_PERSON_M__580', 'GREAT_WORK_MW_580', 'ERA_FUTURE'), -- 1991.
	('UNIT_MUSICIAN', 'TXT_KEY_GREAT_PERSON_M__590', 'GREAT_WORK_MW_590', 'ERA_FUTURE'), -- 1992
	('UNIT_MUSICIAN', 'TXT_KEY_GREAT_PERSON_M__600', 'GREAT_WORK_MW_600', 'ERA_FUTURE'), -- 1993.
	('UNIT_MUSICIAN', 'TXT_KEY_GREAT_PERSON_M__610', 'GREAT_WORK_MW_610', 'ERA_FUTURE'), -- 1993.
	('UNIT_MUSICIAN', 'TXT_KEY_GREAT_PERSON_M__620', 'GREAT_WORK_MW_620', 'ERA_FUTURE'), -- 1993.
	('UNIT_MUSICIAN', 'TXT_KEY_GREAT_PERSON_M__630', 'GREAT_WORK_MW_630', 'ERA_FUTURE'), -- 1995.
	('UNIT_MUSICIAN', 'TXT_KEY_GREAT_PERSON_M__640', 'GREAT_WORK_MW_640', 'ERA_FUTURE'), -- 1995.
	('UNIT_MUSICIAN', 'TXT_KEY_GREAT_PERSON_M__650', 'GREAT_WORK_MW_650', 'ERA_FUTURE'), -- 1997
	('UNIT_MUSICIAN', 'TXT_KEY_GREAT_PERSON_M__660', 'GREAT_WORK_MW_660', 'ERA_FUTURE'), -- 1997.
	('UNIT_MUSICIAN', 'TXT_KEY_GREAT_PERSON_M__670', 'GREAT_WORK_MW_670', 'ERA_FUTURE'), -- 1998.
	('UNIT_MUSICIAN', 'TXT_KEY_GREAT_PERSON_M__680', 'GREAT_WORK_MW_680', 'ERA_FUTURE'), -- 2000.
	('UNIT_MUSICIAN', 'TXT_KEY_GREAT_PERSON_M__690', 'GREAT_WORK_MW_690', 'ERA_FUTURE'), -- 2000+
	('UNIT_MUSICIAN', 'TXT_KEY_GREAT_PERSON_M__700', 'GREAT_WORK_MW_700', 'ERA_FUTURE'), -- 2001.
	('UNIT_MUSICIAN', 'TXT_KEY_GREAT_PERSON_M__710', 'GREAT_WORK_MW_710', 'ERA_FUTURE'), -- 2002.
	('UNIT_MUSICIAN', 'TXT_KEY_GREAT_PERSON_M__720', 'GREAT_WORK_MW_720', 'ERA_FUTURE'), -- 2005.
	('UNIT_MUSICIAN', 'TXT_KEY_GREAT_PERSON_M__730', 'GREAT_WORK_MW_730', 'ERA_FUTURE'), -- 2009.
	('UNIT_MUSICIAN', 'TXT_KEY_GREAT_PERSON_M__740', 'GREAT_WORK_MW_740', 'ERA_FUTURE'), -- 2012
	('UNIT_MUSICIAN', 'TXT_KEY_GREAT_PERSON_M__750', 'GREAT_WORK_MW_750', 'ERA_FUTURE'), -- 2012.
	('UNIT_MUSICIAN', 'TXT_KEY_GREAT_PERSON_M__760', 'GREAT_WORK_MW_760', 'ERA_FUTURE'), -- 2012.
	('UNIT_MUSICIAN', 'TXT_KEY_GREAT_PERSON_M__770', 'GREAT_WORK_MW_770', 'ERA_FUTURE'), -- 2014.
	('UNIT_MUSICIAN', 'TXT_KEY_GREAT_PERSON_M__780', 'GREAT_WORK_MW_780', 'ERA_FUTURE'), -- 2016.
	('UNIT_MUSICIAN', 'TXT_KEY_GREAT_PERSON_M__790', 'GREAT_WORK_MW_790', 'ERA_FUTURE'), -- 2016.
	('UNIT_MUSICIAN', 'TXT_KEY_GREAT_PERSON_M__800', 'GREAT_WORK_MW_800', 'ERA_FUTURE'), -- 2016.
	('UNIT_MUSICIAN', 'TXT_KEY_GREAT_PERSON_M__810', 'GREAT_WORK_MW_810', 'ERA_FUTURE'), -- 2017.
	('UNIT_MUSICIAN', 'TXT_KEY_GREAT_PERSON_M__820', 'GREAT_WORK_MW_820', 'ERA_FUTURE'), -- 2017.
	('UNIT_MUSICIAN', 'TXT_KEY_GREAT_PERSON_M__830', 'GREAT_WORK_MW_830', 'ERA_FUTURE'), -- 2018.
	('UNIT_MUSICIAN', 'TXT_KEY_GREAT_PERSON_M__840', 'GREAT_WORK_MW_840', 'ERA_FUTURE'), -- 2018.
	('UNIT_MUSICIAN', 'TXT_KEY_GREAT_PERSON_M__850', 'GREAT_WORK_MW_850', 'ERA_FUTURE'), -- 2018.
	('UNIT_MUSICIAN', 'TXT_KEY_GREAT_PERSON_M__860', 'GREAT_WORK_MW_860', 'ERA_FUTURE'), -- 2019.
	('UNIT_MUSICIAN', 'TXT_KEY_GREAT_PERSON_M__870', 'GREAT_WORK_MW_870', 'ERA_FUTURE'), -- 2019.
	('UNIT_MUSICIAN', 'TXT_KEY_GREAT_PERSON_M__880', 'GREAT_WORK_MW_880', 'ERA_FUTURE'), -- 2020.
	('UNIT_MUSICIAN', 'TXT_KEY_GREAT_PERSON_M__890', 'GREAT_WORK_MW_890', 'ERA_FUTURE'), -- 2020.
	('UNIT_MUSICIAN', 'TXT_KEY_GREAT_PERSON_M__900', 'GREAT_WORK_MW_900', 'ERA_FUTURE'); -- 2020.

INSERT INTO GreatWorks
	(Type, GreatWorkClassType, Description, Audio, Image)
VALUES
	('GREAT_WORK_MW_010', 'GREAT_WORK_MUSIC', 'TXT_KEY_GREAT_WORK_MW_010', 'AS2D_GREAT_MUSICIAN_M__010', 'BG_grc_01.dds'),
	('GREAT_WORK_MW_020', 'GREAT_WORK_MUSIC', 'TXT_KEY_GREAT_WORK_MW_020', 'AS2D_GREAT_MUSICIAN_M__020', 'BG_cls_07.dds'),
	('GREAT_WORK_MW_030', 'GREAT_WORK_MUSIC', 'TXT_KEY_GREAT_WORK_MW_030', 'AS2D_GREAT_MUSICIAN_M__030', 'BG_med_01.dds'),
	('GREAT_WORK_MW_040', 'GREAT_WORK_MUSIC', 'TXT_KEY_GREAT_WORK_MW_040', 'AS2D_GREAT_MUSICIAN_M__040', 'BG_opr_02.dds'),
	('GREAT_WORK_MW_050', 'GREAT_WORK_MUSIC', 'TXT_KEY_GREAT_WORK_MW_050', 'AS2D_GREAT_MUSICIAN_M__050', 'BG_scd_08.dds'),
	('GREAT_WORK_MW_060', 'GREAT_WORK_MUSIC', 'TXT_KEY_GREAT_WORK_MW_060', 'AS2D_GREAT_MUSICIAN_M__060', 'BG_ori_09.dds'),
	('GREAT_WORK_MW_070', 'GREAT_WORK_MUSIC', 'TXT_KEY_GREAT_WORK_MW_070', 'AS2D_GREAT_MUSICIAN_M__070', 'BG_mic_03.dds'),
	('GREAT_WORK_MW_080', 'GREAT_WORK_MUSIC', 'TXT_KEY_GREAT_WORK_MW_080', 'AS2D_GREAT_MUSICIAN_M__080', 'GreatMusician_Background.dds'),
	('GREAT_WORK_MW_090', 'GREAT_WORK_MUSIC', 'TXT_KEY_GREAT_WORK_MW_090', 'AS2D_GREAT_MUSICIAN_M__090', 'BG_opr_01.dds'),
	('GREAT_WORK_MW_100', 'GREAT_WORK_MUSIC', 'TXT_KEY_GREAT_WORK_MW_100', 'AS2D_GREAT_MUSICIAN_M__100', 'BG_opr_01.dds'),
	('GREAT_WORK_MW_110', 'GREAT_WORK_MUSIC', 'TXT_KEY_GREAT_WORK_MW_110', 'AS2D_GREAT_MUSICIAN_M__110', 'BG_cls_07.dds'),
	('GREAT_WORK_MW_120', 'GREAT_WORK_MUSIC', 'TXT_KEY_GREAT_WORK_MW_120', 'AS2D_GREAT_MUSICIAN_M__120', 'BG_mic_03.dds'),
	('GREAT_WORK_MW_130', 'GREAT_WORK_MUSIC', 'TXT_KEY_GREAT_WORK_MW_130', 'AS2D_GREAT_MUSICIAN_M__130', 'BG_gtr_01.dds'),
	('GREAT_WORK_MW_140', 'GREAT_WORK_MUSIC', 'TXT_KEY_GREAT_WORK_MW_140', 'AS2D_GREAT_MUSICIAN_M__140', 'BG_opr_02.dds'),
	('GREAT_WORK_MW_150', 'GREAT_WORK_MUSIC', 'TXT_KEY_GREAT_WORK_MW_150', 'AS2D_GREAT_MUSICIAN_M__150', 'BG_mic_03.dds'),
	('GREAT_WORK_MW_160', 'GREAT_WORK_MUSIC', 'TXT_KEY_GREAT_WORK_MW_160', 'AS2D_GREAT_MUSICIAN_M__160', 'BG_ori_07.dds'),
	('GREAT_WORK_MW_170', 'GREAT_WORK_MUSIC', 'TXT_KEY_GREAT_WORK_MW_170', 'AS2D_GREAT_MUSICIAN_M__170', 'BG_opr_02.dds'),
	('GREAT_WORK_MW_180', 'GREAT_WORK_MUSIC', 'TXT_KEY_GREAT_WORK_MW_180', 'AS2D_GREAT_MUSICIAN_M__180', 'BG_cls_03.dds'),
	('GREAT_WORK_MW_190', 'GREAT_WORK_MUSIC', 'TXT_KEY_GREAT_WORK_MW_190', 'AS2D_GREAT_MUSICIAN_M__190', 'BG_cls_03.dds'),
	('GREAT_WORK_MW_200', 'GREAT_WORK_MUSIC', 'TXT_KEY_GREAT_WORK_MW_200', 'AS2D_GREAT_MUSICIAN_M__200', 'BG_gtr_01.dds'),
	('GREAT_WORK_MW_210', 'GREAT_WORK_MUSIC', 'TXT_KEY_GREAT_WORK_MW_210', 'AS2D_GREAT_MUSICIAN_M__210', 'BG_jaz_01.dds'),
	('GREAT_WORK_MW_220', 'GREAT_WORK_MUSIC', 'TXT_KEY_GREAT_WORK_MW_220', 'AS2D_GREAT_MUSICIAN_M__220', 'BG_ori_03.dds'),
	('GREAT_WORK_MW_230', 'GREAT_WORK_MUSIC', 'TXT_KEY_GREAT_WORK_MW_230', 'AS2D_GREAT_MUSICIAN_M__230', 'BG_jaz_02.dds'),
	('GREAT_WORK_MW_240', 'GREAT_WORK_MUSIC', 'TXT_KEY_GREAT_WORK_MW_240', 'AS2D_GREAT_MUSICIAN_M__240', 'BG_cls_03.dds'),
	('GREAT_WORK_MW_250', 'GREAT_WORK_MUSIC', 'TXT_KEY_GREAT_WORK_MW_250', 'AS2D_GREAT_MUSICIAN_M__250', 'BG_lat_01.dds'),
	('GREAT_WORK_MW_260', 'GREAT_WORK_MUSIC', 'TXT_KEY_GREAT_WORK_MW_260', 'AS2D_GREAT_MUSICIAN_M__260', 'BG_jaz_01.dds'),
	('GREAT_WORK_MW_270', 'GREAT_WORK_MUSIC', 'TXT_KEY_GREAT_WORK_MW_270', 'AS2D_GREAT_MUSICIAN_M__270', 'BG_jaz_02.dds'),
	('GREAT_WORK_MW_280', 'GREAT_WORK_MUSIC', 'TXT_KEY_GREAT_WORK_MW_280', 'AS2D_GREAT_MUSICIAN_M__280', 'BG_jaz_01.dds'),
	('GREAT_WORK_MW_290', 'GREAT_WORK_MUSIC', 'TXT_KEY_GREAT_WORK_MW_290', 'AS2D_GREAT_MUSICIAN_M__290', 'BG_mic_05.dds'),
	('GREAT_WORK_MW_300', 'GREAT_WORK_MUSIC', 'TXT_KEY_GREAT_WORK_MW_300', 'AS2D_GREAT_MUSICIAN_M__300', 'BG_acd_01.dds'),
	('GREAT_WORK_MW_310', 'GREAT_WORK_MUSIC', 'TXT_KEY_GREAT_WORK_MW_310', 'AS2D_GREAT_MUSICIAN_M__310', 'BG_mic_04.dds'),
	('GREAT_WORK_MW_320', 'GREAT_WORK_MUSIC', 'TXT_KEY_GREAT_WORK_MW_320', 'AS2D_GREAT_MUSICIAN_M__320', 'BG_ind_01.dds'),
	('GREAT_WORK_MW_330', 'GREAT_WORK_MUSIC', 'TXT_KEY_GREAT_WORK_MW_330', 'AS2D_GREAT_MUSICIAN_M__330', 'BG_lat_02.dds'),
	('GREAT_WORK_MW_340', 'GREAT_WORK_MUSIC', 'TXT_KEY_GREAT_WORK_MW_340', 'AS2D_GREAT_MUSICIAN_M__340', 'BG_lat_02.dds'),
	('GREAT_WORK_MW_350', 'GREAT_WORK_MUSIC', 'TXT_KEY_GREAT_WORK_MW_350', 'AS2D_GREAT_MUSICIAN_M__350', 'BG_mic_05.dds'),
	('GREAT_WORK_MW_360', 'GREAT_WORK_MUSIC', 'TXT_KEY_GREAT_WORK_MW_360', 'AS2D_GREAT_MUSICIAN_M__360', 'BG_scn_07.dds'),
	('GREAT_WORK_MW_370', 'GREAT_WORK_MUSIC', 'TXT_KEY_GREAT_WORK_MW_370', 'AS2D_GREAT_MUSICIAN_M__370', 'BG_rcp_08.dds'),
	('GREAT_WORK_MW_380', 'GREAT_WORK_MUSIC', 'TXT_KEY_GREAT_WORK_MW_380', 'AS2D_GREAT_MUSICIAN_M__380', 'BG_rcp_08.dds'),
	('GREAT_WORK_MW_390', 'GREAT_WORK_MUSIC', 'TXT_KEY_GREAT_WORK_MW_390', 'AS2D_GREAT_MUSICIAN_M__390', 'BG_ind_02.dds'),
	('GREAT_WORK_MW_400', 'GREAT_WORK_MUSIC', 'TXT_KEY_GREAT_WORK_MW_400', 'AS2D_GREAT_MUSICIAN_M__400', 'BG_scn_07.dds'),
	('GREAT_WORK_MW_410', 'GREAT_WORK_MUSIC', 'TXT_KEY_GREAT_WORK_MW_410', 'AS2D_GREAT_MUSICIAN_M__410', 'BG_scn_07.dds'),
	('GREAT_WORK_MW_420', 'GREAT_WORK_MUSIC', 'TXT_KEY_GREAT_WORK_MW_420', 'AS2D_GREAT_MUSICIAN_M__420', 'BG_scn_07.dds'),
	('GREAT_WORK_MW_430', 'GREAT_WORK_MUSIC', 'TXT_KEY_GREAT_WORK_MW_430', 'AS2D_GREAT_MUSICIAN_M__430', 'BG_rcp_08.dds'),
	('GREAT_WORK_MW_440', 'GREAT_WORK_MUSIC', 'TXT_KEY_GREAT_WORK_MW_440', 'AS2D_GREAT_MUSICIAN_M__440', 'BG_scn_08.dds'),
	('GREAT_WORK_MW_450', 'GREAT_WORK_MUSIC', 'TXT_KEY_GREAT_WORK_MW_450', 'AS2D_GREAT_MUSICIAN_M__450', 'BG_scn_08.dds'),
	('GREAT_WORK_MW_460', 'GREAT_WORK_MUSIC', 'TXT_KEY_GREAT_WORK_MW_460', 'AS2D_GREAT_MUSICIAN_M__460', 'BG_mic_05.dds'),
	('GREAT_WORK_MW_470', 'GREAT_WORK_MUSIC', 'TXT_KEY_GREAT_WORK_MW_470', 'AS2D_GREAT_MUSICIAN_M__470', 'BG_scn_03.dds'),
	('GREAT_WORK_MW_480', 'GREAT_WORK_MUSIC', 'TXT_KEY_GREAT_WORK_MW_480', 'AS2D_GREAT_MUSICIAN_M__480', 'BG_scn_07.dds'),
	('GREAT_WORK_MW_490', 'GREAT_WORK_MUSIC', 'TXT_KEY_GREAT_WORK_MW_490', 'AS2D_GREAT_MUSICIAN_M__490', 'BG_scn_07.dds'),
	('GREAT_WORK_MW_500', 'GREAT_WORK_MUSIC', 'TXT_KEY_GREAT_WORK_MW_500', 'AS2D_GREAT_MUSICIAN_M__500', 'BG_spl_01.dds'),
	('GREAT_WORK_MW_510', 'GREAT_WORK_MUSIC', 'TXT_KEY_GREAT_WORK_MW_510', 'AS2D_GREAT_MUSICIAN_M__510', 'BG_rcp_08.dds'),
	('GREAT_WORK_MW_520', 'GREAT_WORK_MUSIC', 'TXT_KEY_GREAT_WORK_MW_520', 'AS2D_GREAT_MUSICIAN_M__520', 'BG_cls_01.dds'),
	('GREAT_WORK_MW_530', 'GREAT_WORK_MUSIC', 'TXT_KEY_GREAT_WORK_MW_530', 'AS2D_GREAT_MUSICIAN_M__530', 'BG_scn_09.dds'),
	('GREAT_WORK_MW_540', 'GREAT_WORK_MUSIC', 'TXT_KEY_GREAT_WORK_MW_540', 'AS2D_GREAT_MUSICIAN_M__540', 'BG_scn_08.dds'),
	('GREAT_WORK_MW_550', 'GREAT_WORK_MUSIC', 'TXT_KEY_GREAT_WORK_MW_550', 'AS2D_GREAT_MUSICIAN_M__550', 'BG_scn_03.dds'),
	('GREAT_WORK_MW_560', 'GREAT_WORK_MUSIC', 'TXT_KEY_GREAT_WORK_MW_560', 'AS2D_GREAT_MUSICIAN_M__560', 'BG_scn_07.dds'),
	('GREAT_WORK_MW_570', 'GREAT_WORK_MUSIC', 'TXT_KEY_GREAT_WORK_MW_570', 'AS2D_GREAT_MUSICIAN_M__570', 'BG_cls_05.dds'),
	('GREAT_WORK_MW_580', 'GREAT_WORK_MUSIC', 'TXT_KEY_GREAT_WORK_MW_580', 'AS2D_GREAT_MUSICIAN_M__580', 'BG_scn_07.dds'),
	('GREAT_WORK_MW_590', 'GREAT_WORK_MUSIC', 'TXT_KEY_GREAT_WORK_MW_590', 'AS2D_GREAT_MUSICIAN_M__590', 'BG_fms_01.dds'),
	('GREAT_WORK_MW_600', 'GREAT_WORK_MUSIC', 'TXT_KEY_GREAT_WORK_MW_600', 'AS2D_GREAT_MUSICIAN_M__600', 'BG_fms_01.dds'),
	('GREAT_WORK_MW_610', 'GREAT_WORK_MUSIC', 'TXT_KEY_GREAT_WORK_MW_610', 'AS2D_GREAT_MUSICIAN_M__610', 'BG_scn_01.dds'),
	('GREAT_WORK_MW_620', 'GREAT_WORK_MUSIC', 'TXT_KEY_GREAT_WORK_MW_620', 'AS2D_GREAT_MUSICIAN_M__620', 'BG_rap_01.dds'),
	('GREAT_WORK_MW_630', 'GREAT_WORK_MUSIC', 'TXT_KEY_GREAT_WORK_MW_630', 'AS2D_GREAT_MUSICIAN_M__630', 'BG_cls_03.dds'),
	('GREAT_WORK_MW_640', 'GREAT_WORK_MUSIC', 'TXT_KEY_GREAT_WORK_MW_640', 'AS2D_GREAT_MUSICIAN_M__640', 'BG_spl_01.dds'),
	('GREAT_WORK_MW_650', 'GREAT_WORK_MUSIC', 'TXT_KEY_GREAT_WORK_MW_650', 'AS2D_GREAT_MUSICIAN_M__650', 'BG_jaz_01.dds'),
	('GREAT_WORK_MW_660', 'GREAT_WORK_MUSIC', 'TXT_KEY_GREAT_WORK_MW_660', 'AS2D_GREAT_MUSICIAN_M__660', 'BG_cls_03.dds'),
	('GREAT_WORK_MW_670', 'GREAT_WORK_MUSIC', 'TXT_KEY_GREAT_WORK_MW_670', 'AS2D_GREAT_MUSICIAN_M__670', 'BG_scn_03.dds'),
	('GREAT_WORK_MW_680', 'GREAT_WORK_MUSIC', 'TXT_KEY_GREAT_WORK_MW_680', 'AS2D_GREAT_MUSICIAN_M__680', 'BG_cls_04.dds'),
	('GREAT_WORK_MW_690', 'GREAT_WORK_MUSIC', 'TXT_KEY_GREAT_WORK_MW_690', 'AS2D_GREAT_MUSICIAN_M__690', 'BG_ind_01.dds'),
	('GREAT_WORK_MW_700', 'GREAT_WORK_MUSIC', 'TXT_KEY_GREAT_WORK_MW_700', 'AS2D_GREAT_MUSICIAN_M__700', 'BG_cls_10.dds'),
	('GREAT_WORK_MW_710', 'GREAT_WORK_MUSIC', 'TXT_KEY_GREAT_WORK_MW_710', 'AS2D_GREAT_MUSICIAN_M__710', 'BG_cls_04.dds'),
	('GREAT_WORK_MW_720', 'GREAT_WORK_MUSIC', 'TXT_KEY_GREAT_WORK_MW_720', 'AS2D_GREAT_MUSICIAN_M__720', 'BG_cls_03.dds'),
	('GREAT_WORK_MW_730', 'GREAT_WORK_MUSIC', 'TXT_KEY_GREAT_WORK_MW_730', 'AS2D_GREAT_MUSICIAN_M__730', 'BG_lat_01.dds'),
	('GREAT_WORK_MW_740', 'GREAT_WORK_MUSIC', 'TXT_KEY_GREAT_WORK_MW_740', 'AS2D_GREAT_MUSICIAN_M__740', 'BG_cls_10.dds'),
	('GREAT_WORK_MW_750', 'GREAT_WORK_MUSIC', 'TXT_KEY_GREAT_WORK_MW_750', 'AS2D_GREAT_MUSICIAN_M__750', 'BG_scn_01.dds'),
	('GREAT_WORK_MW_760', 'GREAT_WORK_MUSIC', 'TXT_KEY_GREAT_WORK_MW_760', 'AS2D_GREAT_MUSICIAN_M__760', 'BG_scn_03.dds'),
	('GREAT_WORK_MW_770', 'GREAT_WORK_MUSIC', 'TXT_KEY_GREAT_WORK_MW_770', 'AS2D_GREAT_MUSICIAN_M__770', 'BG_cls_01.dds'),
	('GREAT_WORK_MW_780', 'GREAT_WORK_MUSIC', 'TXT_KEY_GREAT_WORK_MW_780', 'AS2D_GREAT_MUSICIAN_M__780', 'BG_ftv_01.dds'),
	('GREAT_WORK_MW_790', 'GREAT_WORK_MUSIC', 'TXT_KEY_GREAT_WORK_MW_790', 'AS2D_GREAT_MUSICIAN_M__790', 'BG_cls_10.dds'),
	('GREAT_WORK_MW_800', 'GREAT_WORK_MUSIC', 'TXT_KEY_GREAT_WORK_MW_800', 'AS2D_GREAT_MUSICIAN_M__800', 'BG_scn_07.dds'),
	('GREAT_WORK_MW_810', 'GREAT_WORK_MUSIC', 'TXT_KEY_GREAT_WORK_MW_810', 'AS2D_GREAT_MUSICIAN_M__810', 'BG_ftv_01.dds'),
	('GREAT_WORK_MW_820', 'GREAT_WORK_MUSIC', 'TXT_KEY_GREAT_WORK_MW_820', 'AS2D_GREAT_MUSICIAN_M__820', 'BG_scn_01.dds'),
	('GREAT_WORK_MW_830', 'GREAT_WORK_MUSIC', 'TXT_KEY_GREAT_WORK_MW_830', 'AS2D_GREAT_MUSICIAN_M__830', 'BG_scn_03.dds'),
	('GREAT_WORK_MW_840', 'GREAT_WORK_MUSIC', 'TXT_KEY_GREAT_WORK_MW_840', 'AS2D_GREAT_MUSICIAN_M__840', 'BG_rap_01.dds'),
	('GREAT_WORK_MW_850', 'GREAT_WORK_MUSIC', 'TXT_KEY_GREAT_WORK_MW_850', 'AS2D_GREAT_MUSICIAN_M__850', 'BG_cls_10.dds'),
	('GREAT_WORK_MW_860', 'GREAT_WORK_MUSIC', 'TXT_KEY_GREAT_WORK_MW_860', 'AS2D_GREAT_MUSICIAN_M__860', 'BG_ftv_01.dds'),
	('GREAT_WORK_MW_870', 'GREAT_WORK_MUSIC', 'TXT_KEY_GREAT_WORK_MW_870', 'AS2D_GREAT_MUSICIAN_M__870', 'BG_cls_10.dds'),
	('GREAT_WORK_MW_880', 'GREAT_WORK_MUSIC', 'TXT_KEY_GREAT_WORK_MW_880', 'AS2D_GREAT_MUSICIAN_M__880', 'BG_scn_07.dds'),
	('GREAT_WORK_MW_890', 'GREAT_WORK_MUSIC', 'TXT_KEY_GREAT_WORK_MW_890', 'AS2D_GREAT_MUSICIAN_M__890', 'BG_fms_01.dds'),
	('GREAT_WORK_MW_900', 'GREAT_WORK_MUSIC', 'TXT_KEY_GREAT_WORK_MW_900', 'AS2D_GREAT_MUSICIAN_M__900', 'BG_scn_08.dds');

INSERT INTO Language_en_US
	(Tag, Text)
VALUES
	('TXT_KEY_GREAT_PERSON_M__010', 'Athenaeus'),
	('TXT_KEY_GREAT_PERSON_M__020', 'Notker Balbulus'),
	('TXT_KEY_GREAT_PERSON_M__030', 'Walther von der Vogelweide'),
	('TXT_KEY_GREAT_PERSON_M__040', 'Henry Purcell'),
	('TXT_KEY_GREAT_PERSON_M__050', 'Manuel De Sumaya'),
	('TXT_KEY_GREAT_PERSON_M__060', 'Hammamizade Ismail Dede Efendi'),
	('TXT_KEY_GREAT_PERSON_M__070', 'Robert Herrick'),
	('TXT_KEY_GREAT_PERSON_M__080', 'Felix Mendelssohn'),
	('TXT_KEY_GREAT_PERSON_M__090', 'Gaetano Donizetti'),
	('TXT_KEY_GREAT_PERSON_M__100', 'George Linley'),
	('TXT_KEY_GREAT_PERSON_M__110', 'Stephen Foster'),
	('TXT_KEY_GREAT_PERSON_M__120', 'William Vincent Wallace'),
	('TXT_KEY_GREAT_PERSON_M__130', 'Francisco Tárrega'),
	('TXT_KEY_GREAT_PERSON_M__140', 'Gabriel Fauré'),
	('TXT_KEY_GREAT_PERSON_M__150', 'Josephine Baker'),
	('TXT_KEY_GREAT_PERSON_M__160', 'Mohamed El Qasabgi'),
	('TXT_KEY_GREAT_PERSON_M__170', 'Carl Orff'),
	('TXT_KEY_GREAT_PERSON_M__180', 'Samuel Barber'),
	('TXT_KEY_GREAT_PERSON_M__190', 'Sergei Prokofiev'),
	('TXT_KEY_GREAT_PERSON_M__200', 'Django Reinhardt'),
	('TXT_KEY_GREAT_PERSON_M__210', 'Richard Rodgers'),
	('TXT_KEY_GREAT_PERSON_M__220', 'Mahmoud Zoufonoun'),
	('TXT_KEY_GREAT_PERSON_M__230', 'Edith Piaf'),
	('TXT_KEY_GREAT_PERSON_M__240', 'André Mathieu'),
	('TXT_KEY_GREAT_PERSON_M__250', 'Luis Alberti'),
	('TXT_KEY_GREAT_PERSON_M__260', 'Glenn Miller'),
	('TXT_KEY_GREAT_PERSON_M__270', 'Thelonious Monk'),
	('TXT_KEY_GREAT_PERSON_M__280', 'Ahmad Jamal'),
	('TXT_KEY_GREAT_PERSON_M__290', 'Elvis Presley'),
	('TXT_KEY_GREAT_PERSON_M__300', 'Agim Krajka'),
	('TXT_KEY_GREAT_PERSON_M__310', 'Ben E. King'),
	('TXT_KEY_GREAT_PERSON_M__320', 'Mohammed Rafi'),
	('TXT_KEY_GREAT_PERSON_M__330', 'Ray Barretto'),
	('TXT_KEY_GREAT_PERSON_M__340', 'Antônio Carlos Jobim'),
	('TXT_KEY_GREAT_PERSON_M__350', 'Sam Cooke'),
	('TXT_KEY_GREAT_PERSON_M__360', 'Bob Dylan'),
	('TXT_KEY_GREAT_PERSON_M__370', 'Charles Aznavour'),
	('TXT_KEY_GREAT_PERSON_M__380', 'Brian Wilson (Beach Boys)'),
	('TXT_KEY_GREAT_PERSON_M__390', 'Dr. M. Balamuralikrishna'),
	('TXT_KEY_GREAT_PERSON_M__400', 'Janis Joplin'),
	('TXT_KEY_GREAT_PERSON_M__410', 'David Bowie'),
	('TXT_KEY_GREAT_PERSON_M__420', 'Carole King'),
	('TXT_KEY_GREAT_PERSON_M__430', 'John Lennon (The Beatles)'),
	('TXT_KEY_GREAT_PERSON_M__440', 'Bob Marley'),
	('TXT_KEY_GREAT_PERSON_M__450', 'Stevie Wonder'),
	('TXT_KEY_GREAT_PERSON_M__460', 'James Brown'),
	('TXT_KEY_GREAT_PERSON_M__470', 'Fela Anikulapo Kuti'),
	('TXT_KEY_GREAT_PERSON_M__480', 'Freddie Mercury'),
	('TXT_KEY_GREAT_PERSON_M__490', 'François Luambo Lua Ndjo Makiadi'),
	('TXT_KEY_GREAT_PERSON_M__500', 'Jean-Michel Jarre'),
	('TXT_KEY_GREAT_PERSON_M__510', 'Barry Gibb (Bee Gees)'),
	('TXT_KEY_GREAT_PERSON_M__520', 'Arvo Pärt'),
	('TXT_KEY_GREAT_PERSON_M__530', 'Ricky Lee Jones'),
	('TXT_KEY_GREAT_PERSON_M__540', 'Horace Andy'),
	('TXT_KEY_GREAT_PERSON_M__550', 'Cecil Womack'),
	('TXT_KEY_GREAT_PERSON_M__560', 'Tracy Chapman'),
	('TXT_KEY_GREAT_PERSON_M__570', 'Ernst Reijseger'),
	('TXT_KEY_GREAT_PERSON_M__580', 'Kurt Cobain'),
	('TXT_KEY_GREAT_PERSON_M__590', 'Sinead O''Connor'),
	('TXT_KEY_GREAT_PERSON_M__600', 'Björk Guðmundsdóttir'),
	('TXT_KEY_GREAT_PERSON_M__610', 'Israel Kamakawiwo''ole'),
	('TXT_KEY_GREAT_PERSON_M__620', 'KRS-One'),
	('TXT_KEY_GREAT_PERSON_M__630', 'Karl Jenkins'),
	('TXT_KEY_GREAT_PERSON_M__640', 'Juan Atkins'),
	('TXT_KEY_GREAT_PERSON_M__650', 'Ruben Gonzalez'),
	('TXT_KEY_GREAT_PERSON_M__660', 'Takashi Yoshimatsu'),
	('TXT_KEY_GREAT_PERSON_M__670', 'Lauryn Hill'),
	('TXT_KEY_GREAT_PERSON_M__680', 'Shigeru Umebayashi'),
	('TXT_KEY_GREAT_PERSON_M__690', 'Sawai Hikaru'),
	('TXT_KEY_GREAT_PERSON_M__700', 'Yiruma'),
	('TXT_KEY_GREAT_PERSON_M__710', 'Max Richter'),
	('TXT_KEY_GREAT_PERSON_M__720', 'Christopher Tin'),
	('TXT_KEY_GREAT_PERSON_M__730', 'Roberto Fonseca'),
	('TXT_KEY_GREAT_PERSON_M__740', 'Nils Frahm'),
	('TXT_KEY_GREAT_PERSON_M__750', 'Ballake Sissoko'),
	('TXT_KEY_GREAT_PERSON_M__760', 'Park Jae-Sang (Psy)'),
	('TXT_KEY_GREAT_PERSON_M__770', 'Chad Lawson'),
	('TXT_KEY_GREAT_PERSON_M__780', 'Grace VanderWaal'),
	('TXT_KEY_GREAT_PERSON_M__790', 'Ludovico Einaudi'),
	('TXT_KEY_GREAT_PERSON_M__800', 'Tash Sultana'),
	('TXT_KEY_GREAT_PERSON_M__810', 'Balti'),
	('TXT_KEY_GREAT_PERSON_M__820', 'Luis Fonsi'),
	('TXT_KEY_GREAT_PERSON_M__830', 'Mannat Noor'),
	('TXT_KEY_GREAT_PERSON_M__840', 'MiyaGi'),
	('TXT_KEY_GREAT_PERSON_M__850', 'Chilly Gonzales'),
	('TXT_KEY_GREAT_PERSON_M__860', 'The Weeknd'),
	('TXT_KEY_GREAT_PERSON_M__870', 'Alma Deutscher'),
	('TXT_KEY_GREAT_PERSON_M__880', 'Nubya Garcia'),
	('TXT_KEY_GREAT_PERSON_M__890', 'YEИDRY'),
	('TXT_KEY_GREAT_PERSON_M__900', 'Gabriel Garzon Montano'),
--
	('TXT_KEY_GREAT_WORK_MW_010', 'First Delphic Hymn'),
	('TXT_KEY_GREAT_WORK_MW_020', 'Melodiemodell Mater'),
	('TXT_KEY_GREAT_WORK_MW_030', 'Palästinalied'),
	('TXT_KEY_GREAT_WORK_MW_040', 'King Arthur'),
	('TXT_KEY_GREAT_WORK_MW_050', 'Hieremiae Prophetae Lamentationes'),
	('TXT_KEY_GREAT_WORK_MW_060', 'Ey büt-i nev edâ olmuşum müptelâ'),
	('TXT_KEY_GREAT_WORK_MW_070', 'Cherry Ripe'),
	('TXT_KEY_GREAT_WORK_MW_080', 'A Midsummer Night''s Dream'),
	('TXT_KEY_GREAT_WORK_MW_090', 'Lucia Di Lammermoor'),
	('TXT_KEY_GREAT_WORK_MW_100', 'I''ve Left The Snow Clad Hills'),
	('TXT_KEY_GREAT_WORK_MW_110', 'Gwine To Run All Night'),
	('TXT_KEY_GREAT_WORK_MW_120', 'Lurline'),
	('TXT_KEY_GREAT_WORK_MW_130', 'Capricho árabe'),
	('TXT_KEY_GREAT_WORK_MW_140', 'Requiem'),
	('TXT_KEY_GREAT_WORK_MW_150', 'Blue Skies'),
	('TXT_KEY_GREAT_WORK_MW_160', 'Zikrayati'),
	('TXT_KEY_GREAT_WORK_MW_170', 'Carmina Burana'),
	('TXT_KEY_GREAT_WORK_MW_180', 'Adagio for Strings'),
	('TXT_KEY_GREAT_WORK_MW_190', 'Peter and the Wolf'),
	('TXT_KEY_GREAT_WORK_MW_200', 'My Serenade'),
	('TXT_KEY_GREAT_WORK_MW_210', 'I Didn''t Know What Time It Was'),
	('TXT_KEY_GREAT_WORK_MW_220', 'Rooh Afza'),
	('TXT_KEY_GREAT_WORK_MW_230', 'La Vie En Rose'),
	('TXT_KEY_GREAT_WORK_MW_240', 'Concerto No. 3 ''De Québec'''),
	('TXT_KEY_GREAT_WORK_MW_250', 'Dame El Si'),
	('TXT_KEY_GREAT_WORK_MW_260', 'In The Mood'),
	('TXT_KEY_GREAT_WORK_MW_270', 'Misterioso'),
	('TXT_KEY_GREAT_WORK_MW_280', 'Poinciana'),
	('TXT_KEY_GREAT_WORK_MW_290', 'Heartbreak Hotel'),
	('TXT_KEY_GREAT_WORK_MW_300', 'Fantazi'),
	('TXT_KEY_GREAT_WORK_MW_310', 'Stand by Me'),
	('TXT_KEY_GREAT_WORK_MW_320', 'Teri Pyari Pyari Surat Ko'),
	('TXT_KEY_GREAT_WORK_MW_330', 'Guajira y Tambo'),
	('TXT_KEY_GREAT_WORK_MW_340', 'A Garota de Ipanema'),
	('TXT_KEY_GREAT_WORK_MW_350', 'A Change Is Gonna Come'),
	('TXT_KEY_GREAT_WORK_MW_360', 'Like a Rolling Stone'),
	('TXT_KEY_GREAT_WORK_MW_370', 'La Bohème'),
	('TXT_KEY_GREAT_WORK_MW_380', 'God Only Knows'),
	('TXT_KEY_GREAT_WORK_MW_390', 'Endaro Mahanubhavulu'),
	('TXT_KEY_GREAT_WORK_MW_400', 'Summertime'),
	('TXT_KEY_GREAT_WORK_MW_410', 'Life On Mars'),
	('TXT_KEY_GREAT_WORK_MW_420', 'You''ve Got a Friend'),
	('TXT_KEY_GREAT_WORK_MW_430', 'Jealous Guy'),
	('TXT_KEY_GREAT_WORK_MW_440', 'Kinky Reggae'),
	('TXT_KEY_GREAT_WORK_MW_450', 'Superstition'),
	('TXT_KEY_GREAT_WORK_MW_460', 'The Payback'),
	('TXT_KEY_GREAT_WORK_MW_470', 'Water No Get Enemy'),
	('TXT_KEY_GREAT_WORK_MW_480', 'Bohemian Rhapsody'),
	('TXT_KEY_GREAT_WORK_MW_490', 'Liberte'),
	('TXT_KEY_GREAT_WORK_MW_500', 'Oxygène'),
	('TXT_KEY_GREAT_WORK_MW_510', 'How Deep Is Your Love'),
	('TXT_KEY_GREAT_WORK_MW_520', 'Spiegel im Spiegel'),
	('TXT_KEY_GREAT_WORK_MW_530', 'Chuck Es In Love'),
	('TXT_KEY_GREAT_WORK_MW_540', 'It''s gonna be dread'),
	('TXT_KEY_GREAT_WORK_MW_550', 'Teardrops'),
	('TXT_KEY_GREAT_WORK_MW_560', 'Baby Can I Hold You'),
	('TXT_KEY_GREAT_WORK_MW_570', 'Shadow'),
	('TXT_KEY_GREAT_WORK_MW_580', 'Smells Like Teen Spirit'),
	('TXT_KEY_GREAT_WORK_MW_590', 'Dont''t cry for me Argentina'),
	('TXT_KEY_GREAT_WORK_MW_600', 'Atlantic'),
	('TXT_KEY_GREAT_WORK_MW_610', 'Somewhere over the Rainbow'),
	('TXT_KEY_GREAT_WORK_MW_620', 'Sound of da Police'),
	('TXT_KEY_GREAT_WORK_MW_630', 'Palladio'),
	('TXT_KEY_GREAT_WORK_MW_640', 'M12 Milky Way'),	
	('TXT_KEY_GREAT_WORK_MW_650', 'Almendra'),
	('TXT_KEY_GREAT_WORK_MW_660', 'Piano Concerto ''Memo Flora'''),
	('TXT_KEY_GREAT_WORK_MW_670', 'Lost Ones'),
	('TXT_KEY_GREAT_WORK_MW_680', 'In The Mood For Love'),
	('TXT_KEY_GREAT_WORK_MW_690', 'Esoragoto'),
	('TXT_KEY_GREAT_WORK_MW_700', 'River Flows in You'),
	('TXT_KEY_GREAT_WORK_MW_710', 'November'),
	('TXT_KEY_GREAT_WORK_MW_720', 'Baba Yetu'),
	('TXT_KEY_GREAT_WORK_MW_730', 'Drume Negrita'),
	('TXT_KEY_GREAT_WORK_MW_740', 'me'),
	('TXT_KEY_GREAT_WORK_MW_750', 'Nalesonko'),
	('TXT_KEY_GREAT_WORK_MW_760', 'Gangnam Style'),
	('TXT_KEY_GREAT_WORK_MW_770', 'Nocturne in F minor'),
	('TXT_KEY_GREAT_WORK_MW_780', 'I Don''t Know My Name'),
	('TXT_KEY_GREAT_WORK_MW_790', 'Elegy for the Arctic'),
	('TXT_KEY_GREAT_WORK_MW_800', 'Jungle'),
	('TXT_KEY_GREAT_WORK_MW_810', 'Ya Lili'),
	('TXT_KEY_GREAT_WORK_MW_820', 'Despacito'),
	('TXT_KEY_GREAT_WORK_MW_830', 'Laung Laachi'),
	('TXT_KEY_GREAT_WORK_MW_840', 'Captain'),
	('TXT_KEY_GREAT_WORK_MW_850', 'Nimbus'),
	('TXT_KEY_GREAT_WORK_MW_860', 'Blinding Lights'),
	('TXT_KEY_GREAT_WORK_MW_870', 'I think of you'),
	('TXT_KEY_GREAT_WORK_MW_880', 'Source'),
	('TXT_KEY_GREAT_WORK_MW_890', 'Nena'),
	('TXT_KEY_GREAT_WORK_MW_900', 'Bloom');

-- --------------------------------------------------------------------------------
--
--          G.WRITERS
--
-- --------------------------------------------------------------------------------

INSERT INTO Audio_Sounds
	(SoundID, FileName, LoadType, DontCache)
VALUES
	('SND_GREAT_WRITER_W__010', 'W__010', 'Streamed', 1),
	('SND_GREAT_WRITER_W__020', 'W__020', 'Streamed', 1),
	('SND_GREAT_WRITER_W__030', 'W__030', 'Streamed', 1),
	('SND_GREAT_WRITER_W__040', 'W__040', 'Streamed', 1),
	('SND_GREAT_WRITER_W__050', 'W__050', 'Streamed', 1),
	('SND_GREAT_WRITER_W__060', 'W__060', 'Streamed', 1),
	('SND_GREAT_WRITER_W__070', 'W__070', 'Streamed', 1),
	('SND_GREAT_WRITER_W__080', 'W__080', 'Streamed', 1),
	('SND_GREAT_WRITER_W__090', 'W__090', 'Streamed', 1),
	('SND_GREAT_WRITER_W__100', 'W__100', 'Streamed', 1),
	('SND_GREAT_WRITER_W__110', 'W__110', 'Streamed', 1),
	('SND_GREAT_WRITER_W__120', 'W__120', 'Streamed', 1),
	('SND_GREAT_WRITER_W__130', 'W__130', 'Streamed', 1),
	('SND_GREAT_WRITER_W__140', 'W__140', 'Streamed', 1),
	('SND_GREAT_WRITER_W__150', 'W__150', 'Streamed', 1),
	('SND_GREAT_WRITER_W__160', 'W__160', 'Streamed', 1),
	('SND_GREAT_WRITER_W__170', 'W__170', 'Streamed', 1),
	('SND_GREAT_WRITER_W__180', 'W__180', 'Streamed', 1),
	('SND_GREAT_WRITER_W__190', 'W__190', 'Streamed', 1),
	('SND_GREAT_WRITER_W__200', 'W__200', 'Streamed', 1),
	('SND_GREAT_WRITER_W__210', 'W__210', 'Streamed', 1),
	('SND_GREAT_WRITER_W__220', 'W__220', 'Streamed', 1),
	('SND_GREAT_WRITER_W__230', 'W__230', 'Streamed', 1),
	('SND_GREAT_WRITER_W__240', 'W__240', 'Streamed', 1),
	('SND_GREAT_WRITER_W__250', 'W__250', 'Streamed', 1),
	('SND_GREAT_WRITER_W__260', 'W__260', 'Streamed', 1),
	('SND_GREAT_WRITER_W__270', 'W__270', 'Streamed', 1),
	('SND_GREAT_WRITER_W__280', 'W__280', 'Streamed', 1),
	('SND_GREAT_WRITER_W__290', 'W__290', 'Streamed', 1),
	('SND_GREAT_WRITER_W__300', 'W__300', 'Streamed', 1),
	('SND_GREAT_WRITER_W__310', 'W__310', 'Streamed', 1),
	('SND_GREAT_WRITER_W__320', 'W__320', 'Streamed', 1),
	('SND_GREAT_WRITER_W__330', 'W__330', 'Streamed', 1),
	('SND_GREAT_WRITER_W__340', 'W__340', 'Streamed', 1),
	('SND_GREAT_WRITER_W__350', 'W__350', 'Streamed', 1),
	('SND_GREAT_WRITER_W__360', 'W__360', 'Streamed', 1),
	('SND_GREAT_WRITER_W__370', 'W__370', 'Streamed', 1),
	('SND_GREAT_WRITER_W__380', 'W__380', 'Streamed', 1),
	('SND_GREAT_WRITER_W__390', 'W__390', 'Streamed', 1),
	('SND_GREAT_WRITER_W__400', 'W__400', 'Streamed', 1),
	('SND_GREAT_WRITER_W__410', 'W__410', 'Streamed', 1),
	('SND_GREAT_WRITER_W__420', 'W__420', 'Streamed', 1),
	('SND_GREAT_WRITER_W__430', 'W__430', 'Streamed', 1),
	('SND_GREAT_WRITER_W__440', 'W__440', 'Streamed', 1),
	('SND_GREAT_WRITER_W__450', 'W__450', 'Streamed', 1),
	('SND_GREAT_WRITER_W__460', 'W__460', 'Streamed', 1),
	('SND_GREAT_WRITER_W__470', 'W__470', 'Streamed', 1),
	('SND_GREAT_WRITER_W__480', 'W__480', 'Streamed', 1),
	('SND_GREAT_WRITER_W__490', 'W__490', 'Streamed', 1),
	('SND_GREAT_WRITER_W__500', 'W__500', 'Streamed', 1),
	('SND_GREAT_WRITER_W__510', 'W__510', 'Streamed', 1),
	('SND_GREAT_WRITER_W__520', 'W__520', 'Streamed', 1),
	('SND_GREAT_WRITER_W__530', 'W__530', 'Streamed', 1),
	('SND_GREAT_WRITER_W__540', 'W__540', 'Streamed', 1);

INSERT INTO Audio_2DSounds
	(ScriptID, SoundID, SoundType, TaperSoundtrackVolume)
VALUES
	('AS2D_GREAT_WRITER_W__010', 'SND_GREAT_WRITER_W__010', 'GAME_SPEECH', '0.95'),
	('AS2D_GREAT_WRITER_W__020', 'SND_GREAT_WRITER_W__020', 'GAME_SPEECH', '0.95'),
	('AS2D_GREAT_WRITER_W__030', 'SND_GREAT_WRITER_W__030', 'GAME_SPEECH', '0.95'),
	('AS2D_GREAT_WRITER_W__040', 'SND_GREAT_WRITER_W__040', 'GAME_SPEECH', '0.95'),
	('AS2D_GREAT_WRITER_W__050', 'SND_GREAT_WRITER_W__050', 'GAME_SPEECH', '0.95'),
	('AS2D_GREAT_WRITER_W__060', 'SND_GREAT_WRITER_W__060', 'GAME_SPEECH', '0.95'),
	('AS2D_GREAT_WRITER_W__070', 'SND_GREAT_WRITER_W__070', 'GAME_SPEECH', '0.95'),
	('AS2D_GREAT_WRITER_W__080', 'SND_GREAT_WRITER_W__080', 'GAME_SPEECH', '0.95'),
	('AS2D_GREAT_WRITER_W__090', 'SND_GREAT_WRITER_W__090', 'GAME_SPEECH', '0.95'),
	('AS2D_GREAT_WRITER_W__100', 'SND_GREAT_WRITER_W__100', 'GAME_SPEECH', '0.95'),
	('AS2D_GREAT_WRITER_W__110', 'SND_GREAT_WRITER_W__110', 'GAME_SPEECH', '0.95'),
	('AS2D_GREAT_WRITER_W__120', 'SND_GREAT_WRITER_W__120', 'GAME_SPEECH', '0.95'),
	('AS2D_GREAT_WRITER_W__130', 'SND_GREAT_WRITER_W__130', 'GAME_SPEECH', '0.95'),
	('AS2D_GREAT_WRITER_W__140', 'SND_GREAT_WRITER_W__140', 'GAME_SPEECH', '0.95'),
	('AS2D_GREAT_WRITER_W__150', 'SND_GREAT_WRITER_W__150', 'GAME_SPEECH', '0.95'),
	('AS2D_GREAT_WRITER_W__160', 'SND_GREAT_WRITER_W__160', 'GAME_SPEECH', '0.95'),
	('AS2D_GREAT_WRITER_W__170', 'SND_GREAT_WRITER_W__170', 'GAME_SPEECH', '0.95'),
	('AS2D_GREAT_WRITER_W__180', 'SND_GREAT_WRITER_W__180', 'GAME_SPEECH', '0.95'),
	('AS2D_GREAT_WRITER_W__190', 'SND_GREAT_WRITER_W__190', 'GAME_SPEECH', '0.95'),
	('AS2D_GREAT_WRITER_W__200', 'SND_GREAT_WRITER_W__200', 'GAME_SPEECH', '0.95'),
	('AS2D_GREAT_WRITER_W__210', 'SND_GREAT_WRITER_W__210', 'GAME_SPEECH', '0.95'),
	('AS2D_GREAT_WRITER_W__220', 'SND_GREAT_WRITER_W__220', 'GAME_SPEECH', '0.95'),
	('AS2D_GREAT_WRITER_W__230', 'SND_GREAT_WRITER_W__230', 'GAME_SPEECH', '0.95'),
	('AS2D_GREAT_WRITER_W__240', 'SND_GREAT_WRITER_W__240', 'GAME_SPEECH', '0.95'),
	('AS2D_GREAT_WRITER_W__250', 'SND_GREAT_WRITER_W__250', 'GAME_SPEECH', '0.95'),
	('AS2D_GREAT_WRITER_W__260', 'SND_GREAT_WRITER_W__260', 'GAME_SPEECH', '0.95'),
	('AS2D_GREAT_WRITER_W__270', 'SND_GREAT_WRITER_W__270', 'GAME_SPEECH', '0.95'),
	('AS2D_GREAT_WRITER_W__280', 'SND_GREAT_WRITER_W__280', 'GAME_SPEECH', '0.95'),
	('AS2D_GREAT_WRITER_W__290', 'SND_GREAT_WRITER_W__290', 'GAME_SPEECH', '0.95'),
	('AS2D_GREAT_WRITER_W__300', 'SND_GREAT_WRITER_W__300', 'GAME_SPEECH', '0.95'),
	('AS2D_GREAT_WRITER_W__310', 'SND_GREAT_WRITER_W__310', 'GAME_SPEECH', '0.95'),
	('AS2D_GREAT_WRITER_W__320', 'SND_GREAT_WRITER_W__320', 'GAME_SPEECH', '0.95'),
	('AS2D_GREAT_WRITER_W__330', 'SND_GREAT_WRITER_W__330', 'GAME_SPEECH', '0.95'),
	('AS2D_GREAT_WRITER_W__340', 'SND_GREAT_WRITER_W__340', 'GAME_SPEECH', '0.95'),
	('AS2D_GREAT_WRITER_W__350', 'SND_GREAT_WRITER_W__350', 'GAME_SPEECH', '0.95'),
	('AS2D_GREAT_WRITER_W__360', 'SND_GREAT_WRITER_W__360', 'GAME_SPEECH', '0.95'),
	('AS2D_GREAT_WRITER_W__370', 'SND_GREAT_WRITER_W__370', 'GAME_SPEECH', '0.95'),
	('AS2D_GREAT_WRITER_W__380', 'SND_GREAT_WRITER_W__380', 'GAME_SPEECH', '0.95'),
	('AS2D_GREAT_WRITER_W__390', 'SND_GREAT_WRITER_W__390', 'GAME_SPEECH', '0.95'),
	('AS2D_GREAT_WRITER_W__400', 'SND_GREAT_WRITER_W__400', 'GAME_SPEECH', '0.95'),
	('AS2D_GREAT_WRITER_W__410', 'SND_GREAT_WRITER_W__410', 'GAME_SPEECH', '0.95'),
	('AS2D_GREAT_WRITER_W__420', 'SND_GREAT_WRITER_W__420', 'GAME_SPEECH', '0.95'),
	('AS2D_GREAT_WRITER_W__430', 'SND_GREAT_WRITER_W__430', 'GAME_SPEECH', '0.95'),
	('AS2D_GREAT_WRITER_W__440', 'SND_GREAT_WRITER_W__440', 'GAME_SPEECH', '0.95'),
	('AS2D_GREAT_WRITER_W__450', 'SND_GREAT_WRITER_W__450', 'GAME_SPEECH', '0.95'),
	('AS2D_GREAT_WRITER_W__460', 'SND_GREAT_WRITER_W__460', 'GAME_SPEECH', '0.95'),
	('AS2D_GREAT_WRITER_W__470', 'SND_GREAT_WRITER_W__470', 'GAME_SPEECH', '0.95'),
	('AS2D_GREAT_WRITER_W__480', 'SND_GREAT_WRITER_W__480', 'GAME_SPEECH', '0.95'),
	('AS2D_GREAT_WRITER_W__490', 'SND_GREAT_WRITER_W__490', 'GAME_SPEECH', '0.95'),
	('AS2D_GREAT_WRITER_W__500', 'SND_GREAT_WRITER_W__500', 'GAME_SPEECH', '0.95'),
	('AS2D_GREAT_WRITER_W__510', 'SND_GREAT_WRITER_W__510', 'GAME_SPEECH', '0.95'),
	('AS2D_GREAT_WRITER_W__520', 'SND_GREAT_WRITER_W__520', 'GAME_SPEECH', '0.95'),
	('AS2D_GREAT_WRITER_W__530', 'SND_GREAT_WRITER_W__530', 'GAME_SPEECH', '0.95'),
	('AS2D_GREAT_WRITER_W__540', 'SND_GREAT_WRITER_W__540', 'GAME_SPEECH', '0.95');

INSERT INTO Unit_UniqueNames
	(UnitType, UniqueName, GreatWorkType, EraType)
VALUES
	('UNIT_WRITER', 'TXT_KEY_GREAT_PERSON_W__010', 'GREAT_WORK_WW_010', 'ERA_ANCIENT'),
	('UNIT_WRITER', 'TXT_KEY_GREAT_PERSON_W__020', 'GREAT_WORK_WW_020', 'ERA_CLASSICAL'),
	('UNIT_WRITER', 'TXT_KEY_GREAT_PERSON_W__030', 'GREAT_WORK_WW_030', 'ERA_MEDIEVAL'),
	('UNIT_WRITER', 'TXT_KEY_GREAT_PERSON_W__040', 'GREAT_WORK_WW_040', 'ERA_MEDIEVAL'),
	('UNIT_WRITER', 'TXT_KEY_GREAT_PERSON_W__050', 'GREAT_WORK_WW_050', 'ERA_MEDIEVAL'),
	('UNIT_WRITER', 'TXT_KEY_GREAT_PERSON_W__060', 'GREAT_WORK_WW_060', 'ERA_MEDIEVAL'),
	('UNIT_WRITER', 'TXT_KEY_GREAT_PERSON_W__070', 'GREAT_WORK_WW_070', 'ERA_MEDIEVAL'),
	('UNIT_WRITER', 'TXT_KEY_GREAT_PERSON_W__080', 'GREAT_WORK_WW_080', 'ERA_MEDIEVAL'),
	('UNIT_WRITER', 'TXT_KEY_GREAT_PERSON_W__090', 'GREAT_WORK_WW_090', 'ERA_MEDIEVAL'),
	('UNIT_WRITER', 'TXT_KEY_GREAT_PERSON_W__100', 'GREAT_WORK_WW_100', 'ERA_MEDIEVAL'),
	('UNIT_WRITER', 'TXT_KEY_GREAT_PERSON_W__110', 'GREAT_WORK_WW_110', 'ERA_MEDIEVAL'),
	('UNIT_WRITER', 'TXT_KEY_GREAT_PERSON_W__120', 'GREAT_WORK_WW_120', 'ERA_RENAISSANCE'),
	('UNIT_WRITER', 'TXT_KEY_GREAT_PERSON_W__130', 'GREAT_WORK_WW_130', 'ERA_RENAISSANCE'),
	('UNIT_WRITER', 'TXT_KEY_GREAT_PERSON_W__140', 'GREAT_WORK_WW_140', 'ERA_RENAISSANCE'),
	('UNIT_WRITER', 'TXT_KEY_GREAT_PERSON_W__150', 'GREAT_WORK_WW_150', 'ERA_RENAISSANCE'),
	('UNIT_WRITER', 'TXT_KEY_GREAT_PERSON_W__160', 'GREAT_WORK_WW_160', 'ERA_RENAISSANCE'),
	('UNIT_WRITER', 'TXT_KEY_GREAT_PERSON_W__170', 'GREAT_WORK_WW_170', 'ERA_RENAISSANCE'),
	('UNIT_WRITER', 'TXT_KEY_GREAT_PERSON_W__180', 'GREAT_WORK_WW_180', 'ERA_INDUSTRIAL'),
	('UNIT_WRITER', 'TXT_KEY_GREAT_PERSON_W__190', 'GREAT_WORK_WW_190', 'ERA_INDUSTRIAL'),
	('UNIT_WRITER', 'TXT_KEY_GREAT_PERSON_W__200', 'GREAT_WORK_WW_200', 'ERA_INDUSTRIAL'),
	('UNIT_WRITER', 'TXT_KEY_GREAT_PERSON_W__210', 'GREAT_WORK_WW_210', 'ERA_INDUSTRIAL'),
	('UNIT_WRITER', 'TXT_KEY_GREAT_PERSON_W__220', 'GREAT_WORK_WW_220', 'ERA_INDUSTRIAL'),
	('UNIT_WRITER', 'TXT_KEY_GREAT_PERSON_W__230', 'GREAT_WORK_WW_230', 'ERA_MODERN'),
	('UNIT_WRITER', 'TXT_KEY_GREAT_PERSON_W__240', 'GREAT_WORK_WW_240', 'ERA_MODERN'),
	('UNIT_WRITER', 'TXT_KEY_GREAT_PERSON_W__250', 'GREAT_WORK_WW_250', 'ERA_MODERN'),
	('UNIT_WRITER', 'TXT_KEY_GREAT_PERSON_W__260', 'GREAT_WORK_WW_260', 'ERA_MODERN'),
	('UNIT_WRITER', 'TXT_KEY_GREAT_PERSON_W__270', 'GREAT_WORK_WW_270', 'ERA_MODERN'),
	('UNIT_WRITER', 'TXT_KEY_GREAT_PERSON_W__280', 'GREAT_WORK_WW_280', 'ERA_MODERN'),
	('UNIT_WRITER', 'TXT_KEY_GREAT_PERSON_W__290', 'GREAT_WORK_WW_290', 'ERA_MODERN'),
	('UNIT_WRITER', 'TXT_KEY_GREAT_PERSON_W__300', 'GREAT_WORK_WW_300', 'ERA_MODERN'),
	('UNIT_WRITER', 'TXT_KEY_GREAT_PERSON_W__310', 'GREAT_WORK_WW_310', 'ERA_MODERN'),
	('UNIT_WRITER', 'TXT_KEY_GREAT_PERSON_W__320', 'GREAT_WORK_WW_320', 'ERA_POSTMODERN'),
	('UNIT_WRITER', 'TXT_KEY_GREAT_PERSON_W__330', 'GREAT_WORK_WW_330', 'ERA_POSTMODERN'),
	('UNIT_WRITER', 'TXT_KEY_GREAT_PERSON_W__340', 'GREAT_WORK_WW_340', 'ERA_POSTMODERN'),
	('UNIT_WRITER', 'TXT_KEY_GREAT_PERSON_W__350', 'GREAT_WORK_WW_350', 'ERA_POSTMODERN'),
	('UNIT_WRITER', 'TXT_KEY_GREAT_PERSON_W__360', 'GREAT_WORK_WW_360', 'ERA_POSTMODERN'),
	('UNIT_WRITER', 'TXT_KEY_GREAT_PERSON_W__370', 'GREAT_WORK_WW_370', 'ERA_POSTMODERN'),
	('UNIT_WRITER', 'TXT_KEY_GREAT_PERSON_W__380', 'GREAT_WORK_WW_380', 'ERA_POSTMODERN'),
	('UNIT_WRITER', 'TXT_KEY_GREAT_PERSON_W__390', 'GREAT_WORK_WW_390', 'ERA_POSTMODERN'),
	('UNIT_WRITER', 'TXT_KEY_GREAT_PERSON_W__400', 'GREAT_WORK_WW_400', 'ERA_POSTMODERN'),
	('UNIT_WRITER', 'TXT_KEY_GREAT_PERSON_W__410', 'GREAT_WORK_WW_410', 'ERA_POSTMODERN'),
	('UNIT_WRITER', 'TXT_KEY_GREAT_PERSON_W__420', 'GREAT_WORK_WW_420', 'ERA_POSTMODERN'),
	('UNIT_WRITER', 'TXT_KEY_GREAT_PERSON_W__430', 'GREAT_WORK_WW_430', 'ERA_POSTMODERN'),
	('UNIT_WRITER', 'TXT_KEY_GREAT_PERSON_W__440', 'GREAT_WORK_WW_440', 'ERA_POSTMODERN'),
	('UNIT_WRITER', 'TXT_KEY_GREAT_PERSON_W__450', 'GREAT_WORK_WW_450', 'ERA_FUTURE'),
	('UNIT_WRITER', 'TXT_KEY_GREAT_PERSON_W__460', 'GREAT_WORK_WW_460', 'ERA_FUTURE'),
	('UNIT_WRITER', 'TXT_KEY_GREAT_PERSON_W__470', 'GREAT_WORK_WW_470', 'ERA_FUTURE'),
	('UNIT_WRITER', 'TXT_KEY_GREAT_PERSON_W__480', 'GREAT_WORK_WW_480', 'ERA_FUTURE'),
	('UNIT_WRITER', 'TXT_KEY_GREAT_PERSON_W__490', 'GREAT_WORK_WW_490', 'ERA_FUTURE'),
	('UNIT_WRITER', 'TXT_KEY_GREAT_PERSON_W__500', 'GREAT_WORK_WW_500', 'ERA_FUTURE'),
	('UNIT_WRITER', 'TXT_KEY_GREAT_PERSON_W__510', 'GREAT_WORK_WW_510', 'ERA_FUTURE'),
	('UNIT_WRITER', 'TXT_KEY_GREAT_PERSON_W__520', 'GREAT_WORK_WW_520', 'ERA_FUTURE'),
	('UNIT_WRITER', 'TXT_KEY_GREAT_PERSON_W__530', 'GREAT_WORK_WW_530', 'ERA_FUTURE'),
	('UNIT_WRITER', 'TXT_KEY_GREAT_PERSON_W__540', 'GREAT_WORK_WW_540', 'ERA_FUTURE');

INSERT INTO GreatWorks
	(Type, GreatWorkClassType, Description, Quote, Audio, Image)
VALUES
	('GREAT_WORK_WW_010', 'GREAT_WORK_LITERATURE', 'TXT_KEY_GREAT_WORK_WW_010', 'TXT_KEY_GREAT_WORK_QUOTE_WQ_010', 'AS2D_GREAT_WRITER_W__010', 'GreatWriter_Background.dds'),
	('GREAT_WORK_WW_020', 'GREAT_WORK_LITERATURE', 'TXT_KEY_GREAT_WORK_WW_020', 'TXT_KEY_GREAT_WORK_QUOTE_WQ_020', 'AS2D_GREAT_WRITER_W__020', 'GreatWriter_Background.dds'),
	('GREAT_WORK_WW_030', 'GREAT_WORK_LITERATURE', 'TXT_KEY_GREAT_WORK_WW_030', 'TXT_KEY_GREAT_WORK_QUOTE_WQ_030', 'AS2D_GREAT_WRITER_W__030', 'GreatWriter_Background.dds'),
	('GREAT_WORK_WW_040', 'GREAT_WORK_LITERATURE', 'TXT_KEY_GREAT_WORK_WW_040', 'TXT_KEY_GREAT_WORK_QUOTE_WQ_040', 'AS2D_GREAT_WRITER_W__040', 'GreatWriter_Background.dds'),
	('GREAT_WORK_WW_050', 'GREAT_WORK_LITERATURE', 'TXT_KEY_GREAT_WORK_WW_050', 'TXT_KEY_GREAT_WORK_QUOTE_WQ_050', 'AS2D_GREAT_WRITER_W__050', 'GreatWriter_Background.dds'),
	('GREAT_WORK_WW_060', 'GREAT_WORK_LITERATURE', 'TXT_KEY_GREAT_WORK_WW_060', 'TXT_KEY_GREAT_WORK_QUOTE_WQ_060', 'AS2D_GREAT_WRITER_W__060', 'GreatWriter_Background.dds'),
	('GREAT_WORK_WW_070', 'GREAT_WORK_LITERATURE', 'TXT_KEY_GREAT_WORK_WW_070', 'TXT_KEY_GREAT_WORK_QUOTE_WQ_070', 'AS2D_GREAT_WRITER_W__070', 'GreatWriter_Background.dds'),
	('GREAT_WORK_WW_080', 'GREAT_WORK_LITERATURE', 'TXT_KEY_GREAT_WORK_WW_080', 'TXT_KEY_GREAT_WORK_QUOTE_WQ_080', 'AS2D_GREAT_WRITER_W__080', 'GreatWriter_Background.dds'),
	('GREAT_WORK_WW_090', 'GREAT_WORK_LITERATURE', 'TXT_KEY_GREAT_WORK_WW_090', 'TXT_KEY_GREAT_WORK_QUOTE_WQ_090', 'AS2D_GREAT_WRITER_W__090', 'GreatWriter_Background.dds'),
	('GREAT_WORK_WW_100', 'GREAT_WORK_LITERATURE', 'TXT_KEY_GREAT_WORK_WW_100', 'TXT_KEY_GREAT_WORK_QUOTE_WQ_100', 'AS2D_GREAT_WRITER_W__100', 'GreatWriter_Background.dds'),
	('GREAT_WORK_WW_110', 'GREAT_WORK_LITERATURE', 'TXT_KEY_GREAT_WORK_WW_110', 'TXT_KEY_GREAT_WORK_QUOTE_WQ_110', 'AS2D_GREAT_WRITER_W__110', 'GreatWriter_Background.dds'),
	('GREAT_WORK_WW_120', 'GREAT_WORK_LITERATURE', 'TXT_KEY_GREAT_WORK_WW_120', 'TXT_KEY_GREAT_WORK_QUOTE_WQ_120', 'AS2D_GREAT_WRITER_W__120', 'GreatWriter_Background.dds'),
	('GREAT_WORK_WW_130', 'GREAT_WORK_LITERATURE', 'TXT_KEY_GREAT_WORK_WW_130', 'TXT_KEY_GREAT_WORK_QUOTE_WQ_130', 'AS2D_GREAT_WRITER_W__130', 'GreatWriter_Background.dds'),
	('GREAT_WORK_WW_140', 'GREAT_WORK_LITERATURE', 'TXT_KEY_GREAT_WORK_WW_140', 'TXT_KEY_GREAT_WORK_QUOTE_WQ_140', 'AS2D_GREAT_WRITER_W__140', 'GreatWriter_Background.dds'),
	('GREAT_WORK_WW_150', 'GREAT_WORK_LITERATURE', 'TXT_KEY_GREAT_WORK_WW_150', 'TXT_KEY_GREAT_WORK_QUOTE_WQ_150', 'AS2D_GREAT_WRITER_W__150', 'GreatWriter_Background.dds'),
	('GREAT_WORK_WW_160', 'GREAT_WORK_LITERATURE', 'TXT_KEY_GREAT_WORK_WW_160', 'TXT_KEY_GREAT_WORK_QUOTE_WQ_160', 'AS2D_GREAT_WRITER_W__160', 'GreatWriter_Background.dds'),
	('GREAT_WORK_WW_170', 'GREAT_WORK_LITERATURE', 'TXT_KEY_GREAT_WORK_WW_170', 'TXT_KEY_GREAT_WORK_QUOTE_WQ_170', 'AS2D_GREAT_WRITER_W__170', 'GreatWriter_Background.dds'),
	('GREAT_WORK_WW_180', 'GREAT_WORK_LITERATURE', 'TXT_KEY_GREAT_WORK_WW_180', 'TXT_KEY_GREAT_WORK_QUOTE_WQ_180', 'AS2D_GREAT_WRITER_W__180', 'GreatWriter_Background.dds'),
	('GREAT_WORK_WW_190', 'GREAT_WORK_LITERATURE', 'TXT_KEY_GREAT_WORK_WW_190', 'TXT_KEY_GREAT_WORK_QUOTE_WQ_190', 'AS2D_GREAT_WRITER_W__190', 'GreatWriter_Background.dds'),
	('GREAT_WORK_WW_200', 'GREAT_WORK_LITERATURE', 'TXT_KEY_GREAT_WORK_WW_200', 'TXT_KEY_GREAT_WORK_QUOTE_WQ_200', 'AS2D_GREAT_WRITER_W__200', 'GreatWriter_Background.dds'),
	('GREAT_WORK_WW_210', 'GREAT_WORK_LITERATURE', 'TXT_KEY_GREAT_WORK_WW_210', 'TXT_KEY_GREAT_WORK_QUOTE_WQ_210', 'AS2D_GREAT_WRITER_W__210', 'GreatWriter_Background.dds'),
	('GREAT_WORK_WW_220', 'GREAT_WORK_LITERATURE', 'TXT_KEY_GREAT_WORK_WW_220', 'TXT_KEY_GREAT_WORK_QUOTE_WQ_220', 'AS2D_GREAT_WRITER_W__220', 'GreatWriter_Background.dds'),
	('GREAT_WORK_WW_230', 'GREAT_WORK_LITERATURE', 'TXT_KEY_GREAT_WORK_WW_230', 'TXT_KEY_GREAT_WORK_QUOTE_WQ_230', 'AS2D_GREAT_WRITER_W__230', 'GreatWriter_Background.dds'),
	('GREAT_WORK_WW_240', 'GREAT_WORK_LITERATURE', 'TXT_KEY_GREAT_WORK_WW_240', 'TXT_KEY_GREAT_WORK_QUOTE_WQ_240', 'AS2D_GREAT_WRITER_W__240', 'GreatWriter_Background.dds'),
	('GREAT_WORK_WW_250', 'GREAT_WORK_LITERATURE', 'TXT_KEY_GREAT_WORK_WW_250', 'TXT_KEY_GREAT_WORK_QUOTE_WQ_250', 'AS2D_GREAT_WRITER_W__250', 'GreatWriter_Background.dds'),
	('GREAT_WORK_WW_260', 'GREAT_WORK_LITERATURE', 'TXT_KEY_GREAT_WORK_WW_260', 'TXT_KEY_GREAT_WORK_QUOTE_WQ_260', 'AS2D_GREAT_WRITER_W__260', 'GreatWriter_Background.dds'),
	('GREAT_WORK_WW_270', 'GREAT_WORK_LITERATURE', 'TXT_KEY_GREAT_WORK_WW_270', 'TXT_KEY_GREAT_WORK_QUOTE_WQ_270', 'AS2D_GREAT_WRITER_W__270', 'GreatWriter_Background.dds'),
	('GREAT_WORK_WW_280', 'GREAT_WORK_LITERATURE', 'TXT_KEY_GREAT_WORK_WW_280', 'TXT_KEY_GREAT_WORK_QUOTE_WQ_280', 'AS2D_GREAT_WRITER_W__280', 'GreatWriter_Background.dds'),
	('GREAT_WORK_WW_290', 'GREAT_WORK_LITERATURE', 'TXT_KEY_GREAT_WORK_WW_290', 'TXT_KEY_GREAT_WORK_QUOTE_WQ_290', 'AS2D_GREAT_WRITER_W__290', 'GreatWriter_Background.dds'),
	('GREAT_WORK_WW_300', 'GREAT_WORK_LITERATURE', 'TXT_KEY_GREAT_WORK_WW_300', 'TXT_KEY_GREAT_WORK_QUOTE_WQ_300', 'AS2D_GREAT_WRITER_W__300', 'GreatWriter_Background.dds'),
	('GREAT_WORK_WW_310', 'GREAT_WORK_LITERATURE', 'TXT_KEY_GREAT_WORK_WW_310', 'TXT_KEY_GREAT_WORK_QUOTE_WQ_310', 'AS2D_GREAT_WRITER_W__310', 'GreatWriter_Background.dds'),
	('GREAT_WORK_WW_320', 'GREAT_WORK_LITERATURE', 'TXT_KEY_GREAT_WORK_WW_320', 'TXT_KEY_GREAT_WORK_QUOTE_WQ_320', 'AS2D_GREAT_WRITER_W__320', 'GreatWriter_Background.dds'),
	('GREAT_WORK_WW_330', 'GREAT_WORK_LITERATURE', 'TXT_KEY_GREAT_WORK_WW_330', 'TXT_KEY_GREAT_WORK_QUOTE_WQ_330', 'AS2D_GREAT_WRITER_W__330', 'GreatWriter_Background.dds'),
	('GREAT_WORK_WW_340', 'GREAT_WORK_LITERATURE', 'TXT_KEY_GREAT_WORK_WW_340', 'TXT_KEY_GREAT_WORK_QUOTE_WQ_340', 'AS2D_GREAT_WRITER_W__340', 'GreatWriter_Background.dds'),
	('GREAT_WORK_WW_350', 'GREAT_WORK_LITERATURE', 'TXT_KEY_GREAT_WORK_WW_350', 'TXT_KEY_GREAT_WORK_QUOTE_WQ_350', 'AS2D_GREAT_WRITER_W__350', 'GreatWriter_Background.dds'),
	('GREAT_WORK_WW_360', 'GREAT_WORK_LITERATURE', 'TXT_KEY_GREAT_WORK_WW_360', 'TXT_KEY_GREAT_WORK_QUOTE_WQ_360', 'AS2D_GREAT_WRITER_W__360', 'GreatWriter_Background.dds'),
	('GREAT_WORK_WW_370', 'GREAT_WORK_LITERATURE', 'TXT_KEY_GREAT_WORK_WW_370', 'TXT_KEY_GREAT_WORK_QUOTE_WQ_370', 'AS2D_GREAT_WRITER_W__370', 'GreatWriter_Background.dds'),
	('GREAT_WORK_WW_380', 'GREAT_WORK_LITERATURE', 'TXT_KEY_GREAT_WORK_WW_380', 'TXT_KEY_GREAT_WORK_QUOTE_WQ_380', 'AS2D_GREAT_WRITER_W__380', 'GreatWriter_Background.dds'),
	('GREAT_WORK_WW_390', 'GREAT_WORK_LITERATURE', 'TXT_KEY_GREAT_WORK_WW_390', 'TXT_KEY_GREAT_WORK_QUOTE_WQ_390', 'AS2D_GREAT_WRITER_W__390', 'GreatWriter_Background.dds'),
	('GREAT_WORK_WW_400', 'GREAT_WORK_LITERATURE', 'TXT_KEY_GREAT_WORK_WW_400', 'TXT_KEY_GREAT_WORK_QUOTE_WQ_400', 'AS2D_GREAT_WRITER_W__400', 'GreatWriter_Background.dds'),
	('GREAT_WORK_WW_410', 'GREAT_WORK_LITERATURE', 'TXT_KEY_GREAT_WORK_WW_410', 'TXT_KEY_GREAT_WORK_QUOTE_WQ_410', 'AS2D_GREAT_WRITER_W__410', 'GreatWriter_Background.dds'),
	('GREAT_WORK_WW_420', 'GREAT_WORK_LITERATURE', 'TXT_KEY_GREAT_WORK_WW_420', 'TXT_KEY_GREAT_WORK_QUOTE_WQ_420', 'AS2D_GREAT_WRITER_W__420', 'GreatWriter_Background.dds'),
	('GREAT_WORK_WW_430', 'GREAT_WORK_LITERATURE', 'TXT_KEY_GREAT_WORK_WW_430', 'TXT_KEY_GREAT_WORK_QUOTE_WQ_430', 'AS2D_GREAT_WRITER_W__430', 'GreatWriter_Background.dds'),
	('GREAT_WORK_WW_440', 'GREAT_WORK_LITERATURE', 'TXT_KEY_GREAT_WORK_WW_440', 'TXT_KEY_GREAT_WORK_QUOTE_WQ_440', 'AS2D_GREAT_WRITER_W__440', 'GreatWriter_Background.dds'),
	('GREAT_WORK_WW_450', 'GREAT_WORK_LITERATURE', 'TXT_KEY_GREAT_WORK_WW_450', 'TXT_KEY_GREAT_WORK_QUOTE_WQ_450', 'AS2D_GREAT_WRITER_W__450', 'GreatWriter_Background.dds'),
	('GREAT_WORK_WW_460', 'GREAT_WORK_LITERATURE', 'TXT_KEY_GREAT_WORK_WW_460', 'TXT_KEY_GREAT_WORK_QUOTE_WQ_460', 'AS2D_GREAT_WRITER_W__460', 'GreatWriter_Background.dds'),
	('GREAT_WORK_WW_470', 'GREAT_WORK_LITERATURE', 'TXT_KEY_GREAT_WORK_WW_470', 'TXT_KEY_GREAT_WORK_QUOTE_WQ_470', 'AS2D_GREAT_WRITER_W__470', 'GreatWriter_Background.dds'),
	('GREAT_WORK_WW_480', 'GREAT_WORK_LITERATURE', 'TXT_KEY_GREAT_WORK_WW_480', 'TXT_KEY_GREAT_WORK_QUOTE_WQ_480', 'AS2D_GREAT_WRITER_W__480', 'GreatWriter_Background.dds'),
	('GREAT_WORK_WW_490', 'GREAT_WORK_LITERATURE', 'TXT_KEY_GREAT_WORK_WW_490', 'TXT_KEY_GREAT_WORK_QUOTE_WQ_490', 'AS2D_GREAT_WRITER_W__490', 'GreatWriter_Background.dds'),
	('GREAT_WORK_WW_500', 'GREAT_WORK_LITERATURE', 'TXT_KEY_GREAT_WORK_WW_500', 'TXT_KEY_GREAT_WORK_QUOTE_WQ_500', 'AS2D_GREAT_WRITER_W__500', 'GreatWriter_Background.dds'),
	('GREAT_WORK_WW_510', 'GREAT_WORK_LITERATURE', 'TXT_KEY_GREAT_WORK_WW_510', 'TXT_KEY_GREAT_WORK_QUOTE_WQ_510', 'AS2D_GREAT_WRITER_W__510', 'GreatWriter_Background.dds'),
	('GREAT_WORK_WW_520', 'GREAT_WORK_LITERATURE', 'TXT_KEY_GREAT_WORK_WW_520', 'TXT_KEY_GREAT_WORK_QUOTE_WQ_520', 'AS2D_GREAT_WRITER_W__520', 'GreatWriter_Background.dds'),
	('GREAT_WORK_WW_530', 'GREAT_WORK_LITERATURE', 'TXT_KEY_GREAT_WORK_WW_530', 'TXT_KEY_GREAT_WORK_QUOTE_WQ_530', 'AS2D_GREAT_WRITER_W__530', 'GreatWriter_Background.dds'),
	('GREAT_WORK_WW_540', 'GREAT_WORK_LITERATURE', 'TXT_KEY_GREAT_WORK_WW_540', 'TXT_KEY_GREAT_WORK_QUOTE_WQ_540', 'AS2D_GREAT_WRITER_W__540', 'GreatWriter_Background.dds');

INSERT INTO Language_en_US
	(Tag, Text)
VALUES
	('TXT_KEY_GREAT_PERSON_W__010', 'Sin-Leqi-Unninni'),
	('TXT_KEY_GREAT_PERSON_W__020', 'Sappho'),
	('TXT_KEY_GREAT_PERSON_W__030', 'Nestor the Chronicler'),
	('TXT_KEY_GREAT_PERSON_W__040', 'Al-Khansa'),
	('TXT_KEY_GREAT_PERSON_W__050', 'Snorri Sturluson'),
	('TXT_KEY_GREAT_PERSON_W__060', 'Is''haq Nebura-Id'),
	('TXT_KEY_GREAT_PERSON_W__070', 'Ibn Khaldoun'),
	('TXT_KEY_GREAT_PERSON_W__080', 'Ibn Battuta'),
	('TXT_KEY_GREAT_PERSON_W__090', 'Šigi Qutuqu'),
	('TXT_KEY_GREAT_PERSON_W__100', 'Ono no Komachi'),
	('TXT_KEY_GREAT_PERSON_W__110', 'Margery Kempe'),
	('TXT_KEY_GREAT_PERSON_W__120', 'Miyamoto Musashi'),
	('TXT_KEY_GREAT_PERSON_W__130', 'Hanna Diyab'),
	('TXT_KEY_GREAT_PERSON_W__140', 'Christine de Pizan'),
	('TXT_KEY_GREAT_PERSON_W__150', 'Margaret Cavendish'),
	('TXT_KEY_GREAT_PERSON_W__160', 'Gaspara Stampa'),
	('TXT_KEY_GREAT_PERSON_W__170', 'Wu Cheng''en'),
	('TXT_KEY_GREAT_PERSON_W__180', 'Beatrix Potter'),
	('TXT_KEY_GREAT_PERSON_W__190', 'John Keats'),
	('TXT_KEY_GREAT_PERSON_W__200', 'Hans Christian Andersen'),
	('TXT_KEY_GREAT_PERSON_W__210', 'Khurdishbanu Natavan'),
	('TXT_KEY_GREAT_PERSON_W__220', 'Elias Lönnrot'),
	('TXT_KEY_GREAT_PERSON_W__230', 'Howard Philips Lovecraft'),
	('TXT_KEY_GREAT_PERSON_W__240', 'J.R.R. Tolkien'),
	('TXT_KEY_GREAT_PERSON_W__250', 'Georges Rémi'),
	('TXT_KEY_GREAT_PERSON_W__260', 'Lucy Maud Montgomery'),
	('TXT_KEY_GREAT_PERSON_W__270', 'Pamela Lyndon Travers'),
	('TXT_KEY_GREAT_PERSON_W__280', 'René Goscinny'),
	('TXT_KEY_GREAT_PERSON_W__290', 'Alex Raymond'),
	('TXT_KEY_GREAT_PERSON_W__300', 'Virginia Woolf'),
	('TXT_KEY_GREAT_PERSON_W__310', 'Bud Fisher'),
	('TXT_KEY_GREAT_PERSON_W__320', 'Stanislaw Lem'),
	('TXT_KEY_GREAT_PERSON_W__330', 'Leopold Sedar Senghor'),
	('TXT_KEY_GREAT_PERSON_W__340', 'Vasily Grossman'),
	('TXT_KEY_GREAT_PERSON_W__350', 'James Baldwin'),
	('TXT_KEY_GREAT_PERSON_W__360', 'Witi Ihimaera'),
	('TXT_KEY_GREAT_PERSON_W__370', 'John Irving'),
	('TXT_KEY_GREAT_PERSON_W__380', 'Isaac Asimov'),
	('TXT_KEY_GREAT_PERSON_W__390', 'Marguerite Yourcenar'),
	('TXT_KEY_GREAT_PERSON_W__400', 'Chinua Achebe'),
	('TXT_KEY_GREAT_PERSON_W__410', 'Marguerite Duras'),
	('TXT_KEY_GREAT_PERSON_W__420', 'Sylvia Plath'),
	('TXT_KEY_GREAT_PERSON_W__430', 'Osamu Tezuka'),
	('TXT_KEY_GREAT_PERSON_W__440', 'Toni Morrison'),
	('TXT_KEY_GREAT_PERSON_W__450', 'Andrzej Sapkowski'),
	('TXT_KEY_GREAT_PERSON_W__460', 'J.K. Rowling'),
	('TXT_KEY_GREAT_PERSON_W__470', 'Margaret Atwood'),
	('TXT_KEY_GREAT_PERSON_W__480', 'Isabel Allende'),
	('TXT_KEY_GREAT_PERSON_W__490', 'Arundhati Roy'),
	('TXT_KEY_GREAT_PERSON_W__500', 'Lawrence Hill'),
	('TXT_KEY_GREAT_PERSON_W__510', 'Eden Robinson'),
	('TXT_KEY_GREAT_PERSON_W__520', 'Thomas King'),
	('TXT_KEY_GREAT_PERSON_W__530', 'Paulo Coelho'),
	('TXT_KEY_GREAT_PERSON_W__540', 'François Cheng (Chéng Bàoyi)'),
--
	('TXT_KEY_GREAT_WORK_WW_010', 'Epic of Gilgamesh'),
	('TXT_KEY_GREAT_WORK_WW_020', 'Ode to Aphrodite'),
	('TXT_KEY_GREAT_WORK_WW_030', 'Tale of Bygone Years'),
	('TXT_KEY_GREAT_WORK_WW_040', 'Diwan'),
	('TXT_KEY_GREAT_WORK_WW_050', 'The Prose Edda'),
	('TXT_KEY_GREAT_WORK_WW_060', 'Kebra Nagast (Books of Kings)'),
	('TXT_KEY_GREAT_WORK_WW_070', 'Al-muqaddima (Prolegomena)'),
	('TXT_KEY_GREAT_WORK_WW_080', 'The Rihla (A Gift to Those Who Contemplate the Wonders of Cities and the Marvels of Traveling)'),
	('TXT_KEY_GREAT_WORK_WW_090', 'The Secret History of the Mongols'),
	('TXT_KEY_GREAT_WORK_WW_100', 'Kokin Wakashu (from where her poems are known)'),
	('TXT_KEY_GREAT_WORK_WW_110', 'The Book of Margery Kemp'),
	('TXT_KEY_GREAT_WORK_WW_120', 'Go Rin no Sho (The Book of Five Rings)'),
	('TXT_KEY_GREAT_WORK_WW_130', 'Aladdin''s Wonderful Lamp'),
	('TXT_KEY_GREAT_WORK_WW_140', 'The Book of the City of Ladies'),
	('TXT_KEY_GREAT_WORK_WW_150', 'The Blazing World'),
	('TXT_KEY_GREAT_WORK_WW_160', 'Rime di Madonna (Rhymes of my Lady)'),
	('TXT_KEY_GREAT_WORK_WW_170', 'Xi Yóu Jì (Journey to the West)'),
	('TXT_KEY_GREAT_WORK_WW_180', 'The Tale of Peter Rabbit'),
	('TXT_KEY_GREAT_WORK_WW_190', 'Ode to a Nightingale'),
	('TXT_KEY_GREAT_WORK_WW_200', 'The Snow Queen'),
	('TXT_KEY_GREAT_WORK_WW_210', 'Lilac'),
	('TXT_KEY_GREAT_WORK_WW_220', 'Kalevala'),
	('TXT_KEY_GREAT_WORK_WW_230', 'The Call of Cthulhu'),
	('TXT_KEY_GREAT_WORK_WW_240', 'The Hobbit'),
	('TXT_KEY_GREAT_WORK_WW_250', 'The Adventures of Tintin'),
	('TXT_KEY_GREAT_WORK_WW_260', 'Anne of Green Gables'),
	('TXT_KEY_GREAT_WORK_WW_270', 'Mary Poppins'),
	('TXT_KEY_GREAT_WORK_WW_280', 'Astérix chez les Bretons (Asterix in Britain)'),
	('TXT_KEY_GREAT_WORK_WW_290', 'Flash Gordon'),
	('TXT_KEY_GREAT_WORK_WW_300', 'A Room of One''s Own'),
	('TXT_KEY_GREAT_WORK_WW_310', 'Mutt and Jeff'),
	('TXT_KEY_GREAT_WORK_WW_320', 'Solaris'),
	('TXT_KEY_GREAT_WORK_WW_330', 'Nocturnes'),
	('TXT_KEY_GREAT_WORK_WW_340', 'Life and Fate'),
	('TXT_KEY_GREAT_WORK_WW_350', 'Notes of a Native Son'),
	('TXT_KEY_GREAT_WORK_WW_360', 'Pounamu, Pounamu'),
	('TXT_KEY_GREAT_WORK_WW_370', 'The World According to Garp'),
	('TXT_KEY_GREAT_WORK_WW_380', 'Runaround'),
	('TXT_KEY_GREAT_WORK_WW_390', 'Memoirs of Hadrian'),
	('TXT_KEY_GREAT_WORK_WW_400', 'Things Fall Apart'),
	('TXT_KEY_GREAT_WORK_WW_410', 'The Lover'),
	('TXT_KEY_GREAT_WORK_WW_420', 'Mushrooms'),
	('TXT_KEY_GREAT_WORK_WW_430', 'Astro Boy'),
	('TXT_KEY_GREAT_WORK_WW_440', 'Song of Solomon'),
	('TXT_KEY_GREAT_WORK_WW_450', 'Wiedźmin (The Witcher)'),
	('TXT_KEY_GREAT_WORK_WW_460', 'Harry Potter and the Philosopher''s Stone'),
	('TXT_KEY_GREAT_WORK_WW_470', 'The Handmaid''s Tale'),
	('TXT_KEY_GREAT_WORK_WW_480', 'The House of the Spirits'),
	('TXT_KEY_GREAT_WORK_WW_490', 'The God of Small Things'),
	('TXT_KEY_GREAT_WORK_WW_500', 'The Book of Negroes'),
	('TXT_KEY_GREAT_WORK_WW_510', 'Monkey Beach'),
	('TXT_KEY_GREAT_WORK_WW_520', 'Green Grass, Running Water'),
	('TXT_KEY_GREAT_WORK_WW_530', 'O Alquimista'),
	('TXT_KEY_GREAT_WORK_WW_540', 'La vraie gloire est ici (Genuine glory is here)'),
--
	('TXT_KEY_GREAT_WORK_QUOTE_WQ_010', 'Even the gods took fright at the Deluge,[NEWLINE]they left and went up to the heaven of Anu,[NEWLINE]lying like dogs curled up in the open.[NEWLINE]The goddess cried out like a woman in childbirth,[NEWLINE]Belet-ili wailed, whose voice is so sweet:[NEWLINE]''It is I who give birth, these people are mine![NEWLINE]And now, like fish, they fill the ocean!'''),
	('TXT_KEY_GREAT_WORK_QUOTE_WQ_020', 'Aphrodite, subtle of soul and deathless,[NEWLINE]Daughter of God, weaver of wiles, I pray thee[NEWLINE]Neither with care, dread Mistress, nor with anguish,[NEWLINE]Slay thou my spirit!'),
	('TXT_KEY_GREAT_WORK_QUOTE_WQ_030', 'As long as love reign between you, God will be with you, will make your enemies submit, and you will live in peace. But if you live in hatred, strife and divisions, you will perish; you will lose the lands of your fathers and ancestors, which they acquired with much suffering. So live in peace and understanding, listen to one another.'),
	('TXT_KEY_GREAT_WORK_QUOTE_WQ_040', 'I see her distracted by grief, weeping for her brother.[NEWLINE]The evening of his loss or on the day after.[NEWLINE]They do not bewail the like of my brother,[NEWLINE]But I console myself over him through their sorrow.'),
	('TXT_KEY_GREAT_WORK_QUOTE_WQ_050', 'Of Ymer''s flesh[NEWLINE]The earth was made,[NEWLINE]And of his sweat the seas;[NEWLINE]Rocks of his bones,[NEWLINE]Trees of his hair,[NEWLINE]And the sky of his skull;[NEWLINE]But of his eyebrows[NEWLINE]The blithe powers[NEWLINE]Made Midgard for the sons of men.[NEWLINE]Of his brains[NEWLINE]All the melancholy[NEWLINE]Clouds were made.'),
	('TXT_KEY_GREAT_WORK_QUOTE_WQ_060', 'He who heaps up gold and silver does so to no profit without wisdom; but he who heaps up wisdom, no man can snatch it from his heart.'),
	('TXT_KEY_GREAT_WORK_QUOTE_WQ_070', 'In the case of all human qualities, the extremes are reprehensible, and the middle road is praiseworthy.'),
	('TXT_KEY_GREAT_WORK_QUOTE_WQ_080', 'I have indeed - praise be to God - attained my desire in this world, which was to travel through the earth, and I have attained in this respect what no other person has attained to my knowledge.'),
	('TXT_KEY_GREAT_WORK_QUOTE_WQ_090', 'At the beginning there was a blue-grey wolf, born with his destiny ordained by Heaven Above. His wife was a fallow doe. They came crossing the Tenggis. After they had settled at the source of the Onan River on Mount Burqan Qaldun, Bataciqan was born to them.'),
	('TXT_KEY_GREAT_WORK_QUOTE_WQ_100', 'Watching the moon[NEWLINE]at dawn,[NEWLINE]solitary, mid-sky,[NEWLINE]I knew myself completely,[NEWLINE]no part left out.'),
	('TXT_KEY_GREAT_WORK_QUOTE_WQ_110', 'She many times met with men of that district who said to her, ''woman, give up this life that you lead and go and spin, and card wool, as other women do, and do not suffer so much shame and so much unhappiness. We would not suffer so much for any money on earth'''),
	('TXT_KEY_GREAT_WORK_QUOTE_WQ_120', 'You will come to think of things in a wide sense, and taking the void as the Way, you will see the Way as void. In the void is virtue, and no evil. Wisdom has existence, principle has existence, the Way has existence, spirit is nothingness.'),
	('TXT_KEY_GREAT_WORK_QUOTE_WQ_130', 'In this action of joining his hands, he happened, without at all thinking of it, to rub the ring which the African magician had put upon his finger, and of the virtue of which he was as yet ignorant. Upon its being thus rubbed, a Genie of a most enormous figure and most horrid countenance, instantly rose, as it were, out of the earth before him'),
	('TXT_KEY_GREAT_WORK_QUOTE_WQ_140', 'The man or the woman in whom resides greater virtue is the higher; neither the loftiness nor the lowliness of a person lies in the body according to the sex, but in the perfection of conduct and virtues.'),
	('TXT_KEY_GREAT_WORK_QUOTE_WQ_150', 'If you will but direct me, said the Duchess to the Spirits, which World is easiest to be conquered, her Majesty will assist me with Means, and I will trust to Fate and Fortune; for I had rather die in the adventure of noble achievements, then live in obscure and sluggish security; since by the one, I may live in a glorious Fame; and by the other I am buried in oblivion.'),
	('TXT_KEY_GREAT_WORK_QUOTE_WQ_160', 'It was about the day when the Creator,[NEWLINE]Who could have stayed in His sublime abode,[NEWLINE]Came down to show Himself in human form,[NEWLINE]Issuing from the Holy Virgin''s womb,[NEWLINE]When it occurred that my illustrious lord[NEWLINE]For whom I wrote so many love laments,[NEWLINE]Who could have found a nobler resting place,[NEWLINE]Made his own nest and refuge in my heart.'),
	('TXT_KEY_GREAT_WORK_QUOTE_WQ_170', 'One wish born in the heart of man[NEWLINE]Is known throughout Heaven and Earth.[NEWLINE]If vice or virtue lacks reward,[NEWLINE]Unjust must be the universe.'),
	('TXT_KEY_GREAT_WORK_QUOTE_WQ_180', 'Flopsy, Mopsy, and Cottontail - who were good little bunnies - went down the lane to gather blackberries, but Peter - who was very naughty - ran straight away to Mr. McGregor''s garden and squeezed under the gate.'),
	('TXT_KEY_GREAT_WORK_QUOTE_WQ_190', 'Thou wast not born for death, immortal Bird![NEWLINE]No hungry generations tread thee down;[NEWLINE]The voice I hear this passing night was heard[NEWLINE]In ancient days by emperor and clown.'),
	('TXT_KEY_GREAT_WORK_QUOTE_WQ_200', 'Strength lies in her heart, because she is such a sweet, innocent child. If she herself cannot reach the Snow Queen and rid little Kay of those pieces of glass, then there''s no help that we can give her.'),
	('TXT_KEY_GREAT_WORK_QUOTE_WQ_210', 'O poppy-cheeked, was it a skilful gardener drew you?[NEWLINE]In this flowerbed world there were all too many plain faces;[NEWLINE]Was that the reason why the almighty keeper drew you?[NEWLINE]The flowers take their colours and fragrance from you.'),
	('TXT_KEY_GREAT_WORK_QUOTE_WQ_220', 'For this I weep all my days[NEWLINE]And throughout my lifetime grieve[NEWLINE]That I swam from my own lands[NEWLINE]And came from familiar places[NEWLINE]Towards these strange doors[NEWLINE]To these foreign gates.'),
	('TXT_KEY_GREAT_WORK_QUOTE_WQ_230', 'Ph''nglui mglw''nafh Cthulhu R''lyeh wgah''nagl fhtagn.'),
	('TXT_KEY_GREAT_WORK_QUOTE_WQ_240', 'In a hole in the ground there lived a hobbit. Not a nasty, dirty, wet hole, filled with the ends of worms and an oozy smell, nor yet a dry, bare, sandy hole with nothing in it to sit down on or to eat: It was a hobbit-hole, and that means comfort.'),
	('TXT_KEY_GREAT_WORK_QUOTE_WQ_250', '- But no, blisteting barnacles! All''s well that ends well!... ALL''S WELL THAT ENDS WELL!... / Without a doubt... and that''s now or never the moment to quote the proverb : all''s well that ends well!'),
	('TXT_KEY_GREAT_WORK_QUOTE_WQ_260', 'I''m so glad I live in a world where there are Octobers. It would be terrible if we just skipped from September to November, wouldn''t it? Look at these maple branches. Don''t they give you a thrill—several thrills? I''m going to decorate my room with them. ''Messy things'', said Marilla, whose aesthetic sense was not noticeably developed.'),
	('TXT_KEY_GREAT_WORK_QUOTE_WQ_270', 'The same substance composes us[NEWLINE]the tree overhead, the stone beneath us, the bird, the beast, the star[NEWLINE]we are all one, all moving to the same end. Remember that when you no longer remember me, my child.'),
	('TXT_KEY_GREAT_WORK_QUOTE_WQ_280', 'You''re not too strong.[NEWLINE]- We need a strong guy only who?[NEWLINE]- Who can carry a whole barrel of magic potion.[NEWLINE]- Like somebody who fell into the potion when he was just a little baby![NEWLINE]- Ah? Oh, me![NEWLINE]- Ahaha[NEWLINE]- Let''s smash the Romans, let''s smash the Romans, let''s smash the Romans!'),
	('TXT_KEY_GREAT_WORK_QUOTE_WQ_290', '- Now get into the rocket! I intend to shoot this ship at the comet which threatens the Earth! My ship will deflect the comet from it''s course and save the Earth! We three shall die martyrs to science! We start now ![NEWLINE]- Good heavens man, you''re crazy !'),
	('TXT_KEY_GREAT_WORK_QUOTE_WQ_300', '"Lock up your libraries if you like[NEWLINE]but there is no gate, no lock, no bolt that you can set upon the freedom of my mind.'),
	('TXT_KEY_GREAT_WORK_QUOTE_WQ_310', '"Aw! Poor little Jeff! My conscience is killing me. I told him there was no danger to it. I''ll bet he''s dead by now. I''m gonna sneak out and see...[NEWLINE]Poor little pal... / !!!'),
	('TXT_KEY_GREAT_WORK_QUOTE_WQ_320', 'So... you think it''s the ocean? That the ocean is responsible for it all? But why? I''m not asking how, I''m simply asking why? Do you seriously think that it wants to toy with us - a sort of elementary demonomania? A planet dominated by a huge devil, who satisfies the demands of his satanic humour by sending succubi to haunt the members of a scientific expedition...? Snow, you can''t believe anything so absurd!"[NEWLINE]He muttered under his breath.[NEWLINE]"The devil isn''t such a fool as all of that...'),
	('TXT_KEY_GREAT_WORK_QUOTE_WQ_330', 'The splendor of honors is like a Sahara,[NEWLINE]A huge void without dune or stony plateau without grasses, without flutter of eyelid, without thump of the heart'),
	('TXT_KEY_GREAT_WORK_QUOTE_WQ_340', 'Human history is not the battle of good struggling to overcome evil. It is a battle fought by a great evil, struggling to crush a small kernel of human kindness. But if what is human in human beings has not been destroyed even now, then evil will never conquer.'),
	('TXT_KEY_GREAT_WORK_QUOTE_WQ_350', 'I imagine that one of the reasons people cling to their hates so stubbornly is because they sense, once hate is gone, that they will be forced to deal with pain.'),
	('TXT_KEY_GREAT_WORK_QUOTE_WQ_360', 'This room was the whanau; the whanau was this room. If ever you wanted to know the whanau''s accomplishments, here were  all the sports trophies, shields, photographs of the old people who''d died long ago, whakapapa or genealogy sheets, carved feather boxes, panels, figures, feather cloaks, piupius - all spilling a riot of colour and shadow throughout the sunlit room.'),
	('TXT_KEY_GREAT_WORK_QUOTE_WQ_370', 'You know, everybody dies. My parents died. Your father died. Everybody dies. I''m going to die too. So will you. The thing is, to have a life before we die. It can be a real adventure having a life.'),
	('TXT_KEY_GREAT_WORK_QUOTE_WQ_380', 'The Three Laws of Robotics:[NEWLINE]1 : A robot may not injure a human being or, through inaction, allow a human being to come to harm;[NEWLINE]2 : A robot must obey the orders given it by human beings except where such orders would conflict with the First Law;[NEWLINE]3 : A robot must protect its own existence as long as such protection does not conflict with the First or Second Law.'),
	('TXT_KEY_GREAT_WORK_QUOTE_WQ_390', 'He had reached that moment in life, different for each one of us, when a man abandons himself to his demon or to his genius, following a mysterious law which bids him either to destroy or outdo himself.'),
	('TXT_KEY_GREAT_WORK_QUOTE_WQ_400', 'A man who calls his kinsmen to a feast does not do so to save them from starving. They all have food in their own homes. When we gather together in the moonlit village ground it is not because of the moon. Every man can see it in his own compound. We come together because it is good for kinsmen to do so.'),
	('TXT_KEY_GREAT_WORK_QUOTE_WQ_410', 'Very early in my life it was too late. It was already too late when I was eighteen. Between eighteen and twenty-five my face took off in a new direction. I grew old at eighteen.'),
	('TXT_KEY_GREAT_WORK_QUOTE_WQ_420', 'We Diet on water[NEWLINE]On crumbs of shadow[NEWLINE]Bland-mannered, asking[NEWLINE]Little or nothing[NEWLINE]So many of us!'),
	('TXT_KEY_GREAT_WORK_QUOTE_WQ_430', '- y... es... I... can... see... you...[NEWLINE]All right ! It worked ! Okay Tobio... I''m your papa... Try saying "papa"...[NEWLINE]- pa... pa...'),
	('TXT_KEY_GREAT_WORK_QUOTE_WQ_440', 'Perhaps that''s what all human relationships boil down to: Would you save my life? or would you take it?'),
	('TXT_KEY_GREAT_WORK_QUOTE_WQ_450', '''Evil is evil, Stregobor,'' said the witcher seriously as he got up. ''Lesser, greater, middling, it''s all the same. Proportions are negotiated, boundaries blurred. I''m not a pious hermit. I haven''t done only good in my life. But if I''m to choose between one evil and another, then I prefer not to choose at all.'''),
	('TXT_KEY_GREAT_WORK_QUOTE_WQ_460', 'What happened down in the dungeons between you and Professor Quirrell is a complete secret, so, naturally the whole school knows.'),
	('TXT_KEY_GREAT_WORK_QUOTE_WQ_470', 'But remember that forgiveness too is a power. To beg for it is a power, and to withhold or bestow it is a power, perhaps the greatest.'),
	('TXT_KEY_GREAT_WORK_QUOTE_WQ_480', 'Just as when we come into the world, when we die we are afraid of the unknown. But the fear is something from within us that has nothing to do with reality. Dying is like being born: just a change.'),
	('TXT_KEY_GREAT_WORK_QUOTE_WQ_490', 'When you hurt people they begin to love you less. That''s what careless words do, they make people love you a little less.'),
	('TXT_KEY_GREAT_WORK_QUOTE_WQ_500', 'To gaze into another person''s face is to do two things: to recognise their humanity and to assert your own.'),
	('TXT_KEY_GREAT_WORK_QUOTE_WQ_510', 'Names have power. This is the fundamental principle of magic everywhere. Call out the name of a supernatural being, and you will have its instant and undivided attention in the same way that your lost toddler will have yours the second it calls your name.'),
	('TXT_KEY_GREAT_WORK_QUOTE_WQ_520', 'There are no truths. Only stories.'),
	('TXT_KEY_GREAT_WORK_QUOTE_WQ_530', 'The secret of life, though, is to fall seven times and to get up eight times.'),
	('TXT_KEY_GREAT_WORK_QUOTE_WQ_540', 'Thirst and hunger,[NEWLINE]Laughs and tears,[NEWLINE]Sweetness, injuries,[NEWLINE]Fury, regrets,[NEWLINE]We will discard none,[NEWLINE]We will carry them all,[NEWLINE]Everlasting viatica,[NEWLINE]For a long journey.');
	
-- --------------------------------------------------------------------------------
--
--          G.ARTISTS
--
-- --------------------------------------------------------------------------------

INSERT INTO Unit_UniqueNames
	(UnitType, UniqueName, GreatWorkType, EraType)
VALUES
	('UNIT_ARTIST', 'TXT_KEY_GREAT_PERSON_A__010', 'GREAT_WORK_AW_010', 'ERA_CLASSICAL'), -- -420
	('UNIT_ARTIST', 'TXT_KEY_GREAT_PERSON_A__020', 'GREAT_WORK_AW_020', 'ERA_MEDIEVAL'), -- 1150
	('UNIT_ARTIST', 'TXT_KEY_GREAT_PERSON_A__030', 'GREAT_WORK_AW_030', 'ERA_MEDIEVAL'), -- 1399
	('UNIT_ARTIST', 'TXT_KEY_GREAT_PERSON_A__040', 'GREAT_WORK_AW_040', 'ERA_RENAISSANCE'), -- 1504
	('UNIT_ARTIST', 'TXT_KEY_GREAT_PERSON_A__050', 'GREAT_WORK_AW_050', 'ERA_RENAISSANCE'), -- 1530
	('UNIT_ARTIST', 'TXT_KEY_GREAT_PERSON_A__060', 'GREAT_WORK_AW_060', 'ERA_RENAISSANCE'), -- 1550
	('UNIT_ARTIST', 'TXT_KEY_GREAT_PERSON_A__070', 'GREAT_WORK_AW_070', 'ERA_RENAISSANCE'), -- 1630
	('UNIT_ARTIST', 'TXT_KEY_GREAT_PERSON_A__080', 'GREAT_WORK_AW_080', 'ERA_RENAISSANCE'), -- 1659
	('UNIT_ARTIST', 'TXT_KEY_GREAT_PERSON_A__090', 'GREAT_WORK_AW_090', 'ERA_RENAISSANCE'), -- 1734
	('UNIT_ARTIST', 'TXT_KEY_GREAT_PERSON_A__100', 'GREAT_WORK_AW_100', 'ERA_RENAISSANCE'), -- 1801
	('UNIT_ARTIST', 'TXT_KEY_GREAT_PERSON_A__110', 'GREAT_WORK_AW_110', 'ERA_RENAISSANCE'), -- 1805
	('UNIT_ARTIST', 'TXT_KEY_GREAT_PERSON_A__120', 'GREAT_WORK_AW_120', 'ERA_RENAISSANCE'), -- 1821
	('UNIT_ARTIST', 'TXT_KEY_GREAT_PERSON_A__130', 'GREAT_WORK_AW_130', 'ERA_RENAISSANCE'), -- 1836
	('UNIT_ARTIST', 'TXT_KEY_GREAT_PERSON_A__140', 'GREAT_WORK_AW_140', 'ERA_RENAISSANCE'), -- 1839
	('UNIT_ARTIST', 'TXT_KEY_GREAT_PERSON_A__150', 'GREAT_WORK_AW_150', 'ERA_INDUSTRIAL'), -- 1846
	('UNIT_ARTIST', 'TXT_KEY_GREAT_PERSON_A__160', 'GREAT_WORK_AW_160', 'ERA_INDUSTRIAL'), -- 1862
	('UNIT_ARTIST', 'TXT_KEY_GREAT_PERSON_A__170', 'GREAT_WORK_AW_170', 'ERA_INDUSTRIAL'), -- 1862
	('UNIT_ARTIST', 'TXT_KEY_GREAT_PERSON_A__180', 'GREAT_WORK_AW_180', 'ERA_INDUSTRIAL'), -- 1871
	('UNIT_ARTIST', 'TXT_KEY_GREAT_PERSON_A__190', 'GREAT_WORK_AW_190', 'ERA_INDUSTRIAL'), -- 1874
	('UNIT_ARTIST', 'TXT_KEY_GREAT_PERSON_A__200', 'GREAT_WORK_AW_200', 'ERA_INDUSTRIAL'), -- 1876
	('UNIT_ARTIST', 'TXT_KEY_GREAT_PERSON_A__210', 'GREAT_WORK_AW_210', 'ERA_INDUSTRIAL'), -- 1876
	('UNIT_ARTIST', 'TXT_KEY_GREAT_PERSON_A__220', 'GREAT_WORK_AW_220', 'ERA_INDUSTRIAL'), -- 1879
	('UNIT_ARTIST', 'TXT_KEY_GREAT_PERSON_A__230', 'GREAT_WORK_AW_230', 'ERA_INDUSTRIAL'), -- 1880
	('UNIT_ARTIST', 'TXT_KEY_GREAT_PERSON_A__240', 'GREAT_WORK_AW_240', 'ERA_INDUSTRIAL'), -- 1888
	('UNIT_ARTIST', 'TXT_KEY_GREAT_PERSON_A__250', 'GREAT_WORK_AW_250', 'ERA_INDUSTRIAL'), -- 1886
	('UNIT_ARTIST', 'TXT_KEY_GREAT_PERSON_A__260', 'GREAT_WORK_AW_260', 'ERA_INDUSTRIAL'), -- 1886
	('UNIT_ARTIST', 'TXT_KEY_GREAT_PERSON_A__270', 'GREAT_WORK_AW_270', 'ERA_INDUSTRIAL'), -- 1889
	('UNIT_ARTIST', 'TXT_KEY_GREAT_PERSON_A__280', 'GREAT_WORK_AW_280', 'ERA_INDUSTRIAL'), -- 1890
	('UNIT_ARTIST', 'TXT_KEY_GREAT_PERSON_A__290', 'GREAT_WORK_AW_290', 'ERA_INDUSTRIAL'), -- 1896
	('UNIT_ARTIST', 'TXT_KEY_GREAT_PERSON_A__300', 'GREAT_WORK_AW_300', 'ERA_INDUSTRIAL'), -- 1902
	('UNIT_ARTIST', 'TXT_KEY_GREAT_PERSON_A__310', 'GREAT_WORK_AW_310', 'ERA_INDUSTRIAL'), -- 1906
	('UNIT_ARTIST', 'TXT_KEY_GREAT_PERSON_A__320', 'GREAT_WORK_AW_320', 'ERA_MODERN'), -- 1911
	('UNIT_ARTIST', 'TXT_KEY_GREAT_PERSON_A__330', 'GREAT_WORK_AW_330', 'ERA_MODERN'), -- 1911
	('UNIT_ARTIST', 'TXT_KEY_GREAT_PERSON_A__340', 'GREAT_WORK_AW_340', 'ERA_MODERN'), -- 1913
	('UNIT_ARTIST', 'TXT_KEY_GREAT_PERSON_A__350', 'GREAT_WORK_AW_350', 'ERA_MODERN'), -- 1914
	('UNIT_ARTIST', 'TXT_KEY_GREAT_PERSON_A__360', 'GREAT_WORK_AW_360', 'ERA_MODERN'), -- 1917
	('UNIT_ARTIST', 'TXT_KEY_GREAT_PERSON_A__370', 'GREAT_WORK_AW_370', 'ERA_MODERN'), -- 1917
	('UNIT_ARTIST', 'TXT_KEY_GREAT_PERSON_A__380', 'GREAT_WORK_AW_380', 'ERA_MODERN'), -- 1920
	('UNIT_ARTIST', 'TXT_KEY_GREAT_PERSON_A__390', 'GREAT_WORK_AW_390', 'ERA_MODERN'), -- 1920
	('UNIT_ARTIST', 'TXT_KEY_GREAT_PERSON_A__400', 'GREAT_WORK_AW_400', 'ERA_MODERN'), -- 1921
	('UNIT_ARTIST', 'TXT_KEY_GREAT_PERSON_A__410', 'GREAT_WORK_AW_410', 'ERA_MODERN'), -- 1921
	('UNIT_ARTIST', 'TXT_KEY_GREAT_PERSON_A__420', 'GREAT_WORK_AW_420', 'ERA_MODERN'), -- 1924
	('UNIT_ARTIST', 'TXT_KEY_GREAT_PERSON_A__430', 'GREAT_WORK_AW_430', 'ERA_MODERN'), -- 1928
	('UNIT_ARTIST', 'TXT_KEY_GREAT_PERSON_A__440', 'GREAT_WORK_AW_440', 'ERA_MODERN'), -- 1930
	('UNIT_ARTIST', 'TXT_KEY_GREAT_PERSON_A__450', 'GREAT_WORK_AW_450', 'ERA_MODERN'), -- 1932
	('UNIT_ARTIST', 'TXT_KEY_GREAT_PERSON_A__460', 'GREAT_WORK_AW_460', 'ERA_MODERN'), -- 1935
	('UNIT_ARTIST', 'TXT_KEY_GREAT_PERSON_A__470', 'GREAT_WORK_AW_470', 'ERA_MODERN'), -- 1937
	('UNIT_ARTIST', 'TXT_KEY_GREAT_PERSON_A__480', 'GREAT_WORK_AW_480', 'ERA_MODERN'), -- 1937
	('UNIT_ARTIST', 'TXT_KEY_GREAT_PERSON_A__490', 'GREAT_WORK_AW_490', 'ERA_MODERN'), -- 1940
	('UNIT_ARTIST', 'TXT_KEY_GREAT_PERSON_A__500', 'GREAT_WORK_AW_500', 'ERA_MODERN'), -- 1940
	('UNIT_ARTIST', 'TXT_KEY_GREAT_PERSON_A__510', 'GREAT_WORK_AW_510', 'ERA_MODERN'), -- 1942
	('UNIT_ARTIST', 'TXT_KEY_GREAT_PERSON_A__520', 'GREAT_WORK_AW_520', 'ERA_MODERN'), -- 1943
	('UNIT_ARTIST', 'TXT_KEY_GREAT_PERSON_A__530', 'GREAT_WORK_AW_530', 'ERA_POSTMODERN'), -- 1946
	('UNIT_ARTIST', 'TXT_KEY_GREAT_PERSON_A__540', 'GREAT_WORK_AW_540', 'ERA_POSTMODERN'), -- 1946
	('UNIT_ARTIST', 'TXT_KEY_GREAT_PERSON_A__550', 'GREAT_WORK_AW_550', 'ERA_POSTMODERN'), -- 1946
	('UNIT_ARTIST', 'TXT_KEY_GREAT_PERSON_A__560', 'GREAT_WORK_AW_560', 'ERA_POSTMODERN'), -- 1948
	('UNIT_ARTIST', 'TXT_KEY_GREAT_PERSON_A__570', 'GREAT_WORK_AW_570', 'ERA_POSTMODERN'), -- 1954
	('UNIT_ARTIST', 'TXT_KEY_GREAT_PERSON_A__580', 'GREAT_WORK_AW_580', 'ERA_POSTMODERN'), -- 1958
	('UNIT_ARTIST', 'TXT_KEY_GREAT_PERSON_A__590', 'GREAT_WORK_AW_590', 'ERA_POSTMODERN'), -- 1961
	('UNIT_ARTIST', 'TXT_KEY_GREAT_PERSON_A__600', 'GREAT_WORK_AW_600', 'ERA_POSTMODERN'), -- 1962
	('UNIT_ARTIST', 'TXT_KEY_GREAT_PERSON_A__610', 'GREAT_WORK_AW_610', 'ERA_POSTMODERN'), -- 1965
	('UNIT_ARTIST', 'TXT_KEY_GREAT_PERSON_A__620', 'GREAT_WORK_AW_620', 'ERA_POSTMODERN'), -- 1965
	('UNIT_ARTIST', 'TXT_KEY_GREAT_PERSON_A__630', 'GREAT_WORK_AW_630', 'ERA_POSTMODERN'), -- 1968
	('UNIT_ARTIST', 'TXT_KEY_GREAT_PERSON_A__640', 'GREAT_WORK_AW_640', 'ERA_POSTMODERN'), -- 1970
	('UNIT_ARTIST', 'TXT_KEY_GREAT_PERSON_A__650', 'GREAT_WORK_AW_650', 'ERA_POSTMODERN'), -- 1970
	('UNIT_ARTIST', 'TXT_KEY_GREAT_PERSON_A__660', 'GREAT_WORK_AW_660', 'ERA_POSTMODERN'), -- 1970
	('UNIT_ARTIST', 'TXT_KEY_GREAT_PERSON_A__670', 'GREAT_WORK_AW_670', 'ERA_POSTMODERN'), -- 1971
	('UNIT_ARTIST', 'TXT_KEY_GREAT_PERSON_A__680', 'GREAT_WORK_AW_680', 'ERA_POSTMODERN'), -- 1973
	('UNIT_ARTIST', 'TXT_KEY_GREAT_PERSON_A__690', 'GREAT_WORK_AW_690', 'ERA_POSTMODERN'), -- 1974
	('UNIT_ARTIST', 'TXT_KEY_GREAT_PERSON_A__700', 'GREAT_WORK_AW_700', 'ERA_POSTMODERN'), -- 1981
	('UNIT_ARTIST', 'TXT_KEY_GREAT_PERSON_A__710', 'GREAT_WORK_AW_710', 'ERA_POSTMODERN'), -- 1982
	('UNIT_ARTIST', 'TXT_KEY_GREAT_PERSON_A__720', 'GREAT_WORK_AW_720', 'ERA_POSTMODERN'), -- 1982
	('UNIT_ARTIST', 'TXT_KEY_GREAT_PERSON_A__730', 'GREAT_WORK_AW_730', 'ERA_POSTMODERN'), -- 1982
	('UNIT_ARTIST', 'TXT_KEY_GREAT_PERSON_A__740', 'GREAT_WORK_AW_740', 'ERA_POSTMODERN'), -- 1987
	('UNIT_ARTIST', 'TXT_KEY_GREAT_PERSON_A__750', 'GREAT_WORK_AW_750', 'ERA_FUTURE'), -- 1994
	('UNIT_ARTIST', 'TXT_KEY_GREAT_PERSON_A__760', 'GREAT_WORK_AW_760', 'ERA_FUTURE'), -- 2000
	('UNIT_ARTIST', 'TXT_KEY_GREAT_PERSON_A__770', 'GREAT_WORK_AW_770', 'ERA_FUTURE'), -- 2002
	('UNIT_ARTIST', 'TXT_KEY_GREAT_PERSON_A__780', 'GREAT_WORK_AW_780', 'ERA_FUTURE'), -- 2006
	('UNIT_ARTIST', 'TXT_KEY_GREAT_PERSON_A__790', 'GREAT_WORK_AW_790', 'ERA_FUTURE'), -- 2007
	('UNIT_ARTIST', 'TXT_KEY_GREAT_PERSON_A__800', 'GREAT_WORK_AW_800', 'ERA_FUTURE'), -- 2007
	('UNIT_ARTIST', 'TXT_KEY_GREAT_PERSON_A__810', 'GREAT_WORK_AW_810', 'ERA_FUTURE'), -- 2009
	('UNIT_ARTIST', 'TXT_KEY_GREAT_PERSON_A__820', 'GREAT_WORK_AW_820', 'ERA_FUTURE'), -- 2011
	('UNIT_ARTIST', 'TXT_KEY_GREAT_PERSON_A__830', 'GREAT_WORK_AW_830', 'ERA_FUTURE'), -- 2011
	('UNIT_ARTIST', 'TXT_KEY_GREAT_PERSON_A__840', 'GREAT_WORK_AW_840', 'ERA_FUTURE'), -- 2012
	('UNIT_ARTIST', 'TXT_KEY_GREAT_PERSON_A__850', 'GREAT_WORK_AW_850', 'ERA_FUTURE'), -- 2014
	('UNIT_ARTIST', 'TXT_KEY_GREAT_PERSON_A__860', 'GREAT_WORK_AW_860', 'ERA_FUTURE'), -- 2018
	('UNIT_ARTIST', 'TXT_KEY_GREAT_PERSON_A__870', 'GREAT_WORK_AW_870', 'ERA_FUTURE'), -- 2018
	('UNIT_ARTIST', 'TXT_KEY_GREAT_PERSON_A__880', 'GREAT_WORK_AW_880', 'ERA_FUTURE'), -- 2018
	('UNIT_ARTIST', 'TXT_KEY_GREAT_PERSON_A__890', 'GREAT_WORK_AW_890', 'ERA_FUTURE'), -- 2019
	('UNIT_ARTIST', 'TXT_KEY_GREAT_PERSON_A__900', 'GREAT_WORK_AW_900', 'ERA_FUTURE'); -- 2019

INSERT INTO GreatWorks
	(Type, GreatWorkClassType, Description, Audio, Image)
VALUES
	('GREAT_WORK_AW_010', 'GREAT_WORK_ART', 'TXT_KEY_GREAT_WORK_AW_010', 'AS2D_GREAT_ARTIST_ARTWORK', 'A__010.dds'),
	('GREAT_WORK_AW_020', 'GREAT_WORK_ART', 'TXT_KEY_GREAT_WORK_AW_020', 'AS2D_GREAT_ARTIST_ARTWORK', 'A__020.dds'),
	('GREAT_WORK_AW_030', 'GREAT_WORK_ART', 'TXT_KEY_GREAT_WORK_AW_030', 'AS2D_GREAT_ARTIST_ARTWORK', 'A__030.dds'),
	('GREAT_WORK_AW_040', 'GREAT_WORK_ART', 'TXT_KEY_GREAT_WORK_AW_040', 'AS2D_GREAT_ARTIST_ARTWORK', 'A__040.dds'),
	('GREAT_WORK_AW_050', 'GREAT_WORK_ART', 'TXT_KEY_GREAT_WORK_AW_050', 'AS2D_GREAT_ARTIST_ARTWORK', 'A__050.dds'),
	('GREAT_WORK_AW_060', 'GREAT_WORK_ART', 'TXT_KEY_GREAT_WORK_AW_060', 'AS2D_GREAT_ARTIST_ARTWORK', 'A__060.dds'),
	('GREAT_WORK_AW_070', 'GREAT_WORK_ART', 'TXT_KEY_GREAT_WORK_AW_070', 'AS2D_GREAT_ARTIST_ARTWORK', 'A__070.dds'),
	('GREAT_WORK_AW_080', 'GREAT_WORK_ART', 'TXT_KEY_GREAT_WORK_AW_080', 'AS2D_GREAT_ARTIST_ARTWORK', 'A__080.dds'),
	('GREAT_WORK_AW_090', 'GREAT_WORK_ART', 'TXT_KEY_GREAT_WORK_AW_090', 'AS2D_GREAT_ARTIST_ARTWORK', 'A__090.dds'),
	('GREAT_WORK_AW_100', 'GREAT_WORK_ART', 'TXT_KEY_GREAT_WORK_AW_100', 'AS2D_GREAT_ARTIST_ARTWORK', 'A__100.dds'),
	('GREAT_WORK_AW_110', 'GREAT_WORK_ART', 'TXT_KEY_GREAT_WORK_AW_110', 'AS2D_GREAT_ARTIST_ARTWORK', 'A__110.dds'),
	('GREAT_WORK_AW_120', 'GREAT_WORK_ART', 'TXT_KEY_GREAT_WORK_AW_120', 'AS2D_GREAT_ARTIST_ARTWORK', 'A__120.dds'),
	('GREAT_WORK_AW_130', 'GREAT_WORK_ART', 'TXT_KEY_GREAT_WORK_AW_130', 'AS2D_GREAT_ARTIST_ARTWORK', 'A__130.dds'),
	('GREAT_WORK_AW_140', 'GREAT_WORK_ART', 'TXT_KEY_GREAT_WORK_AW_140', 'AS2D_GREAT_ARTIST_ARTWORK', 'A__140.dds'),
	('GREAT_WORK_AW_150', 'GREAT_WORK_ART', 'TXT_KEY_GREAT_WORK_AW_150', 'AS2D_GREAT_ARTIST_ARTWORK', 'A__150.dds'),
	('GREAT_WORK_AW_160', 'GREAT_WORK_ART', 'TXT_KEY_GREAT_WORK_AW_160', 'AS2D_GREAT_ARTIST_ARTWORK', 'A__160.dds'),
	('GREAT_WORK_AW_170', 'GREAT_WORK_ART', 'TXT_KEY_GREAT_WORK_AW_170', 'AS2D_GREAT_ARTIST_ARTWORK', 'A__170.dds'),
	('GREAT_WORK_AW_180', 'GREAT_WORK_ART', 'TXT_KEY_GREAT_WORK_AW_180', 'AS2D_GREAT_ARTIST_ARTWORK', 'A__180.dds'),
	('GREAT_WORK_AW_190', 'GREAT_WORK_ART', 'TXT_KEY_GREAT_WORK_AW_190', 'AS2D_GREAT_ARTIST_ARTWORK', 'A__190.dds'),
	('GREAT_WORK_AW_200', 'GREAT_WORK_ART', 'TXT_KEY_GREAT_WORK_AW_200', 'AS2D_GREAT_ARTIST_ARTWORK', 'A__200.dds'),
	('GREAT_WORK_AW_210', 'GREAT_WORK_ART', 'TXT_KEY_GREAT_WORK_AW_210', 'AS2D_GREAT_ARTIST_ARTWORK', 'A__210.dds'),
	('GREAT_WORK_AW_220', 'GREAT_WORK_ART', 'TXT_KEY_GREAT_WORK_AW_220', 'AS2D_GREAT_ARTIST_ARTWORK', 'A__220.dds'),
	('GREAT_WORK_AW_230', 'GREAT_WORK_ART', 'TXT_KEY_GREAT_WORK_AW_230', 'AS2D_GREAT_ARTIST_ARTWORK', 'A__230.dds'),
	('GREAT_WORK_AW_240', 'GREAT_WORK_ART', 'TXT_KEY_GREAT_WORK_AW_240', 'AS2D_GREAT_ARTIST_ARTWORK', 'A__240.dds'),
	('GREAT_WORK_AW_250', 'GREAT_WORK_ART', 'TXT_KEY_GREAT_WORK_AW_250', 'AS2D_GREAT_ARTIST_ARTWORK', 'A__250.dds'),
	('GREAT_WORK_AW_260', 'GREAT_WORK_ART', 'TXT_KEY_GREAT_WORK_AW_260', 'AS2D_GREAT_ARTIST_ARTWORK', 'A__260.dds'),
	('GREAT_WORK_AW_270', 'GREAT_WORK_ART', 'TXT_KEY_GREAT_WORK_AW_270', 'AS2D_GREAT_ARTIST_ARTWORK', 'A__270.dds'),
	('GREAT_WORK_AW_280', 'GREAT_WORK_ART', 'TXT_KEY_GREAT_WORK_AW_280', 'AS2D_GREAT_ARTIST_ARTWORK', 'A__280.dds'),
	('GREAT_WORK_AW_290', 'GREAT_WORK_ART', 'TXT_KEY_GREAT_WORK_AW_290', 'AS2D_GREAT_ARTIST_ARTWORK', 'A__290.dds'),
	('GREAT_WORK_AW_300', 'GREAT_WORK_ART', 'TXT_KEY_GREAT_WORK_AW_300', 'AS2D_GREAT_ARTIST_ARTWORK', 'A__300.dds'),
	('GREAT_WORK_AW_310', 'GREAT_WORK_ART', 'TXT_KEY_GREAT_WORK_AW_310', 'AS2D_GREAT_ARTIST_ARTWORK', 'A__310.dds'),
	('GREAT_WORK_AW_320', 'GREAT_WORK_ART', 'TXT_KEY_GREAT_WORK_AW_320', 'AS2D_GREAT_ARTIST_ARTWORK', 'A__320.dds'),
	('GREAT_WORK_AW_330', 'GREAT_WORK_ART', 'TXT_KEY_GREAT_WORK_AW_330', 'AS2D_GREAT_ARTIST_ARTWORK', 'A__330.dds'),
	('GREAT_WORK_AW_340', 'GREAT_WORK_ART', 'TXT_KEY_GREAT_WORK_AW_340', 'AS2D_GREAT_ARTIST_ARTWORK', 'A__340.dds'),
	('GREAT_WORK_AW_350', 'GREAT_WORK_ART', 'TXT_KEY_GREAT_WORK_AW_350', 'AS2D_GREAT_ARTIST_ARTWORK', 'A__350.dds'),
	('GREAT_WORK_AW_360', 'GREAT_WORK_ART', 'TXT_KEY_GREAT_WORK_AW_360', 'AS2D_GREAT_ARTIST_ARTWORK', 'A__360.dds'),
	('GREAT_WORK_AW_370', 'GREAT_WORK_ART', 'TXT_KEY_GREAT_WORK_AW_370', 'AS2D_GREAT_ARTIST_ARTWORK', 'A__370.dds'),
	('GREAT_WORK_AW_380', 'GREAT_WORK_ART', 'TXT_KEY_GREAT_WORK_AW_380', 'AS2D_GREAT_ARTIST_ARTWORK', 'A__380.dds'),
	('GREAT_WORK_AW_390', 'GREAT_WORK_ART', 'TXT_KEY_GREAT_WORK_AW_390', 'AS2D_GREAT_ARTIST_ARTWORK', 'A__390.dds'),
	('GREAT_WORK_AW_400', 'GREAT_WORK_ART', 'TXT_KEY_GREAT_WORK_AW_400', 'AS2D_GREAT_ARTIST_ARTWORK', 'A__400.dds'),
	('GREAT_WORK_AW_410', 'GREAT_WORK_ART', 'TXT_KEY_GREAT_WORK_AW_410', 'AS2D_GREAT_ARTIST_ARTWORK', 'A__410.dds'),
	('GREAT_WORK_AW_420', 'GREAT_WORK_ART', 'TXT_KEY_GREAT_WORK_AW_420', 'AS2D_GREAT_ARTIST_ARTWORK', 'A__420.dds'),
	('GREAT_WORK_AW_430', 'GREAT_WORK_ART', 'TXT_KEY_GREAT_WORK_AW_430', 'AS2D_GREAT_ARTIST_ARTWORK', 'A__430.dds'),
	('GREAT_WORK_AW_440', 'GREAT_WORK_ART', 'TXT_KEY_GREAT_WORK_AW_440', 'AS2D_GREAT_ARTIST_ARTWORK', 'A__440.dds'),
	('GREAT_WORK_AW_450', 'GREAT_WORK_ART', 'TXT_KEY_GREAT_WORK_AW_450', 'AS2D_GREAT_ARTIST_ARTWORK', 'A__450.dds'),
	('GREAT_WORK_AW_460', 'GREAT_WORK_ART', 'TXT_KEY_GREAT_WORK_AW_460', 'AS2D_GREAT_ARTIST_ARTWORK', 'A__460.dds'),
	('GREAT_WORK_AW_470', 'GREAT_WORK_ART', 'TXT_KEY_GREAT_WORK_AW_470', 'AS2D_GREAT_ARTIST_ARTWORK', 'A__470.dds'),
	('GREAT_WORK_AW_480', 'GREAT_WORK_ART', 'TXT_KEY_GREAT_WORK_AW_480', 'AS2D_GREAT_ARTIST_ARTWORK', 'A__480.dds'),
	('GREAT_WORK_AW_490', 'GREAT_WORK_ART', 'TXT_KEY_GREAT_WORK_AW_490', 'AS2D_GREAT_ARTIST_ARTWORK', 'A__490.dds'),
	('GREAT_WORK_AW_500', 'GREAT_WORK_ART', 'TXT_KEY_GREAT_WORK_AW_500', 'AS2D_GREAT_ARTIST_ARTWORK', 'A__500.dds'),
	('GREAT_WORK_AW_510', 'GREAT_WORK_ART', 'TXT_KEY_GREAT_WORK_AW_510', 'AS2D_GREAT_ARTIST_ARTWORK', 'A__510.dds'),
	('GREAT_WORK_AW_520', 'GREAT_WORK_ART', 'TXT_KEY_GREAT_WORK_AW_520', 'AS2D_GREAT_ARTIST_ARTWORK', 'A__520.dds'),
	('GREAT_WORK_AW_530', 'GREAT_WORK_ART', 'TXT_KEY_GREAT_WORK_AW_530', 'AS2D_GREAT_ARTIST_ARTWORK', 'A__530.dds'),
	('GREAT_WORK_AW_540', 'GREAT_WORK_ART', 'TXT_KEY_GREAT_WORK_AW_540', 'AS2D_GREAT_ARTIST_ARTWORK', 'A__540.dds'),
	('GREAT_WORK_AW_550', 'GREAT_WORK_ART', 'TXT_KEY_GREAT_WORK_AW_550', 'AS2D_GREAT_ARTIST_ARTWORK', 'A__550.dds'),
	('GREAT_WORK_AW_560', 'GREAT_WORK_ART', 'TXT_KEY_GREAT_WORK_AW_560', 'AS2D_GREAT_ARTIST_ARTWORK', 'A__560.dds'),
	('GREAT_WORK_AW_570', 'GREAT_WORK_ART', 'TXT_KEY_GREAT_WORK_AW_570', 'AS2D_GREAT_ARTIST_ARTWORK', 'A__570.dds'),
	('GREAT_WORK_AW_580', 'GREAT_WORK_ART', 'TXT_KEY_GREAT_WORK_AW_580', 'AS2D_GREAT_ARTIST_ARTWORK', 'A__580.dds'),
	('GREAT_WORK_AW_590', 'GREAT_WORK_ART', 'TXT_KEY_GREAT_WORK_AW_590', 'AS2D_GREAT_ARTIST_ARTWORK', 'A__590.dds'),
	('GREAT_WORK_AW_600', 'GREAT_WORK_ART', 'TXT_KEY_GREAT_WORK_AW_600', 'AS2D_GREAT_ARTIST_ARTWORK', 'A__600.dds'),
	('GREAT_WORK_AW_610', 'GREAT_WORK_ART', 'TXT_KEY_GREAT_WORK_AW_610', 'AS2D_GREAT_ARTIST_ARTWORK', 'A__610.dds'),
	('GREAT_WORK_AW_620', 'GREAT_WORK_ART', 'TXT_KEY_GREAT_WORK_AW_620', 'AS2D_GREAT_ARTIST_ARTWORK', 'A__620.dds'),
	('GREAT_WORK_AW_630', 'GREAT_WORK_ART', 'TXT_KEY_GREAT_WORK_AW_630', 'AS2D_GREAT_ARTIST_ARTWORK', 'A__630.dds'),
	('GREAT_WORK_AW_640', 'GREAT_WORK_ART', 'TXT_KEY_GREAT_WORK_AW_640', 'AS2D_GREAT_ARTIST_ARTWORK', 'A__640.dds'),
	('GREAT_WORK_AW_650', 'GREAT_WORK_ART', 'TXT_KEY_GREAT_WORK_AW_650', 'AS2D_GREAT_ARTIST_ARTWORK', 'A__650.dds'),
	('GREAT_WORK_AW_660', 'GREAT_WORK_ART', 'TXT_KEY_GREAT_WORK_AW_660', 'AS2D_GREAT_ARTIST_ARTWORK', 'A__660.dds'),
	('GREAT_WORK_AW_670', 'GREAT_WORK_ART', 'TXT_KEY_GREAT_WORK_AW_670', 'AS2D_GREAT_ARTIST_ARTWORK', 'A__670.dds'),
	('GREAT_WORK_AW_680', 'GREAT_WORK_ART', 'TXT_KEY_GREAT_WORK_AW_680', 'AS2D_GREAT_ARTIST_ARTWORK', 'A__680.dds'),
	('GREAT_WORK_AW_690', 'GREAT_WORK_ART', 'TXT_KEY_GREAT_WORK_AW_690', 'AS2D_GREAT_ARTIST_ARTWORK', 'A__690.dds'),
	('GREAT_WORK_AW_700', 'GREAT_WORK_ART', 'TXT_KEY_GREAT_WORK_AW_700', 'AS2D_GREAT_ARTIST_ARTWORK', 'A__700.dds'),
	('GREAT_WORK_AW_710', 'GREAT_WORK_ART', 'TXT_KEY_GREAT_WORK_AW_710', 'AS2D_GREAT_ARTIST_ARTWORK', 'A__710.dds'),
	('GREAT_WORK_AW_720', 'GREAT_WORK_ART', 'TXT_KEY_GREAT_WORK_AW_720', 'AS2D_GREAT_ARTIST_ARTWORK', 'A__720.dds'),
	('GREAT_WORK_AW_730', 'GREAT_WORK_ART', 'TXT_KEY_GREAT_WORK_AW_730', 'AS2D_GREAT_ARTIST_ARTWORK', 'A__730.dds'),
	('GREAT_WORK_AW_740', 'GREAT_WORK_ART', 'TXT_KEY_GREAT_WORK_AW_740', 'AS2D_GREAT_ARTIST_ARTWORK', 'A__740.dds'),
	('GREAT_WORK_AW_750', 'GREAT_WORK_ART', 'TXT_KEY_GREAT_WORK_AW_750', 'AS2D_GREAT_ARTIST_ARTWORK', 'A__750.dds'),
	('GREAT_WORK_AW_760', 'GREAT_WORK_ART', 'TXT_KEY_GREAT_WORK_AW_760', 'AS2D_GREAT_ARTIST_ARTWORK', 'A__760.dds'),
	('GREAT_WORK_AW_770', 'GREAT_WORK_ART', 'TXT_KEY_GREAT_WORK_AW_770', 'AS2D_GREAT_ARTIST_ARTWORK', 'A__770.dds'),
	('GREAT_WORK_AW_780', 'GREAT_WORK_ART', 'TXT_KEY_GREAT_WORK_AW_780', 'AS2D_GREAT_ARTIST_ARTWORK', 'A__780.dds'),
	('GREAT_WORK_AW_790', 'GREAT_WORK_ART', 'TXT_KEY_GREAT_WORK_AW_790', 'AS2D_GREAT_ARTIST_ARTWORK', 'A__790.dds'),
	('GREAT_WORK_AW_800', 'GREAT_WORK_ART', 'TXT_KEY_GREAT_WORK_AW_800', 'AS2D_GREAT_ARTIST_ARTWORK', 'A__800.dds'),
	('GREAT_WORK_AW_810', 'GREAT_WORK_ART', 'TXT_KEY_GREAT_WORK_AW_810', 'AS2D_GREAT_ARTIST_ARTWORK', 'A__810.dds'),
	('GREAT_WORK_AW_820', 'GREAT_WORK_ART', 'TXT_KEY_GREAT_WORK_AW_820', 'AS2D_GREAT_ARTIST_ARTWORK', 'A__820.dds'),
	('GREAT_WORK_AW_830', 'GREAT_WORK_ART', 'TXT_KEY_GREAT_WORK_AW_830', 'AS2D_GREAT_ARTIST_ARTWORK', 'A__830.dds'),
	('GREAT_WORK_AW_840', 'GREAT_WORK_ART', 'TXT_KEY_GREAT_WORK_AW_840', 'AS2D_GREAT_ARTIST_ARTWORK', 'A__840.dds'),
	('GREAT_WORK_AW_850', 'GREAT_WORK_ART', 'TXT_KEY_GREAT_WORK_AW_850', 'AS2D_GREAT_ARTIST_ARTWORK', 'A__850.dds'),
	('GREAT_WORK_AW_860', 'GREAT_WORK_ART', 'TXT_KEY_GREAT_WORK_AW_860', 'AS2D_GREAT_ARTIST_ARTWORK', 'A__860.dds'),
	('GREAT_WORK_AW_870', 'GREAT_WORK_ART', 'TXT_KEY_GREAT_WORK_AW_870', 'AS2D_GREAT_ARTIST_ARTWORK', 'A__870.dds'),
	('GREAT_WORK_AW_880', 'GREAT_WORK_ART', 'TXT_KEY_GREAT_WORK_AW_880', 'AS2D_GREAT_ARTIST_ARTWORK', 'A__880.dds'),
	('GREAT_WORK_AW_890', 'GREAT_WORK_ART', 'TXT_KEY_GREAT_WORK_AW_890', 'AS2D_GREAT_ARTIST_ARTWORK', 'A__890.dds'),
	('GREAT_WORK_AW_900', 'GREAT_WORK_ART', 'TXT_KEY_GREAT_WORK_AW_900', 'AS2D_GREAT_ARTIST_ARTWORK', 'A__900.dds');

INSERT INTO Language_en_US
	(Tag, Text)
VALUES
	('TXT_KEY_GREAT_PERSON_A__010', 'Thamyris'),
	('TXT_KEY_GREAT_PERSON_A__020', 'Tepantitla'),
	('TXT_KEY_GREAT_PERSON_A__030', 'Rogier van der Weyden'),
	('TXT_KEY_GREAT_PERSON_A__040', 'Jheronimus Bosch'),
	('TXT_KEY_GREAT_PERSON_A__050', 'Kano Motonobu'),
	('TXT_KEY_GREAT_PERSON_A__060', 'Yi Am'),
	('TXT_KEY_GREAT_PERSON_A__070', 'Judith Leyster'),
	('TXT_KEY_GREAT_PERSON_A__080', 'Diego Vélazquez'),
	('TXT_KEY_GREAT_PERSON_A__090', 'Jeong Seon'),
	('TXT_KEY_GREAT_PERSON_A__100', 'Joseph Mallord William Turner'),
	('TXT_KEY_GREAT_PERSON_A__110', 'Hyewon'),
	('TXT_KEY_GREAT_PERSON_A__120', 'Jean-Auguste-Dominique Ingres'),
	('TXT_KEY_GREAT_PERSON_A__130', 'Thomas Cole'),
	('TXT_KEY_GREAT_PERSON_A__140', 'Johan Christian Dahl'),
	('TXT_KEY_GREAT_PERSON_A__150', 'Raden Saleh'),
	('TXT_KEY_GREAT_PERSON_A__160', 'Jan Matejko'),
	('TXT_KEY_GREAT_PERSON_A__170', 'Albert Bierstadt'),
	('TXT_KEY_GREAT_PERSON_A__180', 'Edouard Detaille'),
	('TXT_KEY_GREAT_PERSON_A__190', 'Berthold Woltze'),
	('TXT_KEY_GREAT_PERSON_A__200', 'Ivan Aivazovsky'),
	('TXT_KEY_GREAT_PERSON_A__210', 'Berthe Morisot'),
	('TXT_KEY_GREAT_PERSON_A__220', 'John Atkinson Grimshaw'),
	('TXT_KEY_GREAT_PERSON_A__230', 'Black Hawk'),
	('TXT_KEY_GREAT_PERSON_A__240', 'Pedro Américo'),
	('TXT_KEY_GREAT_PERSON_A__250', 'Edvard Munch'),
	('TXT_KEY_GREAT_PERSON_A__260', 'Camille Pissaro'),
	('TXT_KEY_GREAT_PERSON_A__270', 'Albert Lynch'),
	('TXT_KEY_GREAT_PERSON_A__280', 'Princess Ka''iulani'),
	('TXT_KEY_GREAT_PERSON_A__290', 'Akseli Gallen Kallela'),
	('TXT_KEY_GREAT_PERSON_A__300', 'Robert Henri'),
	('TXT_KEY_GREAT_PERSON_A__310', 'Vassily Kandinsky'),
	('TXT_KEY_GREAT_PERSON_A__320', 'Vladimir Baranov-Rossine'),
	('TXT_KEY_GREAT_PERSON_A__330', 'Frantisek Kupka'),
	('TXT_KEY_GREAT_PERSON_A__340', 'Ludwig Meidner'),
	('TXT_KEY_GREAT_PERSON_A__350', 'Alexander Yuriyevich'),
	('TXT_KEY_GREAT_PERSON_A__360', 'Wojciech Kossak'),
	('TXT_KEY_GREAT_PERSON_A__370', 'Paul Klee'),
	('TXT_KEY_GREAT_PERSON_A__380', 'Alphonse Mucha'),
	('TXT_KEY_GREAT_PERSON_A__390', 'William Paxton'),
	('TXT_KEY_GREAT_PERSON_A__400', 'Piet Mondrian'),
	('TXT_KEY_GREAT_PERSON_A__410', 'Georgia O''Keeffe'),
	('TXT_KEY_GREAT_PERSON_A__420', 'Stanislaw Ignacy Witkiewicz'),
	('TXT_KEY_GREAT_PERSON_A__430', 'Tarsila do Amaral'),
	('TXT_KEY_GREAT_PERSON_A__440', 'Evelyn Dunbar'),
	('TXT_KEY_GREAT_PERSON_A__450', 'Milan Konjovic'),
	('TXT_KEY_GREAT_PERSON_A__460', 'Nguyen Nam Son'),
	('TXT_KEY_GREAT_PERSON_A__470', 'Gao Jianfu'),
	('TXT_KEY_GREAT_PERSON_A__480', 'Henri Matisse'),
	('TXT_KEY_GREAT_PERSON_A__490', 'Frida Kahlo'),
	('TXT_KEY_GREAT_PERSON_A__500', 'Mark Rothko'),
	('TXT_KEY_GREAT_PERSON_A__510', 'Edward Hopper'),
	('TXT_KEY_GREAT_PERSON_A__520', 'Willem Gerard Hofker'),
	('TXT_KEY_GREAT_PERSON_A__530', 'Montague Dawson'),
	('TXT_KEY_GREAT_PERSON_A__540', 'Sawlaram Lakshman Haldankar'),
	('TXT_KEY_GREAT_PERSON_A__550', 'Thomas Hart Benton'),
	('TXT_KEY_GREAT_PERSON_A__560', 'Jackson Pollock'),
	('TXT_KEY_GREAT_PERSON_A__570', 'William Gear'),
	('TXT_KEY_GREAT_PERSON_A__580', 'Zao Wou-Ki'),
	('TXT_KEY_GREAT_PERSON_A__590', 'Betye Saar'),
	('TXT_KEY_GREAT_PERSON_A__600', 'Andy Warhol'),
	('TXT_KEY_GREAT_PERSON_A__610', 'René Magritte'),
	('TXT_KEY_GREAT_PERSON_A__620', 'David Hockney'),
	('TXT_KEY_GREAT_PERSON_A__630', 'Victor Vasarely'),
	('TXT_KEY_GREAT_PERSON_A__640', 'Norval Morrisseau'),
	('TXT_KEY_GREAT_PERSON_A__650', 'Quamrul Hassan'),
	('TXT_KEY_GREAT_PERSON_A__660', 'Maqbool Fida Husain'),
	('TXT_KEY_GREAT_PERSON_A__670', 'Yunizar'),
	('TXT_KEY_GREAT_PERSON_A__680', 'Roy Lichtenstein'),
	('TXT_KEY_GREAT_PERSON_A__690', 'Mode Muntu'),
	('TXT_KEY_GREAT_PERSON_A__700', 'Fahrelnissa Zeid'),
	('TXT_KEY_GREAT_PERSON_A__710', 'Louisa Matthiasdottir'),
	('TXT_KEY_GREAT_PERSON_A__720', 'Keith Haring'),
	('TXT_KEY_GREAT_PERSON_A__730', 'Jean-Michel Basquiat'),
	('TXT_KEY_GREAT_PERSON_A__740', 'Georges Mathieu'),
	('TXT_KEY_GREAT_PERSON_A__750', 'Kacimi'),
	('TXT_KEY_GREAT_PERSON_A__760', 'Babak Roshani Nejad'),
	('TXT_KEY_GREAT_PERSON_A__770', 'Xue Mo'),
	('TXT_KEY_GREAT_PERSON_A__780', 'Naza'),
	('TXT_KEY_GREAT_PERSON_A__790', 'Mario Murua'),
	('TXT_KEY_GREAT_PERSON_A__800', 'Syed Thajudeen'),
	('TXT_KEY_GREAT_PERSON_A__810', 'Wang Yan Cheng'),
	('TXT_KEY_GREAT_PERSON_A__820', 'Rachid Hanbali'),
	('TXT_KEY_GREAT_PERSON_A__830', 'Mickalene Thomas'),
	('TXT_KEY_GREAT_PERSON_A__840', 'Billy Childish'),
	('TXT_KEY_GREAT_PERSON_A__850', 'Shepard Fairey (Obey)'),
	('TXT_KEY_GREAT_PERSON_A__860', 'Andre Kohn'),
	('TXT_KEY_GREAT_PERSON_A__870', 'Jean Andrianaivo Ravelona'),
	('TXT_KEY_GREAT_PERSON_A__880', 'Robin F. Williams'),
	('TXT_KEY_GREAT_PERSON_A__890', 'Banksy'),
	('TXT_KEY_GREAT_PERSON_A__900', 'Alex Pardee'),
--
	('TXT_KEY_GREAT_WORK_AW_010', 'Thamyris painting her picture of the goddess Diana'),
	('TXT_KEY_GREAT_WORK_AW_020', 'Great Goddess of Teotihuacan'),
	('TXT_KEY_GREAT_WORK_AW_030', 'Portrait of Francesco d''Este'),
	('TXT_KEY_GREAT_WORK_AW_040', 'The Garden of Earthly Delights(Central panel)'),
	('TXT_KEY_GREAT_WORK_AW_050', 'Bodhisattva of Compassion'),
	('TXT_KEY_GREAT_WORK_AW_060', 'Mogyeondo'),
	('TXT_KEY_GREAT_WORK_AW_070', 'Zelfportret'),
	('TXT_KEY_GREAT_WORK_AW_080', 'Infanta Margarita Teresa in a Blue Dress'),
	('TXT_KEY_GREAT_WORK_AW_090', 'Geumgang Jeondo'),
	('TXT_KEY_GREAT_WORK_AW_100', 'Dutch Boats in a Gale'),
	('TXT_KEY_GREAT_WORK_AW_110', 'Sangchun'),
	('TXT_KEY_GREAT_WORK_AW_120', 'Mademoiselle Jeanne Gonin'),
	('TXT_KEY_GREAT_WORK_AW_130', 'The Oxbow'),
	('TXT_KEY_GREAT_WORK_AW_140', 'View of Dresden by Moonlight'),
	('TXT_KEY_GREAT_WORK_AW_150', 'Hunt'),
	('TXT_KEY_GREAT_WORK_AW_160', 'Stanczyk'),
	('TXT_KEY_GREAT_WORK_AW_170', 'Indians spear fishing'),
	('TXT_KEY_GREAT_WORK_AW_180', 'Surprise près d''un pont au petit jour'),
	('TXT_KEY_GREAT_WORK_AW_190', 'The Irritating Gentleman'),
	('TXT_KEY_GREAT_WORK_AW_200', 'Winter Landscape'),
	('TXT_KEY_GREAT_WORK_AW_210', 'The Cheval-Glass'),
	('TXT_KEY_GREAT_WORK_AW_220', 'November'),
	('TXT_KEY_GREAT_WORK_AW_230', 'Haokah'),
	('TXT_KEY_GREAT_WORK_AW_240', 'Independência ou Morte'),
	('TXT_KEY_GREAT_WORK_AW_250', 'The Sick Child'),
	('TXT_KEY_GREAT_WORK_AW_260', 'Picking Peas'),
	('TXT_KEY_GREAT_WORK_AW_270', 'Fresh from the Garden '),
	('TXT_KEY_GREAT_WORK_AW_280', 'Poppies'),
	('TXT_KEY_GREAT_WORK_AW_290', 'Sammon puolustus'),
	('TXT_KEY_GREAT_WORK_AW_300', 'Snow in New York'),
	('TXT_KEY_GREAT_WORK_AW_310', 'Rotterdam sun'),
	('TXT_KEY_GREAT_WORK_AW_320', 'The Forge'),
	('TXT_KEY_GREAT_WORK_AW_330', 'Mme Kupka parmi Verticaux'),
	('TXT_KEY_GREAT_WORK_AW_340', 'Apocalyptic Landscape'),
	('TXT_KEY_GREAT_WORK_AW_350', 'Russian Cavalry on the Attack in East Prussia'),
	('TXT_KEY_GREAT_WORK_AW_360', 'Charge of Rokitna'),
	('TXT_KEY_GREAT_WORK_AW_370', 'Hafenbild Nachts'),
	('TXT_KEY_GREAT_WORK_AW_380', 'Winter Night'),
	('TXT_KEY_GREAT_WORK_AW_390', 'Boy with Blue Eyes'),
	('TXT_KEY_GREAT_WORK_AW_400', 'Composition with Red, Yellow, Blue, and Black'),
	('TXT_KEY_GREAT_WORK_AW_410', 'Blue and Green Music'),
	('TXT_KEY_GREAT_WORK_AW_420', 'Portret Marii Nawrockiej'),
	('TXT_KEY_GREAT_WORK_AW_430', 'Abaporu'),
	('TXT_KEY_GREAT_WORK_AW_440', 'Self portrait'),
	('TXT_KEY_GREAT_WORK_AW_450', 'Still Life'),
	('TXT_KEY_GREAT_WORK_AW_460', 'Peasant women from Tonkin'),
	('TXT_KEY_GREAT_WORK_AW_470', 'Solitary Temple in Autumn Mountains'),
	('TXT_KEY_GREAT_WORK_AW_480', 'Woman in a Purple Coat'),
	('TXT_KEY_GREAT_WORK_AW_490', 'Self-Portrait with Thorn Necklace and Hummingbird'),
	('TXT_KEY_GREAT_WORK_AW_500', 'Underground Fantasy'),
	('TXT_KEY_GREAT_WORK_AW_510', 'Nighthawks'),
	('TXT_KEY_GREAT_WORK_AW_520', 'Portrait of Made Toei'),
	('TXT_KEY_GREAT_WORK_AW_530', 'Days Of Old'),
	('TXT_KEY_GREAT_WORK_AW_540', 'Glow of Hope'),
	('TXT_KEY_GREAT_WORK_AW_550', 'Poker Night (from A Streetcar Named Desire)'),
	('TXT_KEY_GREAT_WORK_AW_560', 'Number 17-A'),
	('TXT_KEY_GREAT_WORK_AW_570', 'White Interior'),
	('TXT_KEY_GREAT_WORK_AW_580', 'Untitled'),
	('TXT_KEY_GREAT_WORK_AW_590', 'Anticipation'),
	('TXT_KEY_GREAT_WORK_AW_600', 'Marilyn Diptych'),
	('TXT_KEY_GREAT_WORK_AW_610', 'The Blank Check'),
	('TXT_KEY_GREAT_WORK_AW_620', 'A Bigger Splash'),
	('TXT_KEY_GREAT_WORK_AW_630', 'Vega 200'),
	('TXT_KEY_GREAT_WORK_AW_640', 'Thunderbird'),
	('TXT_KEY_GREAT_WORK_AW_650', 'Uki'),
	('TXT_KEY_GREAT_WORK_AW_660', 'Untitled'),
	('TXT_KEY_GREAT_WORK_AW_670', 'Patatt ranting'),
	('TXT_KEY_GREAT_WORK_AW_680', 'Still life with crystal bowl'),
	('TXT_KEY_GREAT_WORK_AW_690', 'Fabian'),
	('TXT_KEY_GREAT_WORK_AW_700', 'Femininity'),
	('TXT_KEY_GREAT_WORK_AW_710', 'Sjalfsmynd'),
	('TXT_KEY_GREAT_WORK_AW_720', 'Untitled'),
	('TXT_KEY_GREAT_WORK_AW_730', 'Dustheads'),
	('TXT_KEY_GREAT_WORK_AW_740', 'Depart Alarme II'),
	('TXT_KEY_GREAT_WORK_AW_750', 'The time of storytellers'),
	('TXT_KEY_GREAT_WORK_AW_760', 'No 3 from the Personae series'),
	('TXT_KEY_GREAT_WORK_AW_770', 'Flower'),
	('TXT_KEY_GREAT_WORK_AW_780', 'Red Macaw'),
	('TXT_KEY_GREAT_WORK_AW_790', 'violencia rara y diosas blancas'),
	('TXT_KEY_GREAT_WORK_AW_800', 'Springmood I'),
	('TXT_KEY_GREAT_WORK_AW_810', 'Untitled'),
	('TXT_KEY_GREAT_WORK_AW_820', 'Asilah at Dawn'),
	('TXT_KEY_GREAT_WORK_AW_830', 'Din, Une Tres Belle Négresse 1'),
	('TXT_KEY_GREAT_WORK_AW_840', 'Self-portrait with Daughter'),
	('TXT_KEY_GREAT_WORK_AW_850', 'Make Art Not War'),
	('TXT_KEY_GREAT_WORK_AW_860', 'Morning on the Beach'),
	('TXT_KEY_GREAT_WORK_AW_870', 'Vers le Centre de l''Univers'),
	('TXT_KEY_GREAT_WORK_AW_880', 'Eye on the Time'),
	('TXT_KEY_GREAT_WORK_AW_890', 'Untitled'),
	('TXT_KEY_GREAT_WORK_AW_900', 'Ank Shus');

-- --------------------------------------------------------------------------------
--
--          G.GENERALS
--
-- --------------------------------------------------------------------------------

INSERT INTO Unit_UniqueNames
	(UnitType, UniqueName, EraType)
VALUES
	('UNIT_GREAT_GENERAL', 'TXT_KEY_GREAT_PERSON_G__010', 'ERA_CLASSICAL'), -- -600
	('UNIT_GREAT_GENERAL', 'TXT_KEY_GREAT_PERSON_G__020', 'ERA_CLASSICAL'), -- ~-580
	('UNIT_GREAT_GENERAL', 'TXT_KEY_GREAT_PERSON_G__030', 'ERA_CLASSICAL'), -- -100
	('UNIT_GREAT_GENERAL', 'TXT_KEY_GREAT_PERSON_G__040', 'ERA_CLASSICAL'), -- 0014
	('UNIT_GREAT_GENERAL', 'TXT_KEY_GREAT_PERSON_G__050', 'ERA_CLASSICAL'), -- 0080
	('UNIT_GREAT_GENERAL', 'TXT_KEY_GREAT_PERSON_G__060', 'ERA_CLASSICAL'), -- 0225
	('UNIT_GREAT_GENERAL', 'TXT_KEY_GREAT_PERSON_G__070', 'ERA_CLASSICAL'), -- 0226
	('UNIT_GREAT_GENERAL', 'TXT_KEY_GREAT_PERSON_G__080', 'ERA_CLASSICAL'), -- 0226
	('UNIT_GREAT_GENERAL', 'TXT_KEY_GREAT_PERSON_G__090', 'ERA_CLASSICAL'), -- 0310
	('UNIT_GREAT_GENERAL', 'TXT_KEY_GREAT_PERSON_G__100', 'ERA_CLASSICAL'), -- 0313
	('UNIT_GREAT_GENERAL', 'TXT_KEY_GREAT_PERSON_G__110', 'ERA_CLASSICAL'), -- 0335
	('UNIT_GREAT_GENERAL', 'TXT_KEY_GREAT_PERSON_G__120', 'ERA_CLASSICAL'), -- ~350
	('UNIT_GREAT_GENERAL', 'TXT_KEY_GREAT_PERSON_G__130', 'ERA_CLASSICAL'), -- 0374
	('UNIT_GREAT_GENERAL', 'TXT_KEY_GREAT_PERSON_G__140', 'ERA_MEDIEVAL'), -- 0478
	('UNIT_GREAT_GENERAL', 'TXT_KEY_GREAT_PERSON_G__150', 'ERA_MEDIEVAL'), -- 0573
	('UNIT_GREAT_GENERAL', 'TXT_KEY_GREAT_PERSON_G__160', 'ERA_MEDIEVAL'), -- 0575
	('UNIT_GREAT_GENERAL', 'TXT_KEY_GREAT_PERSON_G__170', 'ERA_MEDIEVAL'), -- 0650
	('UNIT_GREAT_GENERAL', 'TXT_KEY_GREAT_PERSON_G__180', 'ERA_MEDIEVAL'), -- 0912
	('UNIT_GREAT_GENERAL', 'TXT_KEY_GREAT_PERSON_G__190', 'ERA_MEDIEVAL'), -- 0925
	('UNIT_GREAT_GENERAL', 'TXT_KEY_GREAT_PERSON_G__200', 'ERA_MEDIEVAL'), -- 0971
	('UNIT_GREAT_GENERAL', 'TXT_KEY_GREAT_PERSON_G__210', 'ERA_MEDIEVAL'), -- 1015
	('UNIT_GREAT_GENERAL', 'TXT_KEY_GREAT_PERSON_G__220', 'ERA_MEDIEVAL'), -- 1029
	('UNIT_GREAT_GENERAL', 'TXT_KEY_GREAT_PERSON_G__230', 'ERA_MEDIEVAL'), -- 1073
	('UNIT_GREAT_GENERAL', 'TXT_KEY_GREAT_PERSON_G__240', 'ERA_MEDIEVAL'), -- 1139
	('UNIT_GREAT_GENERAL', 'TXT_KEY_GREAT_PERSON_G__250', 'ERA_MEDIEVAL'), -- 1138
	('UNIT_GREAT_GENERAL', 'TXT_KEY_GREAT_PERSON_G__260', 'ERA_MEDIEVAL'), -- 1138
	('UNIT_GREAT_GENERAL', 'TXT_KEY_GREAT_PERSON_G__270', 'ERA_MEDIEVAL'), -- 1190
	('UNIT_GREAT_GENERAL', 'TXT_KEY_GREAT_PERSON_G__280', 'ERA_MEDIEVAL'), -- 1223
	('UNIT_GREAT_GENERAL', 'TXT_KEY_GREAT_PERSON_G__290', 'ERA_MEDIEVAL'), -- 1228
	('UNIT_GREAT_GENERAL', 'TXT_KEY_GREAT_PERSON_G__300', 'ERA_MEDIEVAL'), -- 1282
	('UNIT_GREAT_GENERAL', 'TXT_KEY_GREAT_PERSON_G__310', 'ERA_MEDIEVAL'), -- 1320
	('UNIT_GREAT_GENERAL', 'TXT_KEY_GREAT_PERSON_G__320', 'ERA_MEDIEVAL'), -- 1332
	('UNIT_GREAT_GENERAL', 'TXT_KEY_GREAT_PERSON_G__330', 'ERA_MEDIEVAL'), -- 1334
	('UNIT_GREAT_GENERAL', 'TXT_KEY_GREAT_PERSON_G__340', 'ERA_MEDIEVAL'), -- 1370
	('UNIT_GREAT_GENERAL', 'TXT_KEY_GREAT_PERSON_G__350', 'ERA_MEDIEVAL'), -- 1405
	('UNIT_GREAT_GENERAL', 'TXT_KEY_GREAT_PERSON_G__360', 'ERA_MEDIEVAL'), -- 1407
	('UNIT_GREAT_GENERAL', 'TXT_KEY_GREAT_PERSON_G__370', 'ERA_RENAISSANCE'), -- 1467
	('UNIT_GREAT_GENERAL', 'TXT_KEY_GREAT_PERSON_G__380', 'ERA_RENAISSANCE'), -- 1521
	('UNIT_GREAT_GENERAL', 'TXT_KEY_GREAT_PERSON_G__390', 'ERA_RENAISSANCE'), -- 1533
	('UNIT_GREAT_GENERAL', 'TXT_KEY_GREAT_PERSON_G__400', 'ERA_RENAISSANCE'), -- 1535
	('UNIT_GREAT_GENERAL', 'TXT_KEY_GREAT_PERSON_G__410', 'ERA_RENAISSANCE'), -- 1543
	('UNIT_GREAT_GENERAL', 'TXT_KEY_GREAT_PERSON_G__420', 'ERA_RENAISSANCE'), -- 1548
	('UNIT_GREAT_GENERAL', 'TXT_KEY_GREAT_PERSON_G__430', 'ERA_RENAISSANCE'), -- 1686
	('UNIT_GREAT_GENERAL', 'TXT_KEY_GREAT_PERSON_G__440', 'ERA_RENAISSANCE'), -- 1533
	('UNIT_GREAT_GENERAL', 'TXT_KEY_GREAT_PERSON_G__450', 'ERA_RENAISSANCE'), -- 1533
	('UNIT_GREAT_GENERAL', 'TXT_KEY_GREAT_PERSON_G__460', 'ERA_RENAISSANCE'), -- 1558
	('UNIT_GREAT_GENERAL', 'TXT_KEY_GREAT_PERSON_G__470', 'ERA_RENAISSANCE'), -- 1559
	('UNIT_GREAT_GENERAL', 'TXT_KEY_GREAT_PERSON_G__480', 'ERA_RENAISSANCE'), -- 1560
	('UNIT_GREAT_GENERAL', 'TXT_KEY_GREAT_PERSON_G__490', 'ERA_RENAISSANCE'), -- 1583
	('UNIT_GREAT_GENERAL', 'TXT_KEY_GREAT_PERSON_G__500', 'ERA_RENAISSANCE'), -- 1590
	('UNIT_GREAT_GENERAL', 'TXT_KEY_GREAT_PERSON_G__510', 'ERA_RENAISSANCE'), -- 1629
	('UNIT_GREAT_GENERAL', 'TXT_KEY_GREAT_PERSON_G__520', 'ERA_RENAISSANCE'), -- 1630
	('UNIT_GREAT_GENERAL', 'TXT_KEY_GREAT_PERSON_G__530', 'ERA_RENAISSANCE'), -- 1700
	('UNIT_GREAT_GENERAL', 'TXT_KEY_GREAT_PERSON_G__540', 'ERA_RENAISSANCE'), -- 1722
	('UNIT_GREAT_GENERAL', 'TXT_KEY_GREAT_PERSON_G__550', 'ERA_RENAISSANCE'), -- 1727
	('UNIT_GREAT_GENERAL', 'TXT_KEY_GREAT_PERSON_G__560', 'ERA_RENAISSANCE'), -- 1730
	('UNIT_GREAT_GENERAL', 'TXT_KEY_GREAT_PERSON_G__570', 'ERA_RENAISSANCE'), -- 1743
	('UNIT_GREAT_GENERAL', 'TXT_KEY_GREAT_PERSON_G__580', 'ERA_RENAISSANCE'), -- 1745
	('UNIT_GREAT_GENERAL', 'TXT_KEY_GREAT_PERSON_G__590', 'ERA_RENAISSANCE'), -- 1753
	('UNIT_GREAT_GENERAL', 'TXT_KEY_GREAT_PERSON_G__600', 'ERA_RENAISSANCE'), -- 1764
	('UNIT_GREAT_GENERAL', 'TXT_KEY_GREAT_PERSON_G__610', 'ERA_RENAISSANCE'), -- 1765
	('UNIT_GREAT_GENERAL', 'TXT_KEY_GREAT_PERSON_G__620', 'ERA_RENAISSANCE'), -- 1779
	('UNIT_GREAT_GENERAL', 'TXT_KEY_GREAT_PERSON_G__630', 'ERA_RENAISSANCE'), -- 1780
	('UNIT_GREAT_GENERAL', 'TXT_KEY_GREAT_PERSON_G__640', 'ERA_RENAISSANCE'), -- 1783
	('UNIT_GREAT_GENERAL', 'TXT_KEY_GREAT_PERSON_G__650', 'ERA_RENAISSANCE'), -- 1799
	('UNIT_GREAT_GENERAL', 'TXT_KEY_GREAT_PERSON_G__660', 'ERA_RENAISSANCE'), -- 1803
	('UNIT_GREAT_GENERAL', 'TXT_KEY_GREAT_PERSON_G__670', 'ERA_RENAISSANCE'), -- 1808
	('UNIT_GREAT_GENERAL', 'TXT_KEY_GREAT_PERSON_G__680', 'ERA_RENAISSANCE'), -- 1812
	('UNIT_GREAT_GENERAL', 'TXT_KEY_GREAT_PERSON_G__690', 'ERA_RENAISSANCE'), -- 1822
	('UNIT_GREAT_GENERAL', 'TXT_KEY_GREAT_PERSON_G__700', 'ERA_RENAISSANCE'), -- 1828
	('UNIT_GREAT_GENERAL', 'TXT_KEY_GREAT_PERSON_G__710', 'ERA_RENAISSANCE'), -- 1836
	('UNIT_GREAT_GENERAL', 'TXT_KEY_GREAT_PERSON_G__720', 'ERA_INDUSTRIAL'), -- 1840
	('UNIT_GREAT_GENERAL', 'TXT_KEY_GREAT_PERSON_G__730', 'ERA_INDUSTRIAL'), -- 1840
	('UNIT_GREAT_GENERAL', 'TXT_KEY_GREAT_PERSON_G__740', 'ERA_INDUSTRIAL'), -- 1841
	('UNIT_GREAT_GENERAL', 'TXT_KEY_GREAT_PERSON_G__750', 'ERA_INDUSTRIAL'), -- 1847
	('UNIT_GREAT_GENERAL', 'TXT_KEY_GREAT_PERSON_G__760', 'ERA_INDUSTRIAL'), -- 1850
	('UNIT_GREAT_GENERAL', 'TXT_KEY_GREAT_PERSON_G__770', 'ERA_INDUSTRIAL'), -- 1852
	('UNIT_GREAT_GENERAL', 'TXT_KEY_GREAT_PERSON_G__780', 'ERA_INDUSTRIAL'), -- 1860
	('UNIT_GREAT_GENERAL', 'TXT_KEY_GREAT_PERSON_G__790', 'ERA_INDUSTRIAL'), -- 1866
	('UNIT_GREAT_GENERAL', 'TXT_KEY_GREAT_PERSON_G__800', 'ERA_INDUSTRIAL'), -- 1875
	('UNIT_GREAT_GENERAL', 'TXT_KEY_GREAT_PERSON_G__810', 'ERA_INDUSTRIAL'), -- 1880
	('UNIT_GREAT_GENERAL', 'TXT_KEY_GREAT_PERSON_G__820', 'ERA_INDUSTRIAL'), -- 1884
	('UNIT_GREAT_GENERAL', 'TXT_KEY_GREAT_PERSON_G__830', 'ERA_INDUSTRIAL'), -- 1887
	('UNIT_GREAT_GENERAL', 'TXT_KEY_GREAT_PERSON_G__840', 'ERA_INDUSTRIAL'), -- 1887
	('UNIT_GREAT_GENERAL', 'TXT_KEY_GREAT_PERSON_G__850', 'ERA_INDUSTRIAL'), -- 1887
	('UNIT_GREAT_GENERAL', 'TXT_KEY_GREAT_PERSON_G__860', 'ERA_INDUSTRIAL'), -- 1890
	('UNIT_GREAT_GENERAL', 'TXT_KEY_GREAT_PERSON_G__870', 'ERA_INDUSTRIAL'), -- 1890
	('UNIT_GREAT_GENERAL', 'TXT_KEY_GREAT_PERSON_G__880', 'ERA_INDUSTRIAL'), -- 1892
	('UNIT_GREAT_GENERAL', 'TXT_KEY_GREAT_PERSON_G__890', 'ERA_INDUSTRIAL'), -- 1892
	('UNIT_GREAT_GENERAL', 'TXT_KEY_GREAT_PERSON_G__900', 'ERA_INDUSTRIAL'), -- 1895
	('UNIT_GREAT_GENERAL', 'TXT_KEY_GREAT_PERSON_G__910', 'ERA_INDUSTRIAL'), -- 1898
	('UNIT_GREAT_GENERAL', 'TXT_KEY_GREAT_PERSON_G__920', 'ERA_INDUSTRIAL'), -- 1902
	('UNIT_GREAT_GENERAL', 'TXT_KEY_GREAT_PERSON_G__930', 'ERA_INDUSTRIAL'), -- 1902
	('UNIT_GREAT_GENERAL', 'TXT_KEY_GREAT_PERSON_G__940', 'ERA_INDUSTRIAL'), -- 1904
	('UNIT_GREAT_GENERAL', 'TXT_KEY_GREAT_PERSON_G__950', 'ERA_INDUSTRIAL'), -- 1905
	('UNIT_GREAT_GENERAL', 'TXT_KEY_GREAT_PERSON_G__960', 'ERA_INDUSTRIAL'), -- 1906
	('UNIT_GREAT_GENERAL', 'TXT_KEY_GREAT_PERSON_G__970', 'ERA_MODERN'), -- 1911
	('UNIT_GREAT_GENERAL', 'TXT_KEY_GREAT_PERSON_G__980', 'ERA_MODERN'), -- 1915
	('UNIT_GREAT_GENERAL', 'TXT_KEY_GREAT_PERSON_G__990', 'ERA_MODERN'), -- 1916
	('UNIT_GREAT_GENERAL', 'TXT_KEY_GREAT_PERSON_G__A00', 'ERA_MODERN'), -- 1917
	('UNIT_GREAT_GENERAL', 'TXT_KEY_GREAT_PERSON_G__A10', 'ERA_MODERN'), -- 1919
	('UNIT_GREAT_GENERAL', 'TXT_KEY_GREAT_PERSON_G__A20', 'ERA_MODERN'), -- 1922
	('UNIT_GREAT_GENERAL', 'TXT_KEY_GREAT_PERSON_G__A30', 'ERA_MODERN'), -- 1925
	('UNIT_GREAT_GENERAL', 'TXT_KEY_GREAT_PERSON_G__A40', 'ERA_MODERN'), -- 1930
	('UNIT_GREAT_GENERAL', 'TXT_KEY_GREAT_PERSON_G__A50', 'ERA_MODERN'), -- 1934
	('UNIT_GREAT_GENERAL', 'TXT_KEY_GREAT_PERSON_G__A60', 'ERA_MODERN'), -- 1941
	('UNIT_GREAT_GENERAL', 'TXT_KEY_GREAT_PERSON_G__A70', 'ERA_MODERN'), -- 1941
	('UNIT_GREAT_GENERAL', 'TXT_KEY_GREAT_PERSON_G__A80', 'ERA_MODERN'), -- 1943
	('UNIT_GREAT_GENERAL', 'TXT_KEY_GREAT_PERSON_G__A90', 'ERA_MODERN'), -- 1944
	('UNIT_GREAT_GENERAL', 'TXT_KEY_GREAT_PERSON_G__B00', 'ERA_POSTMODERN'), -- 1952
	('UNIT_GREAT_GENERAL', 'TXT_KEY_GREAT_PERSON_G__B10', 'ERA_POSTMODERN'), -- 1954
	('UNIT_GREAT_GENERAL', 'TXT_KEY_GREAT_PERSON_G__B20', 'ERA_POSTMODERN'), -- 1960
	('UNIT_GREAT_GENERAL', 'TXT_KEY_GREAT_PERSON_G__B30', 'ERA_POSTMODERN'), -- 1971
	('UNIT_GREAT_GENERAL', 'TXT_KEY_GREAT_PERSON_G__B40', 'ERA_POSTMODERN'), -- 1975
	('UNIT_GREAT_GENERAL', 'TXT_KEY_GREAT_PERSON_G__B50', 'ERA_POSTMODERN'); -- 1980

INSERT INTO Language_en_US
	(Tag, Text)
VALUES
	('TXT_KEY_GREAT_PERSON_G__010', 'Cyrus the Great'),
	('TXT_KEY_GREAT_PERSON_G__020', 'Artemisia I of Caria'),
	('TXT_KEY_GREAT_PERSON_G__030', 'Dumnorix'),
	('TXT_KEY_GREAT_PERSON_G__040', 'Trung Vuong'),
	('TXT_KEY_GREAT_PERSON_G__050', 'Kanishka I'),
	('TXT_KEY_GREAT_PERSON_G__060', 'Triêu Thi Trinh'),
	('TXT_KEY_GREAT_PERSON_G__070', 'Lady Trieu'),
	('TXT_KEY_GREAT_PERSON_G__080', 'Septimia Zenobia'),
	('TXT_KEY_GREAT_PERSON_G__090', 'Ran Min'),
	('TXT_KEY_GREAT_PERSON_G__100', 'Balamber'),
	('TXT_KEY_GREAT_PERSON_G__110', 'Sarvarâjochheda'),
	('TXT_KEY_GREAT_PERSON_G__120', 'Fritigern'),
	('TXT_KEY_GREAT_PERSON_G__130', 'Gwanggaeto the Great'),
	('TXT_KEY_GREAT_PERSON_G__140', 'Narses'),
	('TXT_KEY_GREAT_PERSON_G__150', 'Abou Bakr As-Siddiq'),
	('TXT_KEY_GREAT_PERSON_G__160', 'Heraclius'),
	('TXT_KEY_GREAT_PERSON_G__170', 'Maya Queen Lady K''abel'),
	('TXT_KEY_GREAT_PERSON_G__180', 'Nikephoros II Phokas'),
	('TXT_KEY_GREAT_PERSON_G__190', 'John I Tzimiskes'),
	('TXT_KEY_GREAT_PERSON_G__200', 'Mahmud of Ghazni'),
	('TXT_KEY_GREAT_PERSON_G__210', 'Robert Guiscard'),
	('TXT_KEY_GREAT_PERSON_G__220', 'Alp Arslan'),
	('TXT_KEY_GREAT_PERSON_G__230', 'David IV of Georgia'),
	('TXT_KEY_GREAT_PERSON_G__240', 'Afonso Henriques'),	
	('TXT_KEY_GREAT_PERSON_G__250', 'Saladin'),
	('TXT_KEY_GREAT_PERSON_G__260', 'Tomoe Gozen'),
	('TXT_KEY_GREAT_PERSON_G__270', 'Sundiata'),
	('TXT_KEY_GREAT_PERSON_G__280', 'Baibars'),
	('TXT_KEY_GREAT_PERSON_G__290', 'Tran Hung Dao'),
	('TXT_KEY_GREAT_PERSON_G__300', 'Oz Beg Khan'),
	('TXT_KEY_GREAT_PERSON_G__310', 'Bertrand du Guesclin'),
	('TXT_KEY_GREAT_PERSON_G__320', 'Xu Da'),
	('TXT_KEY_GREAT_PERSON_G__330', 'Hayam Wuruk'),
	('TXT_KEY_GREAT_PERSON_G__340', 'Jan Žižka'),
	('TXT_KEY_GREAT_PERSON_G__350', 'Skandenberg'),
	('TXT_KEY_GREAT_PERSON_G__360', 'Janos Hunyadi'),
	('TXT_KEY_GREAT_PERSON_G__370', 'Huyana Capac'),
	('TXT_KEY_GREAT_PERSON_G__380', 'Asnäf Sägäd I'),
	('TXT_KEY_GREAT_PERSON_G__390', 'Aminatu'),
	('TXT_KEY_GREAT_PERSON_G__400', 'Levtraru'),
	('TXT_KEY_GREAT_PERSON_G__410', 'Tokugawa Ieyasu'),
	('TXT_KEY_GREAT_PERSON_G__420', 'Malik Ambar'),
	('TXT_KEY_GREAT_PERSON_G__430', 'Queen Nanny'),
	('TXT_KEY_GREAT_PERSON_G__440', 'Vauban'),
	('TXT_KEY_GREAT_PERSON_G__450', 'Gráinne Ni Mháille'),
	('TXT_KEY_GREAT_PERSON_G__460', 'Mihai Viteazu'),
	('TXT_KEY_GREAT_PERSON_G__470', 'Nurhaci'),
	('TXT_KEY_GREAT_PERSON_G__480', 'Jan Karol Chodkiewicz'),
	('TXT_KEY_GREAT_PERSON_G__490', 'Nzingha Mbande'),
	('TXT_KEY_GREAT_PERSON_G__500', 'Stanislaw Koniecpolski'),
	('TXT_KEY_GREAT_PERSON_G__510', 'Jan Sobieski'),
	('TXT_KEY_GREAT_PERSON_G__520', 'Shivaji Bosle'),
	('TXT_KEY_GREAT_PERSON_G__530', 'Baji Rao I'),
	('TXT_KEY_GREAT_PERSON_G__540', 'Ahmad Khan Abdali'),
	('TXT_KEY_GREAT_PERSON_G__550', 'James Wolfe'),	
	('TXT_KEY_GREAT_PERSON_G__560', 'Alexander Suvorov'),	
	('TXT_KEY_GREAT_PERSON_G__570', 'Toussaint L’Ouverture'),
	('TXT_KEY_GREAT_PERSON_G__580', 'Mikhail Kutuzov'),
	('TXT_KEY_GREAT_PERSON_G__590', 'Nguyen Hue'),
	('TXT_KEY_GREAT_PERSON_G__600', 'José Gervasio Artigas'),
	('TXT_KEY_GREAT_PERSON_G__610', 'Piotr Ivanovitch Bagration'),
	('TXT_KEY_GREAT_PERSON_G__620', 'Kazimierz Pulaski'),	
	('TXT_KEY_GREAT_PERSON_G__630', 'Ranjît Singh'),
	('TXT_KEY_GREAT_PERSON_G__640', 'Simon Bolivar'),
	('TXT_KEY_GREAT_PERSON_G__650', 'Ignacy Kruszewski'),
	('TXT_KEY_GREAT_PERSON_G__660', 'Duke of Caxias'),
	('TXT_KEY_GREAT_PERSON_G__670', 'Manuel Luís Osório'),
	('TXT_KEY_GREAT_PERSON_G__680', 'Cochise'),
	('TXT_KEY_GREAT_PERSON_G__690', 'Seh-Dong-Hong-Beh'),
	('TXT_KEY_GREAT_PERSON_G__700', 'Lakshmî Bâî'),
	('TXT_KEY_GREAT_PERSON_G__710', 'Yaa Asantewaa'),
	('TXT_KEY_GREAT_PERSON_G__720', 'Crazy Horse'),
	('TXT_KEY_GREAT_PERSON_G__730', 'Lozen'),
	('TXT_KEY_GREAT_PERSON_G__740', 'Richard Hebden O''Grady Haly'),
	('TXT_KEY_GREAT_PERSON_G__750', 'Nakano Takeko'),
	('TXT_KEY_GREAT_PERSON_G__760', 'Kumu Eseko Elombe'),
	('TXT_KEY_GREAT_PERSON_G__770', 'Mekonnen Welde Mikael'),
	('TXT_KEY_GREAT_PERSON_G__780', 'John Pershing'),
	('TXT_KEY_GREAT_PERSON_G__790', 'Antonio Luna'),
	('TXT_KEY_GREAT_PERSON_G__800', 'Sir Arthur William Currie'),
	('TXT_KEY_GREAT_PERSON_G__810', 'Douglas MacArthur'),
	('TXT_KEY_GREAT_PERSON_G__820', 'Henry Norwest'),
	('TXT_KEY_GREAT_PERSON_G__830', 'Edward Rydz-Smigly'),
	('TXT_KEY_GREAT_PERSON_G__840', 'Alvin York'),
	('TXT_KEY_GREAT_PERSON_G__850', 'Tom Longboat'),
	('TXT_KEY_GREAT_PERSON_G__860', 'Edward Puttick'),
	('TXT_KEY_GREAT_PERSON_G__870', 'Francis Pegahmagabow'),
	('TXT_KEY_GREAT_PERSON_G__880', 'Kiyotake Kawaguchi'),
	('TXT_KEY_GREAT_PERSON_G__890', 'Josip Broz Tito'),
	('TXT_KEY_GREAT_PERSON_G__900', 'Matthew Bunker Ridgway'),
	('TXT_KEY_GREAT_PERSON_G__910', 'Lewis Burwell'),
	('TXT_KEY_GREAT_PERSON_G__920', 'Simon Spoor'),
	('TXT_KEY_GREAT_PERSON_G__930', 'Philippe Leclerc'),
	('TXT_KEY_GREAT_PERSON_G__940', 'Juan José Valle'),
	('TXT_KEY_GREAT_PERSON_G__950', 'Simo Häyhä'),
	('TXT_KEY_GREAT_PERSON_G__960', 'Jack Churchill'),	
	('TXT_KEY_GREAT_PERSON_G__970', 'Vo Nguyen Giap'),
	('TXT_KEY_GREAT_PERSON_G__980', 'Moshe Dayan'),
	('TXT_KEY_GREAT_PERSON_G__990', 'Marcel Bigeard'),
	('TXT_KEY_GREAT_PERSON_G__A00', 'Chung Il-kwon'),
	('TXT_KEY_GREAT_PERSON_G__A10', 'Mikhaïl Kalachnikov'),
	('TXT_KEY_GREAT_PERSON_G__A20', 'Hal Moore'),
	('TXT_KEY_GREAT_PERSON_G__A30', 'Audie Murphy'),	
	('TXT_KEY_GREAT_PERSON_G__A40', 'Mario Menéndez'),
	('TXT_KEY_GREAT_PERSON_G__A50', 'Norman Schwarzkopf'),
	('TXT_KEY_GREAT_PERSON_G__A60', 'Liamine Zéroual'),
	('TXT_KEY_GREAT_PERSON_G__A70', 'Jehangir Karamat'),
	('TXT_KEY_GREAT_PERSON_G__A80', 'Fernando Tapias Stahelin'),
	('TXT_KEY_GREAT_PERSON_G__A90', 'Abdul Fatah Younis'),
	('TXT_KEY_GREAT_PERSON_G__B00', 'David Petraeus'),
	('TXT_KEY_GREAT_PERSON_G__B10', 'Yasar Güler'),
	('TXT_KEY_GREAT_PERSON_G__B20', 'César Astudillo Salcedo'),
	('TXT_KEY_GREAT_PERSON_G__B30', 'Vladimer Chachibaia'),
	('TXT_KEY_GREAT_PERSON_G__B40', 'Melvyn Ong'),
	('TXT_KEY_GREAT_PERSON_G__B50', 'Yogendra Singh Yadav');

-- --------------------------------------------------------------------------------
--
--          G.ADMIRALS
--
-- --------------------------------------------------------------------------------

INSERT INTO Unit_UniqueNames
	(UnitType, UniqueName, EraType)
VALUES
	('UNIT_GREAT_ADMIRAL', 'TXT_KEY_GREAT_PERSON_B__010', 'ERA_CLASSICAL'), -- -479
	('UNIT_GREAT_ADMIRAL', 'TXT_KEY_GREAT_PERSON_B__020', 'ERA_CLASSICAL'), -- -255
	('UNIT_GREAT_ADMIRAL', 'TXT_KEY_GREAT_PERSON_B__030', 'ERA_CLASSICAL'), -- -150
	('UNIT_GREAT_ADMIRAL', 'TXT_KEY_GREAT_PERSON_B__040', 'ERA_MEDIEVAL'), -- 0850
	('UNIT_GREAT_ADMIRAL', 'TXT_KEY_GREAT_PERSON_B__050', 'ERA_MEDIEVAL'), -- 0897
	('UNIT_GREAT_ADMIRAL', 'TXT_KEY_GREAT_PERSON_B__060', 'ERA_MEDIEVAL'), -- 0945
	('UNIT_GREAT_ADMIRAL', 'TXT_KEY_GREAT_PERSON_B__070', 'ERA_MEDIEVAL'), -- 1100
	('UNIT_GREAT_ADMIRAL', 'TXT_KEY_GREAT_PERSON_B__080', 'ERA_MEDIEVAL'), -- 1242
	('UNIT_GREAT_ADMIRAL', 'TXT_KEY_GREAT_PERSON_B__090', 'ERA_MEDIEVAL'), -- 1290
	('UNIT_GREAT_ADMIRAL', 'TXT_KEY_GREAT_PERSON_B__100', 'ERA_MEDIEVAL'), -- 1300
	('UNIT_GREAT_ADMIRAL', 'TXT_KEY_GREAT_PERSON_B__110', 'ERA_MEDIEVAL'), -- 1311
	('UNIT_GREAT_ADMIRAL', 'TXT_KEY_GREAT_PERSON_B__120', 'ERA_MEDIEVAL'), -- 1394
	('UNIT_GREAT_ADMIRAL', 'TXT_KEY_GREAT_PERSON_B__130', 'ERA_MEDIEVAL'), -- 1400
	('UNIT_GREAT_ADMIRAL', 'TXT_KEY_GREAT_PERSON_B__140', 'ERA_RENAISSANCE'), -- 1450
	('UNIT_GREAT_ADMIRAL', 'TXT_KEY_GREAT_PERSON_B__150', 'ERA_RENAISSANCE'), -- 1454
	('UNIT_GREAT_ADMIRAL', 'TXT_KEY_GREAT_PERSON_B__160', 'ERA_RENAISSANCE'), -- 1466
	('UNIT_GREAT_ADMIRAL', 'TXT_KEY_GREAT_PERSON_B__170', 'ERA_RENAISSANCE'), -- 1467
	('UNIT_GREAT_ADMIRAL', 'TXT_KEY_GREAT_PERSON_B__180', 'ERA_RENAISSANCE'), -- 1469
	('UNIT_GREAT_ADMIRAL', 'TXT_KEY_GREAT_PERSON_B__190', 'ERA_RENAISSANCE'), -- 1486
	('UNIT_GREAT_ADMIRAL', 'TXT_KEY_GREAT_PERSON_B__200', 'ERA_RENAISSANCE'), -- 1540
	('UNIT_GREAT_ADMIRAL', 'TXT_KEY_GREAT_PERSON_B__210', 'ERA_RENAISSANCE'), -- 1550
	('UNIT_GREAT_ADMIRAL', 'TXT_KEY_GREAT_PERSON_B__220', 'ERA_RENAISSANCE'), -- 1554
	('UNIT_GREAT_ADMIRAL', 'TXT_KEY_GREAT_PERSON_B__230', 'ERA_RENAISSANCE'), -- 1560
	('UNIT_GREAT_ADMIRAL', 'TXT_KEY_GREAT_PERSON_B__240', 'ERA_RENAISSANCE'), -- 1565
	('UNIT_GREAT_ADMIRAL', 'TXT_KEY_GREAT_PERSON_B__250', 'ERA_RENAISSANCE'), -- 1580
	('UNIT_GREAT_ADMIRAL', 'TXT_KEY_GREAT_PERSON_B__260', 'ERA_RENAISSANCE'), -- 1582
	('UNIT_GREAT_ADMIRAL', 'TXT_KEY_GREAT_PERSON_B__270', 'ERA_RENAISSANCE'), -- 1592
	('UNIT_GREAT_ADMIRAL', 'TXT_KEY_GREAT_PERSON_B__280', 'ERA_RENAISSANCE'), -- 1619
	('UNIT_GREAT_ADMIRAL', 'TXT_KEY_GREAT_PERSON_B__290', 'ERA_RENAISSANCE'), -- 1627
	('UNIT_GREAT_ADMIRAL', 'TXT_KEY_GREAT_PERSON_B__300', 'ERA_RENAISSANCE'), -- 1629
	('UNIT_GREAT_ADMIRAL', 'TXT_KEY_GREAT_PERSON_B__310', 'ERA_RENAISSANCE'), -- 1638
	('UNIT_GREAT_ADMIRAL', 'TXT_KEY_GREAT_PERSON_B__320', 'ERA_RENAISSANCE'), -- 1650
	('UNIT_GREAT_ADMIRAL', 'TXT_KEY_GREAT_PERSON_B__330', 'ERA_RENAISSANCE'), -- 1661
	('UNIT_GREAT_ADMIRAL', 'TXT_KEY_GREAT_PERSON_B__340', 'ERA_RENAISSANCE'), -- 1663
	('UNIT_GREAT_ADMIRAL', 'TXT_KEY_GREAT_PERSON_B__350', 'ERA_RENAISSANCE'), -- 1669
	('UNIT_GREAT_ADMIRAL', 'TXT_KEY_GREAT_PERSON_B__360', 'ERA_RENAISSANCE'), -- 1771
	('UNIT_GREAT_ADMIRAL', 'TXT_KEY_GREAT_PERSON_B__370', 'ERA_RENAISSANCE'), -- 1773
	('UNIT_GREAT_ADMIRAL', 'TXT_KEY_GREAT_PERSON_B__380', 'ERA_RENAISSANCE'), -- 1775
	('UNIT_GREAT_ADMIRAL', 'TXT_KEY_GREAT_PERSON_B__390', 'ERA_RENAISSANCE'), -- 1775	
	('UNIT_GREAT_ADMIRAL', 'TXT_KEY_GREAT_PERSON_B__400', 'ERA_RENAISSANCE'), -- 1797
	('UNIT_GREAT_ADMIRAL', 'TXT_KEY_GREAT_PERSON_B__410', 'ERA_RENAISSANCE'), -- 1807	
	('UNIT_GREAT_ADMIRAL', 'TXT_KEY_GREAT_PERSON_B__420', 'ERA_RENAISSANCE'), -- 1834
	('UNIT_GREAT_ADMIRAL', 'TXT_KEY_GREAT_PERSON_B__430', 'ERA_INDUSTRIAL'), -- 1844
	('UNIT_GREAT_ADMIRAL', 'TXT_KEY_GREAT_PERSON_B__440', 'ERA_INDUSTRIAL'), -- 1846
	('UNIT_GREAT_ADMIRAL', 'TXT_KEY_GREAT_PERSON_B__450', 'ERA_INDUSTRIAL'), -- 1846
	('UNIT_GREAT_ADMIRAL', 'TXT_KEY_GREAT_PERSON_B__460', 'ERA_INDUSTRIAL'), -- 1851
	('UNIT_GREAT_ADMIRAL', 'TXT_KEY_GREAT_PERSON_B__470', 'ERA_INDUSTRIAL'), -- 1852
	('UNIT_GREAT_ADMIRAL', 'TXT_KEY_GREAT_PERSON_B__480', 'ERA_INDUSTRIAL'), -- 1859
	('UNIT_GREAT_ADMIRAL', 'TXT_KEY_GREAT_PERSON_B__490', 'ERA_INDUSTRIAL'), -- 1859
	('UNIT_GREAT_ADMIRAL', 'TXT_KEY_GREAT_PERSON_B__500', 'ERA_INDUSTRIAL'), -- 1863
	('UNIT_GREAT_ADMIRAL', 'TXT_KEY_GREAT_PERSON_B__510', 'ERA_INDUSTRIAL'), -- 1866
	('UNIT_GREAT_ADMIRAL', 'TXT_KEY_GREAT_PERSON_B__520', 'ERA_INDUSTRIAL'), -- 1872
	('UNIT_GREAT_ADMIRAL', 'TXT_KEY_GREAT_PERSON_B__530', 'ERA_INDUSTRIAL'), -- 1874
	('UNIT_GREAT_ADMIRAL', 'TXT_KEY_GREAT_PERSON_B__540', 'ERA_INDUSTRIAL'), -- 1878
	('UNIT_GREAT_ADMIRAL', 'TXT_KEY_GREAT_PERSON_B__550', 'ERA_INDUSTRIAL'), -- 1884
	('UNIT_GREAT_ADMIRAL', 'TXT_KEY_GREAT_PERSON_B__560', 'ERA_INDUSTRIAL'), -- 1885
	('UNIT_GREAT_ADMIRAL', 'TXT_KEY_GREAT_PERSON_B__570', 'ERA_INDUSTRIAL'), -- 1885
	('UNIT_GREAT_ADMIRAL', 'TXT_KEY_GREAT_PERSON_B__580', 'ERA_INDUSTRIAL'), -- 1886
	('UNIT_GREAT_ADMIRAL', 'TXT_KEY_GREAT_PERSON_B__590', 'ERA_INDUSTRIAL'), -- 1886
	('UNIT_GREAT_ADMIRAL', 'TXT_KEY_GREAT_PERSON_B__600', 'ERA_INDUSTRIAL'), -- 1905
	('UNIT_GREAT_ADMIRAL', 'TXT_KEY_GREAT_PERSON_B__610', 'ERA_INDUSTRIAL'), -- 1906
	('UNIT_GREAT_ADMIRAL', 'TXT_KEY_GREAT_PERSON_B__620', 'ERA_INDUSTRIAL'), -- 1910
	('UNIT_GREAT_ADMIRAL', 'TXT_KEY_GREAT_PERSON_B__630', 'ERA_INDUSTRIAL'), -- 1910
	('UNIT_GREAT_ADMIRAL', 'TXT_KEY_GREAT_PERSON_B__640', 'ERA_MODERN'), -- 1911
	('UNIT_GREAT_ADMIRAL', 'TXT_KEY_GREAT_PERSON_B__650', 'ERA_MODERN'), -- 1911
	('UNIT_GREAT_ADMIRAL', 'TXT_KEY_GREAT_PERSON_B__660', 'ERA_MODERN'), -- 1915
	('UNIT_GREAT_ADMIRAL', 'TXT_KEY_GREAT_PERSON_B__670', 'ERA_MODERN'), -- 1916
	('UNIT_GREAT_ADMIRAL', 'TXT_KEY_GREAT_PERSON_B__680', 'ERA_MODERN'), -- 1921
	('UNIT_GREAT_ADMIRAL', 'TXT_KEY_GREAT_PERSON_B__690', 'ERA_MODERN'), -- 1926
	('UNIT_GREAT_ADMIRAL', 'TXT_KEY_GREAT_PERSON_B__700', 'ERA_MODERN'), -- 1926
	('UNIT_GREAT_ADMIRAL', 'TXT_KEY_GREAT_PERSON_B__710', 'ERA_MODERN'), -- 1928
	('UNIT_GREAT_ADMIRAL', 'TXT_KEY_GREAT_PERSON_B__720', 'ERA_MODERN'), -- 1929	
	('UNIT_GREAT_ADMIRAL', 'TXT_KEY_GREAT_PERSON_B__730', 'ERA_MODERN'), -- 1931
	('UNIT_GREAT_ADMIRAL', 'TXT_KEY_GREAT_PERSON_B__740', 'ERA_MODERN'), -- 1931
	('UNIT_GREAT_ADMIRAL', 'TXT_KEY_GREAT_PERSON_B__750', 'ERA_MODERN'), -- 1931
	('UNIT_GREAT_ADMIRAL', 'TXT_KEY_GREAT_PERSON_B__760', 'ERA_MODERN'), -- 1931
	('UNIT_GREAT_ADMIRAL', 'TXT_KEY_GREAT_PERSON_B__770', 'ERA_MODERN'), -- 1936
	('UNIT_GREAT_ADMIRAL', 'TXT_KEY_GREAT_PERSON_B__780', 'ERA_MODERN'), -- 1936
	('UNIT_GREAT_ADMIRAL', 'TXT_KEY_GREAT_PERSON_B__790', 'ERA_MODERN'), -- 1938
	('UNIT_GREAT_ADMIRAL', 'TXT_KEY_GREAT_PERSON_B__800', 'ERA_MODERN'), -- 1943
	('UNIT_GREAT_ADMIRAL', 'TXT_KEY_GREAT_PERSON_B__810', 'ERA_POSTMODERN'), -- 1949
	('UNIT_GREAT_ADMIRAL', 'TXT_KEY_GREAT_PERSON_B__820', 'ERA_POSTMODERN'), -- 1952
	('UNIT_GREAT_ADMIRAL', 'TXT_KEY_GREAT_PERSON_B__830', 'ERA_POSTMODERN'), -- 1953
	('UNIT_GREAT_ADMIRAL', 'TXT_KEY_GREAT_PERSON_B__840', 'ERA_POSTMODERN'), -- 1954
	('UNIT_GREAT_ADMIRAL', 'TXT_KEY_GREAT_PERSON_B__850', 'ERA_POSTMODERN'), -- 1955
	('UNIT_GREAT_ADMIRAL', 'TXT_KEY_GREAT_PERSON_B__860', 'ERA_POSTMODERN'), -- 1962
	('UNIT_GREAT_ADMIRAL', 'TXT_KEY_GREAT_PERSON_B__870', 'ERA_POSTMODERN'), -- 1964
	('UNIT_GREAT_ADMIRAL', 'TXT_KEY_GREAT_PERSON_B__880', 'ERA_POSTMODERN'), -- 1969
	('UNIT_GREAT_ADMIRAL', 'TXT_KEY_GREAT_PERSON_B__890', 'ERA_POSTMODERN'); -- 1975

INSERT INTO Language_en_US
	(Tag, Text)
VALUES
	('TXT_KEY_GREAT_PERSON_B__010', 'Lacedaimonius'),
	('TXT_KEY_GREAT_PERSON_B__020', 'Xu Fu'),
	('TXT_KEY_GREAT_PERSON_B__030', 'Hippalus'),
	('TXT_KEY_GREAT_PERSON_B__040', 'Himerios'),
	('TXT_KEY_GREAT_PERSON_B__050', 'Ngô Quyen'),
	('TXT_KEY_GREAT_PERSON_B__060', 'Erik the Red'),	
	('TXT_KEY_GREAT_PERSON_B__070', 'George of Antioch'),
	('TXT_KEY_GREAT_PERSON_B__080', 'Lamba Doria'),
	('TXT_KEY_GREAT_PERSON_B__090', 'Hugues Quieret'),
	('TXT_KEY_GREAT_PERSON_B__100', 'Jeanne de Belleville'),
	('TXT_KEY_GREAT_PERSON_B__110', 'Wang Dayuan'),
	('TXT_KEY_GREAT_PERSON_B__120', 'Prince Henry the Navigator'),
	('TXT_KEY_GREAT_PERSON_B__130', 'Hamza Bey'),
	('TXT_KEY_GREAT_PERSON_B__140', 'Bartolomeu Dias'),
	('TXT_KEY_GREAT_PERSON_B__150', 'Amerigo Vespucci'),
	('TXT_KEY_GREAT_PERSON_B__160', 'Alonso de Ojeda'),
	('TXT_KEY_GREAT_PERSON_B__170', 'Pedro Álvares Cabral'),
	('TXT_KEY_GREAT_PERSON_B__180', 'Vincenzo Cappello'),
	('TXT_KEY_GREAT_PERSON_B__190', 'Juan Sebastián Elcano'),
	('TXT_KEY_GREAT_PERSON_B__200', 'Juan Martinez de Recalde'),
	('TXT_KEY_GREAT_PERSON_B__210', 'Keumalahayati'),
	('TXT_KEY_GREAT_PERSON_B__220', 'Walter Raleigh'),
	('TXT_KEY_GREAT_PERSON_B__230', 'Martim Afonso de Castro'),
	('TXT_KEY_GREAT_PERSON_B__240', 'Henry Hudson'),
	('TXT_KEY_GREAT_PERSON_B__250', 'Samuel De Champlain'),
	('TXT_KEY_GREAT_PERSON_B__260', 'Jacques L''Hermite'),
	('TXT_KEY_GREAT_PERSON_B__270', 'Gustav Horn'),
	('TXT_KEY_GREAT_PERSON_B__280', 'Jean Armand de Maillé'),
	('TXT_KEY_GREAT_PERSON_B__290', 'Samuel de Champlain'),
	('TXT_KEY_GREAT_PERSON_B__300', 'Cornelis Tromp'),
	('TXT_KEY_GREAT_PERSON_B__310', 'Jan van Brakel'),
	('TXT_KEY_GREAT_PERSON_B__320', 'Jean Bart'),
	('TXT_KEY_GREAT_PERSON_B__330', 'Fiodor Apraxine'),
	('TXT_KEY_GREAT_PERSON_B__340', 'George Byng'),
	('TXT_KEY_GREAT_PERSON_B__350', 'Kanhoji Angre'),
	('TXT_KEY_GREAT_PERSON_B__360', 'Laskarina Bouboulina'),
	('TXT_KEY_GREAT_PERSON_B__370', 'Robert Surcouf'),
	('TXT_KEY_GREAT_PERSON_B__380', 'Ching Shih'),
	('TXT_KEY_GREAT_PERSON_B__390', 'Thomas Cochrane'),
	('TXT_KEY_GREAT_PERSON_B__400', 'Steen Andersen Bille'),
	('TXT_KEY_GREAT_PERSON_B__410', 'Joaquim Marques Lisboa'),
	('TXT_KEY_GREAT_PERSON_B__420', 'Miguel Grau Seminario'),
	('TXT_KEY_GREAT_PERSON_B__430', 'Hans von Koester'),
	('TXT_KEY_GREAT_PERSON_B__440', 'August von Thomsen'),
	('TXT_KEY_GREAT_PERSON_B__450', 'Abraham George Ellis'),
	('TXT_KEY_GREAT_PERSON_B__460', 'Anton Haus'),
	('TXT_KEY_GREAT_PERSON_B__470', 'Ijuin Goro'),
	('TXT_KEY_GREAT_PERSON_B__480', 'Paolo Thaon'),
	('TXT_KEY_GREAT_PERSON_B__490', 'Sir William Clarkson'),
	('TXT_KEY_GREAT_PERSON_B__500', 'Franz von Hipper'),
	('TXT_KEY_GREAT_PERSON_B__510', 'Ernest Krause'),
	('TXT_KEY_GREAT_PERSON_B__520', 'Roald Amundsen'),
	('TXT_KEY_GREAT_PERSON_B__530', 'Ernest Shackleton'),
	('TXT_KEY_GREAT_PERSON_B__540', 'Ernest King'),
	('TXT_KEY_GREAT_PERSON_B__550', 'Józef Unrug'),
	('TXT_KEY_GREAT_PERSON_B__560', 'Mineichi Koga'),
	('TXT_KEY_GREAT_PERSON_B__570', 'Frank Jack Fletcher'),
	('TXT_KEY_GREAT_PERSON_B__580', 'Conrad Helfrich'),
	('TXT_KEY_GREAT_PERSON_B__590', 'Hans Langsdorff'),
	('TXT_KEY_GREAT_PERSON_B__600', 'Prayoon Yuthasastrkosol'),
	('TXT_KEY_GREAT_PERSON_B__610', 'Grace Hopper'),
	('TXT_KEY_GREAT_PERSON_B__620', 'Vladimir Kasatonov'),
	('TXT_KEY_GREAT_PERSON_B__630', 'Sergey Gorshkov'),
	('TXT_KEY_GREAT_PERSON_B__640', 'Ram Dass Katari'),
	('TXT_KEY_GREAT_PERSON_B__650', 'Heinrich Lehmann-Willenbrock'),
	('TXT_KEY_GREAT_PERSON_B__660', 'Bengt Lundvall'),
	('TXT_KEY_GREAT_PERSON_B__670', 'Jerzy Tumaniszwili'),
	('TXT_KEY_GREAT_PERSON_B__680', 'Branko Mamula'),
	('TXT_KEY_GREAT_PERSON_B__690', 'Sveto Letica'),
	('TXT_KEY_GREAT_PERSON_B__700', 'Theodoros Degiannis'),
	('TXT_KEY_GREAT_PERSON_B__710', 'Lâm Nguon Tánh'),
	('TXT_KEY_GREAT_PERSON_B__720', 'Pávlos Koundouriótis'),
	('TXT_KEY_GREAT_PERSON_B__730', 'Konstantin Makarov'),
	('TXT_KEY_GREAT_PERSON_B__740', 'Jan Klenberg'),
	('TXT_KEY_GREAT_PERSON_B__750', 'Gulab Mohanlal Hiranandani'),
	('TXT_KEY_GREAT_PERSON_B__760', 'Sergei Gorshkov'),
	('TXT_KEY_GREAT_PERSON_B__770', 'Osami Nagano'),
	('TXT_KEY_GREAT_PERSON_B__780', 'Sir Benjamin Bathurst'),
	('TXT_KEY_GREAT_PERSON_B__790', 'Clancy Fernando'),
	('TXT_KEY_GREAT_PERSON_B__800', 'Baron Boyce'),
	('TXT_KEY_GREAT_PERSON_B__810', 'Lillian Elaine Fishburne'),
	('TXT_KEY_GREAT_PERSON_B__820', 'Wasantha Karannagoda'),
	('TXT_KEY_GREAT_PERSON_B__830', 'Édouard Guillaud'),
	('TXT_KEY_GREAT_PERSON_B__840', 'Ahmed Khaled'),
	('TXT_KEY_GREAT_PERSON_B__850', 'Lee Hsi-ming'),
	('TXT_KEY_GREAT_PERSON_B__860', 'Alireza Tangsiri'),
	('TXT_KEY_GREAT_PERSON_B__870', 'Louise Kathrine Dedichen'),
	('TXT_KEY_GREAT_PERSON_B__880', 'Bob Auchterlonie'),
	('TXT_KEY_GREAT_PERSON_B__890', 'Gladys Mbulaheni');

-- --------------------------------------------------------------------------------
--
--          G.MERCHANTS
--
-- --------------------------------------------------------------------------------

INSERT INTO Unit_UniqueNames
	(UnitType, UniqueName, EraType)
VALUES
	('UNIT_MERCHANT', 'TXT_KEY_GREAT_PERSON_N__010', 'ERA_CLASSICAL'), -- -600
	('UNIT_MERCHANT', 'TXT_KEY_GREAT_PERSON_N__020', 'ERA_MEDIEVAL'), -- 0752
	('UNIT_MERCHANT', 'TXT_KEY_GREAT_PERSON_N__030', 'ERA_MEDIEVAL'), -- 0877
	('UNIT_MERCHANT', 'TXT_KEY_GREAT_PERSON_N__040', 'ERA_MEDIEVAL'), -- 1010
	('UNIT_MERCHANT', 'TXT_KEY_GREAT_PERSON_N__050', 'ERA_MEDIEVAL'), -- 1029
	('UNIT_MERCHANT', 'TXT_KEY_GREAT_PERSON_N__060', 'ERA_MEDIEVAL'), -- 1094
	('UNIT_MERCHANT', 'TXT_KEY_GREAT_PERSON_N__070', 'ERA_MEDIEVAL'), -- 1266
	('UNIT_MERCHANT', 'TXT_KEY_GREAT_PERSON_N__080', 'ERA_MEDIEVAL'), -- 1280
	('UNIT_MERCHANT', 'TXT_KEY_GREAT_PERSON_N__090', 'ERA_MEDIEVAL'), -- 1332
	('UNIT_MERCHANT', 'TXT_KEY_GREAT_PERSON_N__100', 'ERA_MEDIEVAL'), -- 1395
	('UNIT_MERCHANT', 'TXT_KEY_GREAT_PERSON_N__110', 'ERA_MEDIEVAL'), -- 1400
	('UNIT_MERCHANT', 'TXT_KEY_GREAT_PERSON_N__120', 'ERA_RENAISSANCE'), -- 1454
	('UNIT_MERCHANT', 'TXT_KEY_GREAT_PERSON_N__130', 'ERA_RENAISSANCE'), -- 1497
	('UNIT_MERCHANT', 'TXT_KEY_GREAT_PERSON_N__140', 'ERA_RENAISSANCE'), -- 1517
	('UNIT_MERCHANT', 'TXT_KEY_GREAT_PERSON_N__150', 'ERA_RENAISSANCE'), -- 1519
	('UNIT_MERCHANT', 'TXT_KEY_GREAT_PERSON_N__160', 'ERA_RENAISSANCE'), -- 1571
	('UNIT_MERCHANT', 'TXT_KEY_GREAT_PERSON_N__170', 'ERA_RENAISSANCE'), -- 1575
	('UNIT_MERCHANT', 'TXT_KEY_GREAT_PERSON_N__180', 'ERA_RENAISSANCE'), -- 1579
	('UNIT_MERCHANT', 'TXT_KEY_GREAT_PERSON_N__190', 'ERA_RENAISSANCE'), -- 1586
	('UNIT_MERCHANT', 'TXT_KEY_GREAT_PERSON_N__200', 'ERA_RENAISSANCE'), -- 1621
	('UNIT_MERCHANT', 'TXT_KEY_GREAT_PERSON_N__210', 'ERA_RENAISSANCE'), -- 1627
	('UNIT_MERCHANT', 'TXT_KEY_GREAT_PERSON_N__220', 'ERA_RENAISSANCE'), -- 1632
	('UNIT_MERCHANT', 'TXT_KEY_GREAT_PERSON_N__230', 'ERA_RENAISSANCE'), -- 1660
	('UNIT_MERCHANT', 'TXT_KEY_GREAT_PERSON_N__240', 'ERA_RENAISSANCE'), -- 1724
	('UNIT_MERCHANT', 'TXT_KEY_GREAT_PERSON_N__250', 'ERA_RENAISSANCE'), -- 1738
	('UNIT_MERCHANT', 'TXT_KEY_GREAT_PERSON_N__260', 'ERA_RENAISSANCE'), -- 1744
	('UNIT_MERCHANT', 'TXT_KEY_GREAT_PERSON_N__270', 'ERA_RENAISSANCE'), -- 1755
	('UNIT_MERCHANT', 'TXT_KEY_GREAT_PERSON_N__280', 'ERA_RENAISSANCE'), -- 1761
	('UNIT_MERCHANT', 'TXT_KEY_GREAT_PERSON_N__290', 'ERA_RENAISSANCE'), -- 1769
	('UNIT_MERCHANT', 'TXT_KEY_GREAT_PERSON_N__300', 'ERA_RENAISSANCE'), -- 1771
	('UNIT_MERCHANT', 'TXT_KEY_GREAT_PERSON_N__310', 'ERA_RENAISSANCE'), -- 1777
	('UNIT_MERCHANT', 'TXT_KEY_GREAT_PERSON_N__320', 'ERA_RENAISSANCE'), -- 1778
	('UNIT_MERCHANT', 'TXT_KEY_GREAT_PERSON_N__330', 'ERA_RENAISSANCE'), -- 1781
	('UNIT_MERCHANT', 'TXT_KEY_GREAT_PERSON_N__340', 'ERA_RENAISSANCE'), -- 1792
	('UNIT_MERCHANT', 'TXT_KEY_GREAT_PERSON_N__350', 'ERA_RENAISSANCE'), -- 1813
	('UNIT_MERCHANT', 'TXT_KEY_GREAT_PERSON_N__360', 'ERA_RENAISSANCE'), -- 1814
	('UNIT_MERCHANT', 'TXT_KEY_GREAT_PERSON_N__370', 'ERA_RENAISSANCE'), -- 1825
	('UNIT_MERCHANT', 'TXT_KEY_GREAT_PERSON_N__380', 'ERA_RENAISSANCE'), -- 1832
	('UNIT_MERCHANT', 'TXT_KEY_GREAT_PERSON_N__390', 'ERA_RENAISSANCE'), -- 1833
	('UNIT_MERCHANT', 'TXT_KEY_GREAT_PERSON_N__400', 'ERA_RENAISSANCE'), -- 1835
	('UNIT_MERCHANT', 'TXT_KEY_GREAT_PERSON_N__410', 'ERA_RENAISSANCE'), -- 1835
	('UNIT_MERCHANT', 'TXT_KEY_GREAT_PERSON_N__420', 'ERA_RENAISSANCE'), -- 1837
	('UNIT_MERCHANT', 'TXT_KEY_GREAT_PERSON_N__430', 'ERA_RENAISSANCE'), -- 1839
	('UNIT_MERCHANT', 'TXT_KEY_GREAT_PERSON_N__440', 'ERA_RENAISSANCE'), -- 1839
	('UNIT_MERCHANT', 'TXT_KEY_GREAT_PERSON_N__450', 'ERA_INDUSTRIAL'), -- 1850
	('UNIT_MERCHANT', 'TXT_KEY_GREAT_PERSON_N__460', 'ERA_INDUSTRIAL'), -- 1851
	('UNIT_MERCHANT', 'TXT_KEY_GREAT_PERSON_N__470', 'ERA_INDUSTRIAL'), -- 1853
	('UNIT_MERCHANT', 'TXT_KEY_GREAT_PERSON_N__480', 'ERA_INDUSTRIAL'), -- 1860
	('UNIT_MERCHANT', 'TXT_KEY_GREAT_PERSON_N__490', 'ERA_INDUSTRIAL'), -- 1864
	('UNIT_MERCHANT', 'TXT_KEY_GREAT_PERSON_N__500', 'ERA_INDUSTRIAL'), -- 1867
	('UNIT_MERCHANT', 'TXT_KEY_GREAT_PERSON_N__510', 'ERA_INDUSTRIAL'), -- 1872
	('UNIT_MERCHANT', 'TXT_KEY_GREAT_PERSON_N__520', 'ERA_INDUSTRIAL'), -- 1872
	('UNIT_MERCHANT', 'TXT_KEY_GREAT_PERSON_N__530', 'ERA_INDUSTRIAL'), -- 1873
	('UNIT_MERCHANT', 'TXT_KEY_GREAT_PERSON_N__540', 'ERA_INDUSTRIAL'), -- 1875
	('UNIT_MERCHANT', 'TXT_KEY_GREAT_PERSON_N__550', 'ERA_INDUSTRIAL'), -- 1877
	('UNIT_MERCHANT', 'TXT_KEY_GREAT_PERSON_N__560', 'ERA_INDUSTRIAL'), -- 1878
	('UNIT_MERCHANT', 'TXT_KEY_GREAT_PERSON_N__570', 'ERA_INDUSTRIAL'), -- 1879
	('UNIT_MERCHANT', 'TXT_KEY_GREAT_PERSON_N__580', 'ERA_INDUSTRIAL'), -- 1886
	('UNIT_MERCHANT', 'TXT_KEY_GREAT_PERSON_N__590', 'ERA_INDUSTRIAL'), -- 1889
	('UNIT_MERCHANT', 'TXT_KEY_GREAT_PERSON_N__600', 'ERA_INDUSTRIAL'), -- 1891
	('UNIT_MERCHANT', 'TXT_KEY_GREAT_PERSON_N__610', 'ERA_INDUSTRIAL'), -- 1892
	('UNIT_MERCHANT', 'TXT_KEY_GREAT_PERSON_N__620', 'ERA_INDUSTRIAL'), -- 1894
	('UNIT_MERCHANT', 'TXT_KEY_GREAT_PERSON_N__630', 'ERA_INDUSTRIAL'), -- 1894
	('UNIT_MERCHANT', 'TXT_KEY_GREAT_PERSON_N__640', 'ERA_INDUSTRIAL'), -- 1908
	('UNIT_MERCHANT', 'TXT_KEY_GREAT_PERSON_N__650', 'ERA_INDUSTRIAL'), -- 1908
	('UNIT_MERCHANT', 'TXT_KEY_GREAT_PERSON_N__660', 'ERA_MODERN'), -- 1911
	('UNIT_MERCHANT', 'TXT_KEY_GREAT_PERSON_N__670', 'ERA_MODERN'), -- 1912
	('UNIT_MERCHANT', 'TXT_KEY_GREAT_PERSON_N__680', 'ERA_MODERN'), -- 1918
	('UNIT_MERCHANT', 'TXT_KEY_GREAT_PERSON_N__690', 'ERA_MODERN'), -- 1920
	('UNIT_MERCHANT', 'TXT_KEY_GREAT_PERSON_N__700', 'ERA_MODERN'), -- 1926
	('UNIT_MERCHANT', 'TXT_KEY_GREAT_PERSON_N__710', 'ERA_MODERN'), -- 1928
	('UNIT_MERCHANT', 'TXT_KEY_GREAT_PERSON_N__720', 'ERA_MODERN'), -- 1928
	('UNIT_MERCHANT', 'TXT_KEY_GREAT_PERSON_N__730', 'ERA_MODERN'), -- 1930
	('UNIT_MERCHANT', 'TXT_KEY_GREAT_PERSON_N__740', 'ERA_MODERN'), -- 1936
	('UNIT_MERCHANT', 'TXT_KEY_GREAT_PERSON_N__750', 'ERA_MODERN'), -- 1940
	('UNIT_MERCHANT', 'TXT_KEY_GREAT_PERSON_N__760', 'ERA_MODERN'), -- 1940
	('UNIT_MERCHANT', 'TXT_KEY_GREAT_PERSON_N__770', 'ERA_MODERN'), -- 1941
	('UNIT_MERCHANT', 'TXT_KEY_GREAT_PERSON_N__780', 'ERA_MODERN'), -- 1942
	('UNIT_MERCHANT', 'TXT_KEY_GREAT_PERSON_N__790', 'ERA_MODERN'), -- 1942
	('UNIT_MERCHANT', 'TXT_KEY_GREAT_PERSON_N__800', 'ERA_MODERN'), -- 1944
	('UNIT_MERCHANT', 'TXT_KEY_GREAT_PERSON_N__810', 'ERA_POSTMODERN'), -- 1945
	('UNIT_MERCHANT', 'TXT_KEY_GREAT_PERSON_N__820', 'ERA_POSTMODERN'), -- 1945
	('UNIT_MERCHANT', 'TXT_KEY_GREAT_PERSON_N__830', 'ERA_POSTMODERN'), -- 1946
	('UNIT_MERCHANT', 'TXT_KEY_GREAT_PERSON_N__840', 'ERA_POSTMODERN'), -- 1947
	('UNIT_MERCHANT', 'TXT_KEY_GREAT_PERSON_N__850', 'ERA_POSTMODERN'), -- 1949
	('UNIT_MERCHANT', 'TXT_KEY_GREAT_PERSON_N__860', 'ERA_POSTMODERN'), -- 1950
	('UNIT_MERCHANT', 'TXT_KEY_GREAT_PERSON_N__870', 'ERA_POSTMODERN'), -- 1953
	('UNIT_MERCHANT', 'TXT_KEY_GREAT_PERSON_N__880', 'ERA_POSTMODERN'), -- 1953
	('UNIT_MERCHANT', 'TXT_KEY_GREAT_PERSON_N__890', 'ERA_POSTMODERN'), -- 1954
	('UNIT_MERCHANT', 'TXT_KEY_GREAT_PERSON_N__900', 'ERA_POSTMODERN'), -- 1954
	('UNIT_MERCHANT', 'TXT_KEY_GREAT_PERSON_N__910', 'ERA_POSTMODERN'), -- 1955
	('UNIT_MERCHANT', 'TXT_KEY_GREAT_PERSON_N__920', 'ERA_POSTMODERN'), -- 1956
	('UNIT_MERCHANT', 'TXT_KEY_GREAT_PERSON_N__930', 'ERA_POSTMODERN'), -- 1957
	('UNIT_MERCHANT', 'TXT_KEY_GREAT_PERSON_N__940', 'ERA_POSTMODERN'), -- 1957
	('UNIT_MERCHANT', 'TXT_KEY_GREAT_PERSON_N__950', 'ERA_POSTMODERN'), -- 1957
	('UNIT_MERCHANT', 'TXT_KEY_GREAT_PERSON_N__960', 'ERA_POSTMODERN'), -- 1957
	('UNIT_MERCHANT', 'TXT_KEY_GREAT_PERSON_N__970', 'ERA_POSTMODERN'), -- 1960
	('UNIT_MERCHANT', 'TXT_KEY_GREAT_PERSON_N__980', 'ERA_POSTMODERN'), -- 1961
	('UNIT_MERCHANT', 'TXT_KEY_GREAT_PERSON_N__990', 'ERA_POSTMODERN'), -- 1962
	('UNIT_MERCHANT', 'TXT_KEY_GREAT_PERSON_N__A00', 'ERA_POSTMODERN'), -- 1963
	('UNIT_MERCHANT', 'TXT_KEY_GREAT_PERSON_N__A10', 'ERA_POSTMODERN'), -- 1964
	('UNIT_MERCHANT', 'TXT_KEY_GREAT_PERSON_N__A20', 'ERA_POSTMODERN'), -- 1964
	('UNIT_MERCHANT', 'TXT_KEY_GREAT_PERSON_N__A30', 'ERA_POSTMODERN'), -- 1965
	('UNIT_MERCHANT', 'TXT_KEY_GREAT_PERSON_N__A40', 'ERA_POSTMODERN'), -- 1967
	('UNIT_MERCHANT', 'TXT_KEY_GREAT_PERSON_N__A50', 'ERA_POSTMODERN'), -- 1968
	('UNIT_MERCHANT', 'TXT_KEY_GREAT_PERSON_N__A60', 'ERA_POSTMODERN'), -- 1975
	('UNIT_MERCHANT', 'TXT_KEY_GREAT_PERSON_N__A70', 'ERA_POSTMODERN'), -- 1980
	('UNIT_MERCHANT', 'TXT_KEY_GREAT_PERSON_N__A80', 'ERA_POSTMODERN'), -- 1980
	('UNIT_MERCHANT', 'TXT_KEY_GREAT_PERSON_N__A90', 'ERA_POSTMODERN'), -- 1980
	('UNIT_MERCHANT', 'TXT_KEY_GREAT_PERSON_N__B00', 'ERA_POSTMODERN'), -- 1983
	('UNIT_MERCHANT', 'TXT_KEY_GREAT_PERSON_N__B10', 'ERA_POSTMODERN'), -- 1983
	('UNIT_MERCHANT', 'TXT_KEY_GREAT_PERSON_N__B20', 'ERA_POSTMODERN'), -- 1983
	('UNIT_MERCHANT', 'TXT_KEY_GREAT_PERSON_N__B30', 'ERA_POSTMODERN'), -- 1984
	('UNIT_MERCHANT', 'TXT_KEY_GREAT_PERSON_N__B40', 'ERA_POSTMODERN'), -- 1984
	('UNIT_MERCHANT', 'TXT_KEY_GREAT_PERSON_N__B50', 'ERA_FUTURE'), -- 1990
	('UNIT_MERCHANT', 'TXT_KEY_GREAT_PERSON_N__B60', 'ERA_FUTURE'); -- 1990	
	
INSERT INTO Language_en_US
	(Tag, Text)
VALUES
	('TXT_KEY_GREAT_PERSON_N__010', 'Colaeus'),
	('TXT_KEY_GREAT_PERSON_N__020', 'Irene of Athens'),
	('TXT_KEY_GREAT_PERSON_N__030', 'Ibn Fadlân'),
	('TXT_KEY_GREAT_PERSON_N__040', 'Tunka Manin'),
	('TXT_KEY_GREAT_PERSON_N__050', 'al-Mustansir'),
	('TXT_KEY_GREAT_PERSON_N__060', 'Suryavarman'),
	('TXT_KEY_GREAT_PERSON_N__070', 'Zhou Daguan'),
	('TXT_KEY_GREAT_PERSON_N__080', 'Musa of Mali'),
	('TXT_KEY_GREAT_PERSON_N__090', 'Ibn Khaldoun'),
	('TXT_KEY_GREAT_PERSON_N__100', 'Jacques Cœur'),
	('TXT_KEY_GREAT_PERSON_N__110', 'Nyatsimba-Mutota'),
	('TXT_KEY_GREAT_PERSON_N__120', 'Amerigo Vespucci'),
	('TXT_KEY_GREAT_PERSON_N__130', 'Georg Giese'),
	('TXT_KEY_GREAT_PERSON_N__140', 'Konstanty Korniakt'),
	('TXT_KEY_GREAT_PERSON_N__150', 'Thomas Gresham'),
	('TXT_KEY_GREAT_PERSON_N__160', 'Shah Abbas'),
	('TXT_KEY_GREAT_PERSON_N__170', 'Tanaka Shosuke'),
	('TXT_KEY_GREAT_PERSON_N__180', 'Piero de'' Bardi'),
	('TXT_KEY_GREAT_PERSON_N__190', 'Kiliaen van Rensselaer'),
	('TXT_KEY_GREAT_PERSON_N__200', 'Augustine Herman'),
	('TXT_KEY_GREAT_PERSON_N__210', 'Isaac Allerton Jr.'),
	('TXT_KEY_GREAT_PERSON_N__220', 'Jeremias van Rensselaer'),
	('TXT_KEY_GREAT_PERSON_N__230', 'Osei Tutu'),
	('TXT_KEY_GREAT_PERSON_N__240', 'Henry Laurens'),
	('TXT_KEY_GREAT_PERSON_N__250', 'Mary Katherine Goddard'),
	('TXT_KEY_GREAT_PERSON_N__260', 'Thomas Mifflin'),
	('TXT_KEY_GREAT_PERSON_N__270', 'Petar Icko'),
	('TXT_KEY_GREAT_PERSON_N__280', 'Sava Tekelija'),
	('TXT_KEY_GREAT_PERSON_N__290', 'Howqua'),
	('TXT_KEY_GREAT_PERSON_N__300', 'James Underwood'),
	('TXT_KEY_GREAT_PERSON_N__310', 'Nathan Rothschild'),
	('TXT_KEY_GREAT_PERSON_N__320', 'Adrian van der Hoop'),
	('TXT_KEY_GREAT_PERSON_N__330', 'Thomas Stamford Raffles'),
	('TXT_KEY_GREAT_PERSON_N__340', 'Alexander Brodie Spark'),
	('TXT_KEY_GREAT_PERSON_N__350', 'Gustav Christian Schwabe'),
	('TXT_KEY_GREAT_PERSON_N__360', 'Heinrich Nestle'),
	('TXT_KEY_GREAT_PERSON_N__370', 'John Lynch'),
	('TXT_KEY_GREAT_PERSON_N__380', 'Tippu Tip'),
	('TXT_KEY_GREAT_PERSON_N__390', 'Sir William Dunn'),
	('TXT_KEY_GREAT_PERSON_N__400', 'John Fox'),
	('TXT_KEY_GREAT_PERSON_N__410', 'Goo Kim Fui'),
	('TXT_KEY_GREAT_PERSON_N__420', 'Christopher William Bunting'),
	('TXT_KEY_GREAT_PERSON_N__430', 'Jamsetji Nusserwanji Tata'),
	('TXT_KEY_GREAT_PERSON_N__440', 'William Andrews Clark'),
	('TXT_KEY_GREAT_PERSON_N__450', 'Rumaliza'),
	('TXT_KEY_GREAT_PERSON_N__460', 'Herman Adolph Flürscheim'),
	('TXT_KEY_GREAT_PERSON_N__470', 'Cecil Rhodes'),
	('TXT_KEY_GREAT_PERSON_N__480', 'Simon Iturri Patino'),
	('TXT_KEY_GREAT_PERSON_N__490', 'John Jacob Astor IV'),
	('TXT_KEY_GREAT_PERSON_N__500', 'Madam C.J. Walker'),
	('TXT_KEY_GREAT_PERSON_N__510', 'Helena Rubinstein'),
	('TXT_KEY_GREAT_PERSON_N__520', 'Tomé de Barros Queirós'),
	('TXT_KEY_GREAT_PERSON_N__530', 'Melitta Bentz'),
	('TXT_KEY_GREAT_PERSON_N__540', 'François Blais'),
	('TXT_KEY_GREAT_PERSON_N__550', 'Jesse Livermore'),
	('TXT_KEY_GREAT_PERSON_N__560', 'William Delbert Gann'),
	('TXT_KEY_GREAT_PERSON_N__570', 'Lim Nee Soon'),
	('TXT_KEY_GREAT_PERSON_N__580', 'Osman Ali Khan'),
	('TXT_KEY_GREAT_PERSON_N__590', 'William Albert Boucher'),
	('TXT_KEY_GREAT_PERSON_N__600', 'David Sarnoff'),
	('TXT_KEY_GREAT_PERSON_N__610', 'Raymond Rubicam'),
	('TXT_KEY_GREAT_PERSON_N__620', 'T.V.Soong'),
	('TXT_KEY_GREAT_PERSON_N__630', 'Yoyoda Tatsugoro'),
	('TXT_KEY_GREAT_PERSON_N__640', 'Estée Lauder'),
	('TXT_KEY_GREAT_PERSON_N__650', 'Masaru Ibuka'),
	('TXT_KEY_GREAT_PERSON_N__660', 'David Ogilvy'),
	('TXT_KEY_GREAT_PERSON_N__670', 'Taiichi Ohno'),
	('TXT_KEY_GREAT_PERSON_N__680', 'Sam Walton'),
	('TXT_KEY_GREAT_PERSON_N__690', 'Karl Albrecht'),
	('TXT_KEY_GREAT_PERSON_N__700', 'Ingvar Kamprad'),
	('TXT_KEY_GREAT_PERSON_N__710', 'Li Ka-Shing'),
	('TXT_KEY_GREAT_PERSON_N__720', 'Lee Shau-kee'),
	('TXT_KEY_GREAT_PERSON_N__730', 'George Soros'),
	('TXT_KEY_GREAT_PERSON_N__740', 'Carl Icahn'),
	('TXT_KEY_GREAT_PERSON_N__750', 'Carlos Slim'),
	('TXT_KEY_GREAT_PERSON_N__760', 'Muhammad Yunus'),
	('TXT_KEY_GREAT_PERSON_N__770', 'Steven Spurrier'),
	('TXT_KEY_GREAT_PERSON_N__780', 'Lee Kun-hee'),
	('TXT_KEY_GREAT_PERSON_N__790', 'Jim Rogers'),
	('TXT_KEY_GREAT_PERSON_N__800', 'Bharat Shah'),
	('TXT_KEY_GREAT_PERSON_N__810', 'Richard Dennis'),
	('TXT_KEY_GREAT_PERSON_N__820', 'Nicky Oppenheimer'),
	('TXT_KEY_GREAT_PERSON_N__830', 'Haji Bolkiah'),
	('TXT_KEY_GREAT_PERSON_N__840', 'Scrooge McDuck'),
	('TXT_KEY_GREAT_PERSON_N__850', 'Bernard Arnault'),
	('TXT_KEY_GREAT_PERSON_N__860', 'Johann Peter Rupert'),
	('TXT_KEY_GREAT_PERSON_N__870', 'Mike Adenuga'),
	('TXT_KEY_GREAT_PERSON_N__880', 'Kiran Mazumdar-Shaw'),
	('TXT_KEY_GREAT_PERSON_N__890', 'Paul Tudor Jones'),
	('TXT_KEY_GREAT_PERSON_N__900', 'Zhong Shanshan'),
	('TXT_KEY_GREAT_PERSON_N__910', 'John Paulson'),
	('TXT_KEY_GREAT_PERSON_N__920', 'Steven Cohen'),
	('TXT_KEY_GREAT_PERSON_N__930', 'Mukesh Ambani'),
	('TXT_KEY_GREAT_PERSON_N__940', 'Aliko Dangote'),
	('TXT_KEY_GREAT_PERSON_N__950', 'Masayoshi Son'),
	('TXT_KEY_GREAT_PERSON_N__960', 'David Tepper'),
	('TXT_KEY_GREAT_PERSON_N__970', 'Abdul Samad Rabiu'),
	('TXT_KEY_GREAT_PERSON_N__980', 'Nassef Sawiris'),
	('TXT_KEY_GREAT_PERSON_N__990', 'Patrice Motsepe'),
	('TXT_KEY_GREAT_PERSON_N__A00', 'Mikhail Khodorkovsky'),
	('TXT_KEY_GREAT_PERSON_N__A10', 'Jeff Bezos'),
	('TXT_KEY_GREAT_PERSON_N__A20', 'Jack Ma'),
	('TXT_KEY_GREAT_PERSON_N__A30', 'Michael Dell'),
	('TXT_KEY_GREAT_PERSON_N__A40', 'Nick Leeson'),
	('TXT_KEY_GREAT_PERSON_N__A50', 'Jerry Jang'),
	('TXT_KEY_GREAT_PERSON_N__A60', 'Mohammed Dewji'),
	('TXT_KEY_GREAT_PERSON_N__A70', 'Colin Huang Zheng'),
	('TXT_KEY_GREAT_PERSON_N__A80', 'Mathew Randall Ishbia'),
	('TXT_KEY_GREAT_PERSON_N__A90', 'Frank Wang'),
	('TXT_KEY_GREAT_PERSON_N__B00', 'Kevin Systrom'),
	('TXT_KEY_GREAT_PERSON_N__B10', 'RJ Scaringe'),
	('TXT_KEY_GREAT_PERSON_N__B20', 'Daniel Ek'),
	('TXT_KEY_GREAT_PERSON_N__B30', 'Pavel Valerievitch Dourov'),
	('TXT_KEY_GREAT_PERSON_N__B40', 'Nathan Blecharczyk'),
	('TXT_KEY_GREAT_PERSON_N__B50', 'John Collison'),
	('TXT_KEY_GREAT_PERSON_N__B60', 'Evan Spiegel');

-- --------------------------------------------------------------------------------
--
--          G.ENGINEERS
--
-- --------------------------------------------------------------------------------

INSERT INTO Unit_UniqueNames
	(UnitType, UniqueName, EraType)
VALUES
	('UNIT_ENGINEER', 'TXT_KEY_GREAT_PERSON_E__010', 'ERA_ANCIENT'), -- -1250
	('UNIT_ENGINEER', 'TXT_KEY_GREAT_PERSON_E__020', 'ERA_CLASSICAL'), -- -650
	('UNIT_ENGINEER', 'TXT_KEY_GREAT_PERSON_E__030', 'ERA_CLASSICAL'), -- -450
	('UNIT_ENGINEER', 'TXT_KEY_GREAT_PERSON_E__040', 'ERA_CLASSICAL'), -- -090
	('UNIT_ENGINEER', 'TXT_KEY_GREAT_PERSON_E__050', 'ERA_CLASSICAL'), -- 0055
	('UNIT_ENGINEER', 'TXT_KEY_GREAT_PERSON_E__060', 'ERA_MEDIEVAL'), -- 0442
	('UNIT_ENGINEER', 'TXT_KEY_GREAT_PERSON_E__070', 'ERA_MEDIEVAL'), -- 0474
	('UNIT_ENGINEER', 'TXT_KEY_GREAT_PERSON_E__080', 'ERA_MEDIEVAL'), -- 0897
	('UNIT_ENGINEER', 'TXT_KEY_GREAT_PERSON_E__090', 'ERA_MEDIEVAL'), -- 0950
	('UNIT_ENGINEER', 'TXT_KEY_GREAT_PERSON_E__100', 'ERA_MEDIEVAL'), -- 0950
	('UNIT_ENGINEER', 'TXT_KEY_GREAT_PERSON_E__110', 'ERA_MEDIEVAL'), -- 1020
	('UNIT_ENGINEER', 'TXT_KEY_GREAT_PERSON_E__120', 'ERA_MEDIEVAL'), -- 1136
	('UNIT_ENGINEER', 'TXT_KEY_GREAT_PERSON_E__130', 'ERA_MEDIEVAL'), -- 1400
	('UNIT_ENGINEER', 'TXT_KEY_GREAT_PERSON_E__140', 'ERA_RENAISSANCE'), -- 1490
	('UNIT_ENGINEER', 'TXT_KEY_GREAT_PERSON_E__150', 'ERA_RENAISSANCE'), -- 1500
	('UNIT_ENGINEER', 'TXT_KEY_GREAT_PERSON_E__160', 'ERA_RENAISSANCE'), -- 1501
	('UNIT_ENGINEER', 'TXT_KEY_GREAT_PERSON_E__170', 'ERA_RENAISSANCE'), -- 1526
	('UNIT_ENGINEER', 'TXT_KEY_GREAT_PERSON_E__180', 'ERA_RENAISSANCE'), -- 1570
	('UNIT_ENGINEER', 'TXT_KEY_GREAT_PERSON_E__190', 'ERA_RENAISSANCE'), -- 1571
	('UNIT_ENGINEER', 'TXT_KEY_GREAT_PERSON_E__200', 'ERA_RENAISSANCE'), -- 1573
	('UNIT_ENGINEER', 'TXT_KEY_GREAT_PERSON_E__210', 'ERA_RENAISSANCE'), -- 1724
	('UNIT_ENGINEER', 'TXT_KEY_GREAT_PERSON_E__220', 'ERA_RENAISSANCE'), -- 1724
	('UNIT_ENGINEER', 'TXT_KEY_GREAT_PERSON_E__230', 'ERA_RENAISSANCE'), -- 1739
	('UNIT_ENGINEER', 'TXT_KEY_GREAT_PERSON_E__240', 'ERA_RENAISSANCE'), -- 1764
	('UNIT_ENGINEER', 'TXT_KEY_GREAT_PERSON_E__250', 'ERA_RENAISSANCE'), -- 1771
	('UNIT_ENGINEER', 'TXT_KEY_GREAT_PERSON_E__260', 'ERA_RENAISSANCE'), -- 1781
	('UNIT_ENGINEER', 'TXT_KEY_GREAT_PERSON_E__270', 'ERA_RENAISSANCE'), -- 1791
	('UNIT_ENGINEER', 'TXT_KEY_GREAT_PERSON_E__280', 'ERA_RENAISSANCE'), -- 1796
	('UNIT_ENGINEER', 'TXT_KEY_GREAT_PERSON_E__290', 'ERA_RENAISSANCE'), -- 1801
	('UNIT_ENGINEER', 'TXT_KEY_GREAT_PERSON_E__300', 'ERA_RENAISSANCE'), -- 1801	
	('UNIT_ENGINEER', 'TXT_KEY_GREAT_PERSON_E__310', 'ERA_RENAISSANCE'), -- 1803
	('UNIT_ENGINEER', 'TXT_KEY_GREAT_PERSON_E__320', 'ERA_RENAISSANCE'), -- 1827
	('UNIT_ENGINEER', 'TXT_KEY_GREAT_PERSON_E__330', 'ERA_RENAISSANCE'), -- 1838	
	('UNIT_ENGINEER', 'TXT_KEY_GREAT_PERSON_E__340', 'ERA_INDUSTRIAL'), -- 1840
	('UNIT_ENGINEER', 'TXT_KEY_GREAT_PERSON_E__350', 'ERA_INDUSTRIAL'), -- 1844
	('UNIT_ENGINEER', 'TXT_KEY_GREAT_PERSON_E__360', 'ERA_INDUSTRIAL'), -- 1847
	('UNIT_ENGINEER', 'TXT_KEY_GREAT_PERSON_E__370', 'ERA_INDUSTRIAL'), -- 1849	
	('UNIT_ENGINEER', 'TXT_KEY_GREAT_PERSON_E__380', 'ERA_INDUSTRIAL'), -- 1853
	('UNIT_ENGINEER', 'TXT_KEY_GREAT_PERSON_E__390', 'ERA_INDUSTRIAL'), -- 1854
	('UNIT_ENGINEER', 'TXT_KEY_GREAT_PERSON_E__400', 'ERA_INDUSTRIAL'), -- 1858
	('UNIT_ENGINEER', 'TXT_KEY_GREAT_PERSON_E__410', 'ERA_INDUSTRIAL'), -- 1862
	('UNIT_ENGINEER', 'TXT_KEY_GREAT_PERSON_E__420', 'ERA_INDUSTRIAL'), -- 1862	
	('UNIT_ENGINEER', 'TXT_KEY_GREAT_PERSON_E__430', 'ERA_INDUSTRIAL'), -- 1864
	('UNIT_ENGINEER', 'TXT_KEY_GREAT_PERSON_E__440', 'ERA_INDUSTRIAL'), -- 1872	
	('UNIT_ENGINEER', 'TXT_KEY_GREAT_PERSON_E__450', 'ERA_INDUSTRIAL'), -- 1873
	('UNIT_ENGINEER', 'TXT_KEY_GREAT_PERSON_E__460', 'ERA_INDUSTRIAL'), -- 1873
	('UNIT_ENGINEER', 'TXT_KEY_GREAT_PERSON_E__470', 'ERA_INDUSTRIAL'), -- 1874
	('UNIT_ENGINEER', 'TXT_KEY_GREAT_PERSON_E__480', 'ERA_INDUSTRIAL'), -- 1878
	('UNIT_ENGINEER', 'TXT_KEY_GREAT_PERSON_E__490', 'ERA_INDUSTRIAL'), -- 1878
	('UNIT_ENGINEER', 'TXT_KEY_GREAT_PERSON_E__500', 'ERA_INDUSTRIAL'), -- 1881
	('UNIT_ENGINEER', 'TXT_KEY_GREAT_PERSON_E__510', 'ERA_INDUSTRIAL'), -- 1887
	('UNIT_ENGINEER', 'TXT_KEY_GREAT_PERSON_E__520', 'ERA_INDUSTRIAL'), -- 1897
	('UNIT_ENGINEER', 'TXT_KEY_GREAT_PERSON_E__530', 'ERA_INDUSTRIAL'), -- 1905
	('UNIT_ENGINEER', 'TXT_KEY_GREAT_PERSON_E__540', 'ERA_INDUSTRIAL'), -- 1905
	('UNIT_ENGINEER', 'TXT_KEY_GREAT_PERSON_E__550', 'ERA_INDUSTRIAL'), -- 1906
	('UNIT_ENGINEER', 'TXT_KEY_GREAT_PERSON_E__560', 'ERA_INDUSTRIAL'), -- 1906
	('UNIT_ENGINEER', 'TXT_KEY_GREAT_PERSON_E__570', 'ERA_INDUSTRIAL'), -- 1906
	('UNIT_ENGINEER', 'TXT_KEY_GREAT_PERSON_E__580', 'ERA_INDUSTRIAL'), -- 1906
	('UNIT_ENGINEER', 'TXT_KEY_GREAT_PERSON_E__590', 'ERA_INDUSTRIAL'), -- 1907	
	('UNIT_ENGINEER', 'TXT_KEY_GREAT_PERSON_E__600', 'ERA_INDUSTRIAL'), -- 1909
	('UNIT_ENGINEER', 'TXT_KEY_GREAT_PERSON_E__610', 'ERA_INDUSTRIAL'), -- 1910
	('UNIT_ENGINEER', 'TXT_KEY_GREAT_PERSON_E__620', 'ERA_MODERN'), -- 1914
	('UNIT_ENGINEER', 'TXT_KEY_GREAT_PERSON_E__630', 'ERA_MODERN'), -- 1917
	('UNIT_ENGINEER', 'TXT_KEY_GREAT_PERSON_E__640', 'ERA_MODERN'), -- 1917
	('UNIT_ENGINEER', 'TXT_KEY_GREAT_PERSON_E__650', 'ERA_MODERN'), -- 1921
	('UNIT_ENGINEER', 'TXT_KEY_GREAT_PERSON_E__660', 'ERA_MODERN'), -- 1921
	('UNIT_ENGINEER', 'TXT_KEY_GREAT_PERSON_E__670', 'ERA_MODERN'), -- 1923
	('UNIT_ENGINEER', 'TXT_KEY_GREAT_PERSON_E__680', 'ERA_MODERN'), -- 1923
	('UNIT_ENGINEER', 'TXT_KEY_GREAT_PERSON_E__690', 'ERA_MODERN'), -- 1924
	('UNIT_ENGINEER', 'TXT_KEY_GREAT_PERSON_E__700', 'ERA_MODERN'), -- 1925
	('UNIT_ENGINEER', 'TXT_KEY_GREAT_PERSON_E__710', 'ERA_MODERN'), -- 1927
	('UNIT_ENGINEER', 'TXT_KEY_GREAT_PERSON_E__720', 'ERA_MODERN'), -- 1929
	('UNIT_ENGINEER', 'TXT_KEY_GREAT_PERSON_E__730', 'ERA_MODERN'), -- 1931
	('UNIT_ENGINEER', 'TXT_KEY_GREAT_PERSON_E__740', 'ERA_MODERN'), -- 1942
	('UNIT_ENGINEER', 'TXT_KEY_GREAT_PERSON_E__750', 'ERA_MODERN'), -- 1943
	('UNIT_ENGINEER', 'TXT_KEY_GREAT_PERSON_E__760', 'ERA_POSTMODERN'), -- 1946
	('UNIT_ENGINEER', 'TXT_KEY_GREAT_PERSON_E__770', 'ERA_POSTMODERN'), -- 1950
	('UNIT_ENGINEER', 'TXT_KEY_GREAT_PERSON_E__780', 'ERA_POSTMODERN'), -- 1952
	('UNIT_ENGINEER', 'TXT_KEY_GREAT_PERSON_E__790', 'ERA_POSTMODERN'), -- 1954
	('UNIT_ENGINEER', 'TXT_KEY_GREAT_PERSON_E__800', 'ERA_POSTMODERN'), -- 1956	
	('UNIT_ENGINEER', 'TXT_KEY_GREAT_PERSON_E__810', 'ERA_POSTMODERN'), -- 1959
	('UNIT_ENGINEER', 'TXT_KEY_GREAT_PERSON_E__820', 'ERA_POSTMODERN'), -- 1970
	('UNIT_ENGINEER', 'TXT_KEY_GREAT_PERSON_E__830', 'ERA_POSTMODERN'), -- 1970
	('UNIT_ENGINEER', 'TXT_KEY_GREAT_PERSON_E__840', 'ERA_POSTMODERN'), -- 1971
	('UNIT_ENGINEER', 'TXT_KEY_GREAT_PERSON_E__850', 'ERA_POSTMODERN'); -- 1971
	
INSERT INTO Language_en_US
	(Tag, Text)
VALUES
	('TXT_KEY_GREAT_PERSON_E__010', 'Tapputi'),
	('TXT_KEY_GREAT_PERSON_E__020', 'Eupalinos'),
	('TXT_KEY_GREAT_PERSON_E__030', 'Ximen Bao'),
	('TXT_KEY_GREAT_PERSON_E__040', 'Marcus Vitruvius Pollio'),
	('TXT_KEY_GREAT_PERSON_E__050', 'Apollodorus of Damascus'),
	('TXT_KEY_GREAT_PERSON_E__060', 'Isidore of Miletus'),
	('TXT_KEY_GREAT_PERSON_E__070', 'Anthemius of Tralles'),
	('TXT_KEY_GREAT_PERSON_E__080', 'Al-Ishafani'),
	('TXT_KEY_GREAT_PERSON_E__090', 'Yu Hao'),
	('TXT_KEY_GREAT_PERSON_E__100', 'Maslama am-Majriti'),
	('TXT_KEY_GREAT_PERSON_E__110', 'Su Song'),
	('TXT_KEY_GREAT_PERSON_E__120', 'Al-Jazari'),
	('TXT_KEY_GREAT_PERSON_E__130', 'Senenmut'),
	('TXT_KEY_GREAT_PERSON_E__140', 'Mimar Sinan'),
	('TXT_KEY_GREAT_PERSON_E__150', 'Gunadharma'),
	('TXT_KEY_GREAT_PERSON_E__160', 'Juanelo Turriano'),
	('TXT_KEY_GREAT_PERSON_E__170', 'Taqi al-Din'),
	('TXT_KEY_GREAT_PERSON_E__180', 'Koca Kasim Aga'),
	('TXT_KEY_GREAT_PERSON_E__190', 'Giovanni Branca'),
	('TXT_KEY_GREAT_PERSON_E__200', 'Hugues Cosnier'),
	('TXT_KEY_GREAT_PERSON_E__210', 'John Smeaton'),
	('TXT_KEY_GREAT_PERSON_E__220', 'Nicolas Joseph Cugnot'),
	('TXT_KEY_GREAT_PERSON_E__230', 'John Spilsbury'),
	('TXT_KEY_GREAT_PERSON_E__240', 'Krikor Balyan'),
	('TXT_KEY_GREAT_PERSON_E__250', 'Richard Trevithick'),	
	('TXT_KEY_GREAT_PERSON_E__260', 'George Stephenson'),
	('TXT_KEY_GREAT_PERSON_E__270', 'Charles Babbage'),
	('TXT_KEY_GREAT_PERSON_E__280', 'Sadi Carnot'),	
	('TXT_KEY_GREAT_PERSON_E__290', 'Jacques Triger'),
	('TXT_KEY_GREAT_PERSON_E__300', 'Moritz von Jacobi'),	
	('TXT_KEY_GREAT_PERSON_E__310', 'Joseph Whitworth'),
	('TXT_KEY_GREAT_PERSON_E__320', 'Sandford Fleming'),
	('TXT_KEY_GREAT_PERSON_E__330', 'Ferdinand von Zeppelin'),
	('TXT_KEY_GREAT_PERSON_E__340', 'Henri Fayol'),
	('TXT_KEY_GREAT_PERSON_E__350', 'Elijah McCoy'),
	('TXT_KEY_GREAT_PERSON_E__360', 'Nikolaï Joukovski'),
	('TXT_KEY_GREAT_PERSON_E__370', 'Raoul Mesnier du Ponsard'),
	('TXT_KEY_GREAT_PERSON_E__380', 'Vladimir Choukhov'),
	('TXT_KEY_GREAT_PERSON_E__390', 'Anghel Saligny'),
	('TXT_KEY_GREAT_PERSON_E__400', 'Rudolf Diesel'),
	('TXT_KEY_GREAT_PERSON_E__410', 'Visvesvaraya'),
	('TXT_KEY_GREAT_PERSON_E__420', 'Miguel Ángel de Quevedo'),
	('TXT_KEY_GREAT_PERSON_E__430', 'Louis Lumière'),
	('TXT_KEY_GREAT_PERSON_E__440', 'Ivan Boubnov'),
	('TXT_KEY_GREAT_PERSON_E__450', 'Lee De Forest'),
	('TXT_KEY_GREAT_PERSON_E__460', 'Alberto Santos-Dumont'),
	('TXT_KEY_GREAT_PERSON_E__470', 'Pedro Paulet'),
	('TXT_KEY_GREAT_PERSON_E__480', 'Stephen Timoshenko'),
	('TXT_KEY_GREAT_PERSON_E__490', 'Ryoichi Yazu'),
	('TXT_KEY_GREAT_PERSON_E__500', 'George Constantinescu'),
	('TXT_KEY_GREAT_PERSON_E__510', 'Barnes Wallis'),
	('TXT_KEY_GREAT_PERSON_E__520', 'Kálmán Tihanyi'),
	('TXT_KEY_GREAT_PERSON_E__530', 'Dante Giacosa'),
	('TXT_KEY_GREAT_PERSON_E__540', 'Tommy Flowers'),
	('TXT_KEY_GREAT_PERSON_E__550', 'Sergueï Korolev'),
	('TXT_KEY_GREAT_PERSON_E__560', 'Soichiro Honda'),
	('TXT_KEY_GREAT_PERSON_E__570', 'Oleg Antonov'),
	('TXT_KEY_GREAT_PERSON_E__580', 'Alec Issigonis'),
	('TXT_KEY_GREAT_PERSON_E__590', 'Nikolaï Nikitin'),
	('TXT_KEY_GREAT_PERSON_E__600', 'Mahmoud Mohamed Taha'),
	('TXT_KEY_GREAT_PERSON_E__610', 'Pierre Bézier'),
	('TXT_KEY_GREAT_PERSON_E__620', 'Hedy Lamarr'),
	('TXT_KEY_GREAT_PERSON_E__630', 'Ilya Prigogine'),
	('TXT_KEY_GREAT_PERSON_E__640', 'Guillermo González Camarena'),
	('TXT_KEY_GREAT_PERSON_E__650', 'Joseph F. Sutter'),
	('TXT_KEY_GREAT_PERSON_E__660', 'Richard Whitcomb'),	
	('TXT_KEY_GREAT_PERSON_E__670', 'Muzharul Islam'),
	('TXT_KEY_GREAT_PERSON_E__680', 'Jack Kilby'),
	('TXT_KEY_GREAT_PERSON_E__690', 'Giulio Alfieri'),
	('TXT_KEY_GREAT_PERSON_E__700', 'Luis Miramontes'),
	('TXT_KEY_GREAT_PERSON_E__710', 'Jacek Karpinski'),
	('TXT_KEY_GREAT_PERSON_E__720', 'Fazlur Khan'),
	('TXT_KEY_GREAT_PERSON_E__730', 'James Edward Maceo West'),
	('TXT_KEY_GREAT_PERSON_E__740', 'Patricia Bath'),
	('TXT_KEY_GREAT_PERSON_E__750', 'Burt Rutan'),
	('TXT_KEY_GREAT_PERSON_E__760', 'Ken Yeang'),
	('TXT_KEY_GREAT_PERSON_E__770', 'Steve Wozniak'),
	('TXT_KEY_GREAT_PERSON_E__780', 'Carlos paz de Araujo'),
	('TXT_KEY_GREAT_PERSON_E__790', 'Luca Cardelli'),
	('TXT_KEY_GREAT_PERSON_E__800', 'Fassi Kafyeke'),
	('TXT_KEY_GREAT_PERSON_E__810', 'Reza Ghadiri'),
	('TXT_KEY_GREAT_PERSON_E__820', 'Grant Imahara'),
	('TXT_KEY_GREAT_PERSON_E__830', 'Mulalo Doyoyo'),
	('TXT_KEY_GREAT_PERSON_E__840', 'Elon Musk'),
	('TXT_KEY_GREAT_PERSON_E__850', 'Antonia Terzi');

-- --------------------------------------------------------------------------------
--
--          G.SCIENTISTS
--
-- --------------------------------------------------------------------------------

INSERT INTO Unit_UniqueNames
	(UnitType, UniqueName, EraType)
VALUES	
	('UNIT_SCIENTIST', 'TXT_KEY_GREAT_PERSON_S__010', 'ERA_ANCIENT'), -- -1660
	('UNIT_SCIENTIST', 'TXT_KEY_GREAT_PERSON_S__020', 'ERA_CLASSICAL'), -- -610
	('UNIT_SCIENTIST', 'TXT_KEY_GREAT_PERSON_S__030', 'ERA_CLASSICAL'), -- -276
	('UNIT_SCIENTIST', 'TXT_KEY_GREAT_PERSON_S__040', 'ERA_CLASSICAL'), -- -190
	('UNIT_SCIENTIST', 'TXT_KEY_GREAT_PERSON_S__050', 'ERA_CLASSICAL'), -- 0100
	('UNIT_SCIENTIST', 'TXT_KEY_GREAT_PERSON_S__060', 'ERA_CLASSICAL'), -- 0129
	('UNIT_SCIENTIST', 'TXT_KEY_GREAT_PERSON_S__070', 'ERA_CLASSICAL'), -- 0224
	('UNIT_SCIENTIST', 'TXT_KEY_GREAT_PERSON_S__080', 'ERA_MEDIEVAL'), -- 0400
	('UNIT_SCIENTIST', 'TXT_KEY_GREAT_PERSON_S__090', 'ERA_MEDIEVAL'), -- 0490
	('UNIT_SCIENTIST', 'TXT_KEY_GREAT_PERSON_S__100', 'ERA_MEDIEVAL'), -- 0598
	('UNIT_SCIENTIST', 'TXT_KEY_GREAT_PERSON_S__110', 'ERA_MEDIEVAL'), -- 0626
	('UNIT_SCIENTIST', 'TXT_KEY_GREAT_PERSON_S__120', 'ERA_MEDIEVAL'), -- 0770
	('UNIT_SCIENTIST', 'TXT_KEY_GREAT_PERSON_S__130', 'ERA_MEDIEVAL'), -- 0800
	('UNIT_SCIENTIST', 'TXT_KEY_GREAT_PERSON_S__140', 'ERA_MEDIEVAL'), -- 0858
	('UNIT_SCIENTIST', 'TXT_KEY_GREAT_PERSON_S__150', 'ERA_MEDIEVAL'), -- 0936
	('UNIT_SCIENTIST', 'TXT_KEY_GREAT_PERSON_S__160', 'ERA_MEDIEVAL'), -- 0940
	('UNIT_SCIENTIST', 'TXT_KEY_GREAT_PERSON_S__170', 'ERA_MEDIEVAL'), -- 0965
	('UNIT_SCIENTIST', 'TXT_KEY_GREAT_PERSON_S__180', 'ERA_MEDIEVAL'), -- 0973
	('UNIT_SCIENTIST', 'TXT_KEY_GREAT_PERSON_S__190', 'ERA_MEDIEVAL'), -- 1050
	('UNIT_SCIENTIST', 'TXT_KEY_GREAT_PERSON_S__200', 'ERA_MEDIEVAL'), -- 1208
	('UNIT_SCIENTIST', 'TXT_KEY_GREAT_PERSON_S__210', 'ERA_MEDIEVAL'), -- 1236
	('UNIT_SCIENTIST', 'TXT_KEY_GREAT_PERSON_S__220', 'ERA_MEDIEVAL'), -- 1340
	('UNIT_SCIENTIST', 'TXT_KEY_GREAT_PERSON_S__230', 'ERA_MEDIEVAL'), -- 1394
	('UNIT_SCIENTIST', 'TXT_KEY_GREAT_PERSON_S__240', 'ERA_RENAISSANCE'), -- 1578
	('UNIT_SCIENTIST', 'TXT_KEY_GREAT_PERSON_S__250', 'ERA_RENAISSANCE'), -- 1587
	('UNIT_SCIENTIST', 'TXT_KEY_GREAT_PERSON_S__260', 'ERA_RENAISSANCE'), -- 1635
	('UNIT_SCIENTIST', 'TXT_KEY_GREAT_PERSON_S__270', 'ERA_RENAISSANCE'), -- 1642
	('UNIT_SCIENTIST', 'TXT_KEY_GREAT_PERSON_S__280', 'ERA_RENAISSANCE'), -- 1700
	('UNIT_SCIENTIST', 'TXT_KEY_GREAT_PERSON_S__290', 'ERA_RENAISSANCE'), -- 1706
	('UNIT_SCIENTIST', 'TXT_KEY_GREAT_PERSON_S__300', 'ERA_RENAISSANCE'), -- 1707
	('UNIT_SCIENTIST', 'TXT_KEY_GREAT_PERSON_S__310', 'ERA_RENAISSANCE'), -- 1740
	('UNIT_SCIENTIST', 'TXT_KEY_GREAT_PERSON_S__320', 'ERA_RENAISSANCE'), -- 1745
	('UNIT_SCIENTIST', 'TXT_KEY_GREAT_PERSON_S__330', 'ERA_RENAISSANCE'), -- 1746
	('UNIT_SCIENTIST', 'TXT_KEY_GREAT_PERSON_S__340', 'ERA_RENAISSANCE'), -- 1768
	('UNIT_SCIENTIST', 'TXT_KEY_GREAT_PERSON_S__350', 'ERA_RENAISSANCE'), -- 1800
	('UNIT_SCIENTIST', 'TXT_KEY_GREAT_PERSON_S__360', 'ERA_RENAISSANCE'), -- 1802
	('UNIT_SCIENTIST', 'TXT_KEY_GREAT_PERSON_S__370', 'ERA_RENAISSANCE'), -- 1811
	('UNIT_SCIENTIST', 'TXT_KEY_GREAT_PERSON_S__380', 'ERA_RENAISSANCE'), -- 1815
	('UNIT_SCIENTIST', 'TXT_KEY_GREAT_PERSON_S__390', 'ERA_RENAISSANCE'), -- 1820
	('UNIT_SCIENTIST', 'TXT_KEY_GREAT_PERSON_S__400', 'ERA_RENAISSANCE'), -- 1849
	('UNIT_SCIENTIST', 'TXT_KEY_GREAT_PERSON_S__410', 'ERA_INDUSTRIAL'), -- 1850
	('UNIT_SCIENTIST', 'TXT_KEY_GREAT_PERSON_S__420', 'ERA_INDUSTRIAL'), -- 1852
	('UNIT_SCIENTIST', 'TXT_KEY_GREAT_PERSON_S__430', 'ERA_INDUSTRIAL'), -- 1852
	('UNIT_SCIENTIST', 'TXT_KEY_GREAT_PERSON_S__440', 'ERA_INDUSTRIAL'), -- 1858
	('UNIT_SCIENTIST', 'TXT_KEY_GREAT_PERSON_S__450', 'ERA_INDUSTRIAL'), -- 1884
	('UNIT_SCIENTIST', 'TXT_KEY_GREAT_PERSON_S__460', 'ERA_INDUSTRIAL'), -- 1885
	('UNIT_SCIENTIST', 'TXT_KEY_GREAT_PERSON_S__470', 'ERA_INDUSTRIAL'), -- 1887
	('UNIT_SCIENTIST', 'TXT_KEY_GREAT_PERSON_S__480', 'ERA_INDUSTRIAL'), -- 1887
	('UNIT_SCIENTIST', 'TXT_KEY_GREAT_PERSON_S__490', 'ERA_INDUSTRIAL'), -- 1889
	('UNIT_SCIENTIST', 'TXT_KEY_GREAT_PERSON_S__500', 'ERA_INDUSTRIAL'), -- 1897
	('UNIT_SCIENTIST', 'TXT_KEY_GREAT_PERSON_S__510', 'ERA_INDUSTRIAL'), -- 1892
	('UNIT_SCIENTIST', 'TXT_KEY_GREAT_PERSON_S__520', 'ERA_INDUSTRIAL'), -- 1898
	('UNIT_SCIENTIST', 'TXT_KEY_GREAT_PERSON_S__530', 'ERA_INDUSTRIAL'), -- 1901
	('UNIT_SCIENTIST', 'TXT_KEY_GREAT_PERSON_S__540', 'ERA_INDUSTRIAL'), -- 1908
	('UNIT_SCIENTIST', 'TXT_KEY_GREAT_PERSON_S__550', 'ERA_INDUSTRIAL'), -- 1910
	('UNIT_SCIENTIST', 'TXT_KEY_GREAT_PERSON_S__560', 'ERA_MODERN'), -- 1911
	('UNIT_SCIENTIST', 'TXT_KEY_GREAT_PERSON_S__570', 'ERA_MODERN'), -- 1912
	('UNIT_SCIENTIST', 'TXT_KEY_GREAT_PERSON_S__580', 'ERA_MODERN'), -- 1914
	('UNIT_SCIENTIST', 'TXT_KEY_GREAT_PERSON_S__590', 'ERA_MODERN'), -- 1923
	('UNIT_SCIENTIST', 'TXT_KEY_GREAT_PERSON_S__600', 'ERA_MODERN'), -- 1924
	('UNIT_SCIENTIST', 'TXT_KEY_GREAT_PERSON_S__610', 'ERA_MODERN'), -- 1925
	('UNIT_SCIENTIST', 'TXT_KEY_GREAT_PERSON_S__620', 'ERA_MODERN'), -- 1926
	('UNIT_SCIENTIST', 'TXT_KEY_GREAT_PERSON_S__630', 'ERA_MODERN'), -- 1928
	('UNIT_SCIENTIST', 'TXT_KEY_GREAT_PERSON_S__640', 'ERA_MODERN'), -- 1928
	('UNIT_SCIENTIST', 'TXT_KEY_GREAT_PERSON_S__650', 'ERA_MODERN'), -- 1930
	('UNIT_SCIENTIST', 'TXT_KEY_GREAT_PERSON_S__660', 'ERA_MODERN'), -- 1934
	('UNIT_SCIENTIST', 'TXT_KEY_GREAT_PERSON_S__670', 'ERA_MODERN'), -- 1934
	('UNIT_SCIENTIST', 'TXT_KEY_GREAT_PERSON_S__680', 'ERA_MODERN'), -- 1934
	('UNIT_SCIENTIST', 'TXT_KEY_GREAT_PERSON_S__690', 'ERA_MODERN'), -- 1938
	('UNIT_SCIENTIST', 'TXT_KEY_GREAT_PERSON_S__700', 'ERA_MODERN'), -- 1942
	('UNIT_SCIENTIST', 'TXT_KEY_GREAT_PERSON_S__710', 'ERA_POSTMODERN'), -- 1946
	('UNIT_SCIENTIST', 'TXT_KEY_GREAT_PERSON_S__720', 'ERA_POSTMODERN'), -- 1946
	('UNIT_SCIENTIST', 'TXT_KEY_GREAT_PERSON_S__730', 'ERA_POSTMODERN'), -- 1946
	('UNIT_SCIENTIST', 'TXT_KEY_GREAT_PERSON_S__740', 'ERA_POSTMODERN'), -- 1947
	('UNIT_SCIENTIST', 'TXT_KEY_GREAT_PERSON_S__750', 'ERA_POSTMODERN'), -- 1947
	('UNIT_SCIENTIST', 'TXT_KEY_GREAT_PERSON_S__760', 'ERA_POSTMODERN'), -- 1952
	('UNIT_SCIENTIST', 'TXT_KEY_GREAT_PERSON_S__770', 'ERA_POSTMODERN'), -- 1952
	('UNIT_SCIENTIST', 'TXT_KEY_GREAT_PERSON_S__780', 'ERA_POSTMODERN'), -- 1955
	('UNIT_SCIENTIST', 'TXT_KEY_GREAT_PERSON_S__790', 'ERA_POSTMODERN'), -- 1956
	('UNIT_SCIENTIST', 'TXT_KEY_GREAT_PERSON_S__800', 'ERA_POSTMODERN'), -- 1958
	('UNIT_SCIENTIST', 'TXT_KEY_GREAT_PERSON_S__810', 'ERA_POSTMODERN'); -- 1959
	
INSERT INTO Language_en_US
	(Tag, Text)
VALUES	
	('TXT_KEY_GREAT_PERSON_S__010', 'Ahmes'),
	('TXT_KEY_GREAT_PERSON_S__020', 'Anaximander'),
	('TXT_KEY_GREAT_PERSON_S__030', 'Eratosthenes'),
	('TXT_KEY_GREAT_PERSON_S__040', 'Hipparque'),
	('TXT_KEY_GREAT_PERSON_S__050', 'Yajnavalkya'),
	('TXT_KEY_GREAT_PERSON_S__060', 'Claudius Galenus'),
	('TXT_KEY_GREAT_PERSON_S__070', 'Pei Xiu'),
	('TXT_KEY_GREAT_PERSON_S__080', 'Panini'),
	('TXT_KEY_GREAT_PERSON_S__090', 'John Philoponus'),
	('TXT_KEY_GREAT_PERSON_S__100', 'Brahmagupta'),
	('TXT_KEY_GREAT_PERSON_S__110', 'Thales of Miletus'),
	('TXT_KEY_GREAT_PERSON_S__120', 'Abdallah al-Marwazi Habash al-Hasib'),
	('TXT_KEY_GREAT_PERSON_S__130', 'Baudhayan'),
	('TXT_KEY_GREAT_PERSON_S__140', 'Al Battani'),
	('TXT_KEY_GREAT_PERSON_S__150', 'Abu Al-Qasim'),
	('TXT_KEY_GREAT_PERSON_S__160', 'Ibn Sahl'),
	('TXT_KEY_GREAT_PERSON_S__170', 'Al-Haytham'),
	('TXT_KEY_GREAT_PERSON_S__180', 'Al-Biruni'),
	('TXT_KEY_GREAT_PERSON_S__190', 'Trotula de Ruggiero'),
	('TXT_KEY_GREAT_PERSON_S__200', 'Qin Jiushao'),
	('TXT_KEY_GREAT_PERSON_S__210', 'Qotb al-Din Chirazi'),
	('TXT_KEY_GREAT_PERSON_S__220', 'Madhawa'),
	('TXT_KEY_GREAT_PERSON_S__230', 'Ulugh Beg'),
	('TXT_KEY_GREAT_PERSON_S__240', 'William Harvey'),
	('TXT_KEY_GREAT_PERSON_S__250', 'Xu Xiake'),
	('TXT_KEY_GREAT_PERSON_S__260', 'Robert Hooke'),
	('TXT_KEY_GREAT_PERSON_S__270', 'Seki Takakazu'),
	('TXT_KEY_GREAT_PERSON_S__280', 'Daniel Bernoulli'),
	('TXT_KEY_GREAT_PERSON_S__290', 'Émilie du Châtelet'),
	('TXT_KEY_GREAT_PERSON_S__300', 'Carl von Linné'),
	('TXT_KEY_GREAT_PERSON_S__310', 'Juan Ignacio Molina'),
	('TXT_KEY_GREAT_PERSON_S__320', 'Alessandro Volta'),
	('TXT_KEY_GREAT_PERSON_S__330', 'Giovanni Battista Venturi'),
	('TXT_KEY_GREAT_PERSON_S__340', 'Wang Zhenyi'),
	('TXT_KEY_GREAT_PERSON_S__350', 'James Clark Ross'),
	('TXT_KEY_GREAT_PERSON_S__360', 'János Bolyai'),
	('TXT_KEY_GREAT_PERSON_S__370', 'James Young'),
	('TXT_KEY_GREAT_PERSON_S__380', 'Ada Lovelace'),
	('TXT_KEY_GREAT_PERSON_S__390', 'Florence Nightingale'),
	('TXT_KEY_GREAT_PERSON_S__400', 'Cornelia Clapp'),
	('TXT_KEY_GREAT_PERSON_S__410', 'Sofia Vasilyevna'),
	('TXT_KEY_GREAT_PERSON_S__420', 'Henri Becquerel'),
	('TXT_KEY_GREAT_PERSON_S__430', 'Santiago Ramón y Cajal'),
	('TXT_KEY_GREAT_PERSON_S__440', 'Max Planck'),
	('TXT_KEY_GREAT_PERSON_S__450', 'Kazimierz Funk'),
	('TXT_KEY_GREAT_PERSON_S__460', 'Jan Czochralski'),
	('TXT_KEY_GREAT_PERSON_S__470', 'Ramanujan'),
	('TXT_KEY_GREAT_PERSON_S__480', 'Erwin Schrödinger'),
	('TXT_KEY_GREAT_PERSON_S__490', 'Edwin Hubble'),
	('TXT_KEY_GREAT_PERSON_S__500', 'Janaki Ammal'),
	('TXT_KEY_GREAT_PERSON_S__510', 'Stefan Banach'),
	('TXT_KEY_GREAT_PERSON_S__520', 'Leo Szilard'),
	('TXT_KEY_GREAT_PERSON_S__530', 'Linus Pauling'),
	('TXT_KEY_GREAT_PERSON_S__540', 'Claude Lévi-Strauss'),
	('TXT_KEY_GREAT_PERSON_S__550', 'Chandrasekhar'),
	('TXT_KEY_GREAT_PERSON_S__560', 'Shiing-Shen Chern'),
	('TXT_KEY_GREAT_PERSON_S__570', 'Chieng-Shiung Wu'),
	('TXT_KEY_GREAT_PERSON_S__580', 'Thor Heyerdahl'),
	('TXT_KEY_GREAT_PERSON_S__590', 'Stephanie Kwolek'),
	('TXT_KEY_GREAT_PERSON_S__600', 'Aziz Ab''Sáber'),
	('TXT_KEY_GREAT_PERSON_S__610', 'Zofia Kielan-Jaworowska'),
	('TXT_KEY_GREAT_PERSON_S__620', 'Abdus Salam'),
	('TXT_KEY_GREAT_PERSON_S__630', 'James Dewey Watson'),
	('TXT_KEY_GREAT_PERSON_S__640', 'Noam Chomsky'),
	('TXT_KEY_GREAT_PERSON_S__650', 'Tu Youyou'),
	('TXT_KEY_GREAT_PERSON_S__660', 'Carl Sagan'),
	('TXT_KEY_GREAT_PERSON_S__670', 'Jane Goodall'),
	('TXT_KEY_GREAT_PERSON_S__680', 'Seiji Ogawa'),
	('TXT_KEY_GREAT_PERSON_S__690', 'David Baltimore'),
	('TXT_KEY_GREAT_PERSON_S__700', 'Stephen Hawking'),
	('TXT_KEY_GREAT_PERSON_S__710', 'Ahmed Zewail'),
	('TXT_KEY_GREAT_PERSON_S__720', 'Shirley Jackson'),
	('TXT_KEY_GREAT_PERSON_S__730', 'Françoise Barré-Sinoussi'),
	('TXT_KEY_GREAT_PERSON_S__740', 'Alan Guth'),
	('TXT_KEY_GREAT_PERSON_S__750', 'Alain Aspect'),
	('TXT_KEY_GREAT_PERSON_S__760', 'Reinhard Genzel'),
	('TXT_KEY_GREAT_PERSON_S__770', 'Jack Szostak'),
	('TXT_KEY_GREAT_PERSON_S__780', 'Tim Berners-Lee'),
	('TXT_KEY_GREAT_PERSON_S__790', 'Ashoke Sen'),
	('TXT_KEY_GREAT_PERSON_S__800', 'Neil deGrasse Tyson'),
	('TXT_KEY_GREAT_PERSON_S__810', 'Lene Hau');

-- --------------------------------------------------------------------------------
--
--          BASE GAME CHANGES
--
-- --------------------------------------------------------------------------------

UPDATE GreatWorks SET Image = 'BG_sum_01.dds' WHERE Type = 'GREAT_WORK_NIN_ME_SCHARA';
UPDATE GreatWorks SET Image = 'BG_grc_01.dds' WHERE Type = 'GREAT_WORK_HYMN_TO_THE_MUSE';
UPDATE GreatWorks SET Image = 'BG_chn_01.dds' WHERE Type = 'GREAT_WORK_GUANGLING_SAN';
UPDATE GreatWorks SET Image = 'BG_ori_03.dds' WHERE Type = 'GREAT_WORK_LAMMA_BADA_YATATHANNA';
UPDATE GreatWorks SET Image = 'BG_ori_08.dds' WHERE Type = 'GREAT_WORK_WHIRLING_DERVISH';
UPDATE GreatWorks SET Image = 'BG_scd_05.dds' WHERE Type = 'GREAT_WORK_UT_QUEANT_LAXIS';
UPDATE GreatWorks SET Image = 'BG_scd_02.dds' WHERE Type = 'GREAT_WORK_MESSE_DE_NOSTRE_DAME';
UPDATE GreatWorks SET Image = 'BG_ind_02.dds' WHERE Type = 'GREAT_WORK_PAYOJI_MAINE';
UPDATE GreatWorks SET Image = 'BG_scd_03.dds' WHERE Type = 'GREAT_WORK_SPEM_IN_ALIUM';
UPDATE GreatWorks SET Image = 'BG_scd_02.dds' WHERE Type = 'GREAT_WORK_MISSA_PAPAE_MARCELLI';
UPDATE GreatWorks SET Image = 'BG_med_01.dds' WHERE Type = 'GREAT_WORK_XICOCHI';
UPDATE GreatWorks SET Image = 'BG_asi_01.dds' WHERE Type = 'GREAT_WORK_ROKUDAN_NO_SHIRABE';
UPDATE GreatWorks SET Image = 'BG_scd_08.dds' WHERE Type = 'GREAT_WORK_GLORIA_LAUS_ET_HONOR';
UPDATE GreatWorks SET Image = 'BG_asi_01.dds' WHERE Type = 'GREAT_WORK_SAKURAGARI';
UPDATE GreatWorks SET Image = 'BG_cls_03.dds' WHERE Type = 'GREAT_WORK_TE_DEUM';
UPDATE GreatWorks SET Image = 'BG_cls_10.dds' WHERE Type = 'GREAT_WORK_ETUDE_OP_10';
UPDATE GreatWorks SET Image = 'BG_opr_02.dds' WHERE Type = 'GREAT_WORK_DIE_WALKURE';
UPDATE GreatWorks SET Image = 'BG_cls_10.dds' WHERE Type = 'GREAT_WORK_CONTRADANZAS_CUBANAS';
UPDATE GreatWorks SET Image = 'BG_cls_02.dds' WHERE Type = 'GREAT_WORK_HUNGARIAN_DANCES';
UPDATE GreatWorks SET Image = 'BG_cls_03.dds' WHERE Type = 'GREAT_WORK_NIGHT_ON_BALD_MOUNTAIN';
UPDATE GreatWorks SET Image = 'BG_cls_05.dds' WHERE Type = 'GREAT_WORK_FROM_THE_NEW_WORLD';
UPDATE GreatWorks SET Image = 'BG_asi_02.dds' WHERE Type = 'GREAT_WORK_DAHA';
UPDATE GreatWorks SET Image = 'BG_cls_10.dds' WHERE Type = 'GREAT_WORK_CATHEDRALE_ENGLOUTIE';
UPDATE GreatWorks SET Image = 'BG_cls_02.dds' WHERE Type = 'GREAT_WORK_VARIATIONS_ON_AMERICA';
UPDATE GreatWorks SET Image = 'BG_tha_01.dds' WHERE Type = 'GREAT_WORK_LAU_DUANG_DUEN';
UPDATE GreatWorks SET Image = 'BG_ori_09.dds' WHERE Type = 'GREAT_WORK_ANA_HAWEET';
UPDATE GreatWorks SET Image = 'BG_ori_07.dds' WHERE Type = 'GREAT_WORK_SERMON_OF_SADNESS';
UPDATE GreatWorks SET Image = 'BG_cls_10.dds' WHERE Type = 'GREAT_WORK_I_GOT_RHYTHM';
UPDATE GreatWorks SET Image = 'BG_cls_02.dds' WHERE Type = 'GREAT_WORK_SENSEMAYA';
UPDATE GreatWorks SET Image = 'BG_cls_02.dds' WHERE Type = 'GREAT_WORK_SINFONIA_INDIA';
UPDATE GreatWorks SET Image = 'BG_ind_01.dds' WHERE Type = 'GREAT_WORK_LADRANG_SRI_DUHITO';
UPDATE GreatWorks SET Image = 'BG_cls_10.dds' WHERE Type = 'GREAT_WORK_IN_A_LANDSCAPE';
UPDATE GreatWorks SET Image = 'BG_ind_01.dds' WHERE Type = 'GREAT_WORK_JHAPTAL';
UPDATE GreatWorks SET Image = 'BG_dig_01.dds' WHERE Type = 'GREAT_WORK_DIDGERIDOO';
UPDATE GreatWorks SET Image = 'BG_cls_01.dds' WHERE Type = 'GREAT_WORK_KATCINA_DANCES';
UPDATE GreatWorks SET Image = 'BG_spl_01.dds' WHERE Type = 'GREAT_WORK_ELECTRIC_COUNTERPOINT';
UPDATE GreatWorks SET Image = 'BG_lat_01.dds' WHERE Type = 'GREAT_WORK_AL_CAPONE';
UPDATE GreatWorks SET Image = 'BG_scn_01.dds' WHERE Type = 'GREAT_WORK_MORNING_STAR';
UPDATE GreatWorks SET Image = 'BG_cls_03.dds' WHERE Type = 'GREAT_WORK_SATURN';
UPDATE GreatWorks SET Image = 'BG_jaz_02.dds' WHERE Type = 'GREAT_WORK_CARAVAN';
UPDATE GreatWorks SET Image = 'BG_cls_02.dds' WHERE Type = 'GREAT_WORK_SYMPHONY_NO_1';
UPDATE GreatWorks SET Image = 'BG_scn_01.dds' WHERE Type = 'GREAT_WORK_MBUBE';
UPDATE GreatWorks SET Image = 'BG_cls_03.dds' WHERE Type = 'GREAT_WORK_SHAKER_LOOPS';
UPDATE GreatWorks SET Image = 'BG_scd_03.dds' WHERE Type = 'GREAT_WORK_AVE_MARIS';
UPDATE GreatWorks SET Image = 'BG_scd_02.dds' WHERE Type = 'GREAT_WORK_REQUIEM_KYRIE';
UPDATE GreatWorks SET Image = 'BG_scd_03.dds' WHERE Type = 'GREAT_WORK_SALVE_REGINA_A_4';
UPDATE GreatWorks SET Image = 'BG_scd_08.dds' WHERE Type = 'GREAT_WORK_BONJOUR_MON_COEUR';
UPDATE GreatWorks SET Image = 'BG_scd_03.dds' WHERE Type = 'GREAT_WORK_O_MAGNUM_MYSTERIUM';
UPDATE GreatWorks SET Image = 'BG_scd_03.dds' WHERE Type = 'GREAT_WORK_POICHE_LAVIDA';
UPDATE GreatWorks SET Image = 'BG_scd_03.dds' WHERE Type = 'GREAT_WORK_AGNUS_DEI';
UPDATE GreatWorks SET Image = 'BG_cls_10.dds' WHERE Type = 'GREAT_WORK_HUNGARIAN_RHAPSODY';
UPDATE GreatWorks SET Image = 'BG_opr_01.dds' WHERE Type = 'GREAT_WORK_DAS_VERLASSENE';
UPDATE GreatWorks SET Image = 'BG_cls_03.dds' WHERE Type = 'GREAT_WORK_SYMPHONY_NO_5';
UPDATE GreatWorks SET Image = 'BG_cls_02.dds' WHERE Type = 'GREAT_WORK_SYMPHONY_NO_3';
UPDATE GreatWorks SET Image = 'BG_cls_02.dds' WHERE Type = 'GREAT_WORK_PARADE';
UPDATE GreatWorks SET Image = 'BG_cls_02.dds' WHERE Type = 'GREAT_WORK_LULU';
UPDATE GreatWorks SET Image = 'BG_cls_01.dds' WHERE Type = 'GREAT_WORK_STRING_QUARTET';
UPDATE GreatWorks SET Image = 'BG_cls_02.dds' WHERE Type = 'GREAT_WORK_YOUNG_PERSONS_GUIDE';



/*
__010
__020
__030
__040
__050
__060
__070
__080
__090
__100
__110
__120
__130
__140
__150
__160
__170
__180
__190
__200
__210
__220
__230
__240
__250
__260
__270
__280
__290
__300
__310
__320
__330
__340
__350
__360
__370
__380
__390
__400
__410
__420
__430
__440
__450
__460
__470
__480
__490
__500
__510
__520
__530
__540
__550
__560
__570
__580
__590
__600
__610
__620
__630
__640
__650
__660
__670
__680
__690
__700
__710
__720
__730
__740
__750
__760
__770
__780
__790
__800
__810
__820
__830
__840
__850
__860
__870
__880
__890
__900
__910
__920
__930
__940
__950
__960
__970
__980
__990
__A00
__A10
__A20
__A30
__A40
__A50
__A60
__A70
__A80
__A90
__B00
__B10
__B20
__B30
__B40
__B50
__B60
__B70
__B80
__B90
__C00
__C10
__C20


*/
