INSERT INTO CityEvents (Type,Description,Help,CityEventArt,CityEventAudio,RandomChance,RandomChanceDelta,IsOneShot,EraScaling,IgnoresGlobalCooldown,EventCooldown,NumChoices,MinimumCityPopulation,MaximumCityPopulation,RequiredCiv,RequiredEra,ObsoleteEra,IsUnhappy,IsSuperUnhappy,RequiredPolicy,RequiredIdeology,RequiresWar,RequiresWarMinor,PrereqTech,ObsoleteTech,RequiresPantheon,RequiredReligion,RequiredStateReligion,RequiresAnyStateReligion,RequiredBuildingClass,CannotHaveBuildingClass,RequiresHolyCity,RequiresIdeology,RequiredActiveEvent,RequiredActiveEventChoice,RequiredActiveCityEvent,RequiredActiveCityEventChoice,RequiredNoActiveCityEventChoice,RequiredNoActiveCityEvent,RequiredNoActivePlayerEvent,RequiredNoActivePlayerEventChoice,RequiredActivePlayerEventOtherPlayer,RequiredActivePlayerEventChoiceOtherPlayer,RequiredNoActivePlayerEventOtherPlayer,RequiredNoActivePlayerEventChoiceOtherPlayer,NearbyFeature,NearbyTerrain,LocalResourceRequired,HasTradeConnection,HasCityConnection,RequiresGarrison,CapitalOnly,CoastalOnly,RiverOnly,RequiresResistance,RequiresWLTKD,RequiresOccupied,RequiresRazing,HasAnyReligion,RequiresPuppet,RequiresNearbyNaturalWonder,RequiresNearbyMountain,ImprovementRequired,HasMetAMajorCiv,InDebt,LosingMoney,IsVassalOfSomeone,IsMasterOfSomeone,CityHasPlayerReligion,CityLacksPlayerReligion,CityHasPlayerMajorityReligion,CityLacksPlayerMajorityReligion) VALUES ('CITY_EVENT_DROUGHT',NULL,NULL,'badeventdefaultbackground.dds','AS2D_EVENT_NOTIFICATION_VERY_BAD',25,1,'false','false','false',50,1,0,0,NULL,NULL,NULL,'false','false',NULL,NULL,'false','false',NULL,NULL,'false',NULL,NULL,'false',NULL,NULL,'false','false',NULL,'PLAYER_EVENT_HEAT_WAVE_CHOICE_2',NULL,NULL,NULL,NULL,NULL,NULL,NULL,NULL,NULL,NULL,NULL,NULL,NULL,'false','false','false','false','false','false','false','false','false','false','false','false','false','false','IMPROVEMENT_FARM','false','false','false','false','false','false','false','false','false'),
 ('CITY_EVENT_DROUGHT_SEVERE',NULL,NULL,'badeventdefaultbackground.dds','AS2D_EVENT_NOTIFICATION_VERY_BAD',25,1,'false','false','false',50,1,0,0,NULL,NULL,NULL,'false','false',NULL,NULL,'false','false',NULL,NULL,'false',NULL,NULL,'false',NULL,NULL,'false','false',NULL,'PLAYER_EVENT_HEAT_WAVE_CHOICE_3',NULL,NULL,NULL,NULL,NULL,NULL,NULL,NULL,NULL,NULL,NULL,NULL,NULL,'false','false','false','false','false','false','false','false','false','false','false','false','false','false','IMPROVEMENT_FARM','false','false','false','false','false','false','false','false','false'),
 ('CITY_EVENT_DROUGHT_CRITICAL',NULL,NULL,'badeventdefaultbackground.dds','AS2D_EVENT_NOTIFICATION_VERY_BAD',25,1,'false','false','false',50,1,0,0,NULL,NULL,NULL,'false','false',NULL,NULL,'false','false',NULL,NULL,'false',NULL,NULL,'false',NULL,NULL,'false','false',NULL,'PLAYER_EVENT_HEAT_WAVE_CHOICE_4',NULL,NULL,NULL,NULL,NULL,NULL,NULL,NULL,NULL,NULL,NULL,NULL,NULL,'false','false','false','false','false','false','false','false','false','false','false','false','false','false','IMPROVEMENT_FARM','false','false','false','false','false','false','false','false','false'),
 ('CITY_EVENT_ICE_AGE_EXPOSURE',NULL,NULL,'badeventdefaultbackground.dds','AS2D_EVENT_NOTIFICATION_VERY_BAD',20,1,'false','false','false',50,1,8,0,NULL,NULL,NULL,'false','false',NULL,NULL,'false','false',NULL,'TECH_STEAM_POWER','false',NULL,NULL,'false',NULL,NULL,'false','false','PLAYER_EVENT_ICE_AGE',NULL,NULL,NULL,'CITY_EVENT_ICE_AGE_FROZEN_WATER_CHOICE_1',NULL,NULL,NULL,NULL,NULL,NULL,NULL,NULL,NULL,NULL,'false','false','false','false','false','false','false','false','false','false','false','false','false','false',NULL,'false','false','false','false','false','false','false','false','false'),
 ('CITY_EVENT_ICE_AGE_NO_FUEL',NULL,NULL,'badeventdefaultbackground.dds','AS2D_EVENT_NOTIFICATION_VERY_BAD',36,1,'false','true','false',50,1,0,0,NULL,NULL,NULL,'false','false',NULL,NULL,'false','false',NULL,'TECH_STEAM_POWER','false',NULL,NULL,'false',NULL,NULL,'false','false','PLAYER_EVENT_ICE_AGE',NULL,NULL,NULL,'CITY_EVENT_ICE_AGE_EXPOSURE_CHOICE_1',NULL,NULL,NULL,NULL,NULL,NULL,NULL,NULL,NULL,NULL,'false','false','false','false','false','false','false','false','false','false','false','false','false','false',NULL,'false','false','false','false','false','false','false','false','false'),
 ('CITY_EVENT_ICE_AGE_FROZEN_WATER',NULL,NULL,'badeventdefaultbackground.dds','AS2D_EVENT_NOTIFICATION_VERY_BAD',36,1,'false','false','false',50,1,0,0,NULL,NULL,NULL,'false','false',NULL,NULL,'false','false',NULL,'TECH_STEAM_POWER','false',NULL,NULL,'false',NULL,NULL,'false','false','PLAYER_EVENT_ICE_AGE',NULL,NULL,NULL,'CITY_EVENT_ICE_AGE_BITTER_WINDS_CHOICE_1',NULL,NULL,NULL,NULL,NULL,NULL,NULL,NULL,NULL,NULL,'false','false','false','false','false','true','false','false','false','false','false','false','false','false',NULL,'false','false','false','false','false','false','false','false','false'),
 ('CITY_EVENT_ICE_AGE_BITTER_WINDS',NULL,NULL,'badeventdefaultbackground.dds','AS2D_EVENT_NOTIFICATION_VERY_BAD',36,1,'false','false','false',50,1,0,0,NULL,NULL,NULL,'false','false',NULL,NULL,'false','false',NULL,'TECH_STEAM_POWER','false',NULL,NULL,'false',NULL,NULL,'false','false','PLAYER_EVENT_ICE_AGE',NULL,NULL,NULL,'CITY_EVENT_ICE_AGE_NO_FUEL_CHOICE_1',NULL,NULL,NULL,NULL,NULL,NULL,NULL,NULL,NULL,NULL,'false','false','false','false','false','false','false','false','false','false','false','false','false','false',NULL,'false','false','false','false','false','false','false','false','false'),
 ('CITY_EVENT_MARKET_DEVELOPMENT','TXT_KEY_CITY_EVENT_MARKET_DEVELOPMENT','TXT_KEY_CITY_EVENT_MARKET_DEVELOPMENT_HELP',NULL,'AS2D_INTERFACE_BORDERS_EXPAND',20,1,'true','false','false',30,2,10,0,NULL,NULL,NULL,'false','false',NULL,NULL,'false','false',NULL,NULL,'false',NULL,NULL,'false','BUILDINGCLASS_MARKET',NULL,'false','false',NULL,NULL,NULL,NULL,NULL,NULL,NULL,NULL,NULL,NULL,NULL,NULL,NULL,NULL,NULL,'true','false','false','false','false','false','false','false','false','false','false','false','false','false',NULL,'false','false','false','false','false','false','false','false','false'),
 ('CITY_EVENT_MONUMENT_DEVELOPMENT','TXT_KEY_CITY_EVENT_MONUMENT_DEVELOPMENT','TXT_KEY_CITY_EVENT_MONUMENT_DEVELOPMENT_HELP',NULL,'AS2D_INTERFACE_BORDERS_EXPAND',20,1,'true','false','false',30,3,4,0,NULL,NULL,'ERA_MEDIEVAL','false','false',NULL,NULL,'false','false',NULL,NULL,'false',NULL,NULL,'false','BUILDINGCLASS_MONUMENT',NULL,'false','false',NULL,NULL,NULL,NULL,NULL,NULL,NULL,NULL,NULL,NULL,NULL,NULL,NULL,NULL,NULL,'false','false','false','false','false','false','false','false','false','false','false','false','false','false',NULL,'false','false','false','false','false','false','false','false','false'),
 ('CITY_EVENT_STONE_WORKS_DISCOVERY','TXT_KEY_CITY_EVENT_MONUMENT_DEVELOPMENT','TXT_KEY_CITY_EVENT_MONUMENT_DEVELOPMENT_HELP',NULL,'AS2D_INTERFACE_BORDERS_EXPAND',25,1,'false','false','false',100,3,5,0,NULL,NULL,NULL,'false','false',NULL,NULL,'false','false',NULL,NULL,'false',NULL,NULL,'false',NULL,NULL,'false','false',NULL,NULL,NULL,NULL,NULL,NULL,NULL,NULL,NULL,NULL,NULL,NULL,NULL,NULL,'RESOURCE_MARBLE','false','false','false','false','false','false','false','false','false','false','false','false','false','false','IMPROVEMENT_QUARRY','true','false','false','false','false','false','false','false','false'),
 ('CITY_EVENT_FISHING_EXPEDITION','TXT_KEY_CITY_EVENT_FISHING_EXPEDITION','TXT_KEY_CITY_EVENT_FISHING_EXPEDITION_HELP',NULL,'AS2D_INTERFACE_BORDERS_EXPAND',20,1,'false','true','false',100,3,3,0,NULL,NULL,NULL,'false','false',NULL,NULL,'false','false',NULL,NULL,'false',NULL,NULL,'false',NULL,NULL,'false','false',NULL,NULL,NULL,NULL,NULL,'CITY_EVENT_ICE_AGE_FROZEN_WATER',NULL,NULL,NULL,NULL,NULL,NULL,NULL,NULL,NULL,'false','true','false','false','true','false','false','false','false','false','false','false','false','false','IMPROVEMENT_FISHING_BOATS','false','false','false','false','false','false','false','false','false'),
 ('CITY_EVENT_AMPHITHEATER_NEW_DRAMA','TXT_KEY_CITY_EVENT_AMPHITHEATER_NEW_DRAMA','TXT_KEY_CITY_EVENT_AMPHITHEATER_NEW_DRAMA_HELP',NULL,'AS2D_INTERFACE_BORDERS_EXPAND',30,1,'false','true','false',100,4,6,0,NULL,NULL,'ERA_RENAISSANCE','false','false',NULL,NULL,'false','false',NULL,NULL,'false',NULL,NULL,'false','BUILDINGCLASS_AMPHITHEATER',NULL,'false','false',NULL,NULL,NULL,NULL,NULL,NULL,NULL,NULL,NULL,NULL,NULL,NULL,NULL,NULL,NULL,'false','false','false','false','false','false','false','false','false','false','false','false','false','false',NULL,'false','false','false','false','false','false','false','false','false'),
 ('CITY_EVENT_TEMPLE_CONCERNS','TXT_KEY_CITY_EVENT_TEMPLE_CONCERNS','TXT_KEY_CITY_EVENT_TEMPLE_CONCERNS_HELP',NULL,'AS2D_INTERFACE_BORDERS_EXPAND',20,1,'true','false','false',30,3,5,0,NULL,NULL,'ERA_RENAISSANCE','false','false',NULL,NULL,'false','false',NULL,NULL,'false',NULL,NULL,'false','BUILDINGCLASS_TEMPLE',NULL,'false','false',NULL,NULL,NULL,NULL,NULL,NULL,NULL,NULL,NULL,NULL,NULL,NULL,NULL,NULL,NULL,'false','false','false','false','false','false','false','false','false','false','true','false','false','false',NULL,'false','false','false','false','false','false','false','false','false'),
 ('CITY_EVENT_LIGHTHOUSE','TXT_KEY_CITY_EVENT_LIGHTHOUSE','TXT_KEY_CITY_EVENT_LIGHTHOUSE_HELP',NULL,'AS2D_INTERFACE_BORDERS_EXPAND',30,1,'true','false','false',30,2,6,0,NULL,NULL,NULL,'false','false',NULL,NULL,'false','false',NULL,NULL,'false',NULL,NULL,'false','BUILDINGCLASS_LIGHTHOUSE',NULL,'false','false',NULL,NULL,NULL,NULL,NULL,'CITY_EVENT_ICE_AGE_FROZEN_WATER',NULL,NULL,NULL,NULL,NULL,NULL,NULL,NULL,NULL,'false','false','false','false','true','false','false','false','false','false','false','false','false','false','IMPROVEMENT_FISHING_BOATS','false','false','true','false','false','false','false','false','false'),
 ('CITY_EVENT_HOSPITAL_OVERCROWDING','TXT_KEY_CITY_EVENT_HOSPITAL_OVERCROWDING','TXT_KEY_CITY_EVENT_HOSPITAL_OVERCROWDING_HELP',NULL,'AS2D_INTERFACE_BORDERS_EXPAND',20,1,'false','false','false',30,3,0,0,NULL,NULL,NULL,'false','false',NULL,NULL,'true','false',NULL,NULL,'false',NULL,NULL,'false','BUILDINGCLASS_HOSPITAL',NULL,'false','false',NULL,NULL,NULL,NULL,NULL,NULL,NULL,NULL,NULL,NULL,NULL,NULL,NULL,NULL,NULL,'false','false','false','false','false','false','false','false','false','false','false','false','false','false',NULL,'false','false','false','false','false','false','false','false','false'),
 ('CITY_EVENT_FACTORY_PARTNERSHIP','TXT_KEY_CITY_EVENT_FACTORY_PARTNERSHIP','TXT_KEY_CITY_EVENT_FACTORY_PARTNERSHIP_HELP',NULL,'AS2D_INTERFACE_BORDERS_EXPAND',20,1,'true','false','false',30,5,20,0,NULL,NULL,NULL,'false','false',NULL,NULL,'false','false','TECH_REPLACEABLE_PARTS',NULL,'false',NULL,NULL,'false','BUILDINGCLASS_FACTORY',NULL,'false','false',NULL,NULL,NULL,NULL,NULL,NULL,NULL,NULL,NULL,NULL,NULL,NULL,NULL,NULL,NULL,'false','false','false','false','false','false','false','false','false','false','false','false','false','false',NULL,'false','false','false','false','false','false','false','false','false'),
 ('CITY_EVENT_STADIUM_WORLD_EVENT',NULL,NULL,NULL,'AS2D_INTERFACE_BORDERS_EXPAND',75,1,'false','false','false',50,1,0,0,NULL,NULL,NULL,'false','false',NULL,NULL,'false','false',NULL,NULL,'false',NULL,NULL,'false','BUILDINGCLASS_STADIUM',NULL,'false','false','PLAYER_EVENT_STADIUM_WORLD_EVENT',NULL,NULL,NULL,NULL,NULL,NULL,NULL,NULL,NULL,NULL,NULL,NULL,NULL,NULL,'false','false','false','false','false','false','false','false','false','false','false','false','false','false',NULL,'false','false','false','false','false','false','false','false','false'),
 ('CITY_EVENT_STADIUM_LOCAL_EVENT','TXT_KEY_CITY_EVENT_STADIUM_LOCAL_EVENT','TXT_KEY_CITY_EVENT_STADIUM_LOCAL_EVENT_HELP',NULL,'AS2D_INTERFACE_BORDERS_EXPAND',40,1,'false','false','false',50,3,20,0,NULL,NULL,NULL,'false','false',NULL,NULL,'false','false',NULL,NULL,'false',NULL,NULL,'false','BUILDINGCLASS_STADIUM',NULL,'false','false',NULL,NULL,NULL,NULL,NULL,NULL,'PLAYER_EVENT_STADIUM_WORLD_EVENT',NULL,NULL,NULL,NULL,NULL,NULL,NULL,NULL,'false','false','false','false','false','false','false','false','false','false','false','false','false','false',NULL,'false','false','false','false','false','false','false','false','false'),
 ('CITY_EVENT_NUCLEAR_MELTDOWN',NULL,NULL,'badeventdefaultbackground.dds','AS2D_EVENT_NOTIFICATION_VERY_BAD',15,0,'false','false','false',30,1,15,0,NULL,NULL,NULL,'true','false',NULL,NULL,'false','false',NULL,NULL,'false',NULL,NULL,'false','BUILDINGCLASS_NUCLEAR_PLANT',NULL,'false','false',NULL,NULL,NULL,NULL,NULL,NULL,NULL,NULL,NULL,NULL,NULL,NULL,NULL,NULL,NULL,'false','false','false','false','false','false','false','false','false','false','false','false','false','false',NULL,'false','false','false','false','false','false','false','false','false'),
 ('CITY_EVENT_MINE_COLLAPSE',NULL,NULL,'badeventdefaultbackground.dds','AS2D_EVENT_NOTIFICATION_VERY_BAD',10,1,'false','false','false',100,1,10,0,NULL,NULL,NULL,'false','false',NULL,NULL,'false','false',NULL,NULL,'false',NULL,NULL,'false',NULL,NULL,'false','false',NULL,NULL,NULL,NULL,NULL,'CITY_EVENT_AVALANCHE',NULL,NULL,NULL,NULL,NULL,NULL,NULL,NULL,NULL,'false','false','false','false','false','false','false','false','false','false','false','false','false','false','IMPROVEMENT_MINE','false','false','false','false','false','false','false','false','false'),
 ('CITY_EVENT_FOREST_FIRE',NULL,NULL,'badeventdefaultbackground.dds','AS2D_EVENT_NOTIFICATION_VERY_BAD',10,1,'false','false','false',100,1,5,0,NULL,NULL,NULL,'false','false',NULL,NULL,'false','false',NULL,NULL,'false',NULL,NULL,'false',NULL,NULL,'false','false',NULL,NULL,NULL,NULL,NULL,'CITY_EVENT_MINE_COLLAPSE',NULL,NULL,NULL,NULL,NULL,NULL,'FEATURE_FOREST',NULL,NULL,'false','false','false','false','false','false','false','false','false','false','false','false','false','false','IMPROVEMENT_LUMBERMILL','false','false','false','false','false','false','false','false','false'),
 ('CITY_EVENT_AVALANCHE',NULL,NULL,'badeventdefaultbackground.dds','AS2D_EVENT_NOTIFICATION_VERY_BAD',10,1,'false','false','false',100,1,10,0,NULL,NULL,NULL,'false','false',NULL,NULL,'false','false',NULL,NULL,'false',NULL,NULL,'false',NULL,NULL,'false','false',NULL,NULL,NULL,NULL,NULL,'CITY_EVENT_FOREST_FIRE',NULL,NULL,NULL,NULL,NULL,NULL,NULL,'TERRAIN_TUNDRA',NULL,'false','false','false','false','false','false','false','false','false','false','false','false','false','true','IMPROVEMENT_TRADING_POST','false','false','false','false','false','false','false','false','false'),
 ('CITY_EVENT_CORRUPTION','TXT_KEY_CITY_EVENT_CORRUPTION','TXT_KEY_CITY_EVENT_CORRUPTION_HELP','badeventdefaultbackground.dds','AS2D_EVENT_NOTIFICATION_VERY_BAD',20,1,'false','true','false',50,3,5,0,NULL,NULL,NULL,'true','false',NULL,NULL,'false','false',NULL,NULL,'false',NULL,NULL,'false',NULL,NULL,'false','false',NULL,NULL,NULL,NULL,NULL,NULL,NULL,NULL,NULL,NULL,NULL,NULL,NULL,NULL,NULL,'false','false','false','false','false','false','false','false','false','false','false','false','false','false',NULL,'false','false','false','false','false','false','false','false','false'),
 ('CITY_EVENT_CORRUPTION_FOOD_SPOILED',NULL,NULL,'badeventdefaultbackground.dds','AS2D_EVENT_NOTIFICATION_VERY_BAD',15,1,'false','true','false',75,1,5,0,NULL,NULL,NULL,'true','false',NULL,NULL,'false','false',NULL,NULL,'false',NULL,NULL,'false','BUILDINGCLASS_GRANARY',NULL,'false','false',NULL,NULL,NULL,NULL,NULL,NULL,NULL,NULL,NULL,NULL,NULL,NULL,NULL,NULL,NULL,'false','false','false','false','false','false','false','false','false','false','false','false','false','false',NULL,'false','false','false','false','false','false','false','false','false'),
 ('CITY_EVENT_CORRUPTION_BANDITS',NULL,NULL,'badeventdefaultbackground.dds','AS2D_EVENT_NOTIFICATION_VERY_BAD',15,1,'false','true','false',75,1,8,0,NULL,NULL,NULL,'true','false',NULL,NULL,'false','false',NULL,NULL,'false',NULL,NULL,'false',NULL,NULL,'false','false',NULL,NULL,NULL,NULL,NULL,NULL,NULL,NULL,NULL,NULL,NULL,NULL,NULL,NULL,NULL,'false','false','false','false','false','false','false','false','false','false','false','false','false','false',NULL,'false','false','false','false','false','false','false','false','false'),
 ('CITY_EVENT_GOOD_HARVEST',NULL,NULL,NULL,'AS2D_INTERFACE_BORDERS_EXPAND',25,1,'false','true','false',50,1,0,0,NULL,NULL,NULL,'false','false',NULL,NULL,'false','false',NULL,NULL,'false',NULL,NULL,'false',NULL,NULL,'false','false',NULL,NULL,NULL,NULL,NULL,NULL,NULL,NULL,NULL,NULL,NULL,NULL,NULL,NULL,NULL,'false','false','false','false','false','false','false','false','false','false','false','false','false','false','IMPROVEMENT_FARM','false','false','false','false','false','false','false','false','false'),
 ('CITY_EVENT_MARKET_DAY',NULL,NULL,NULL,'AS2D_INTERFACE_BORDERS_EXPAND',20,1,'false','true','false',75,1,6,0,NULL,NULL,'ERA_INDUSTRIAL','false','false',NULL,NULL,'false','false',NULL,NULL,'false',NULL,NULL,'false','BUILDINGCLASS_MARKET',NULL,'false','false',NULL,NULL,NULL,NULL,NULL,NULL,NULL,NULL,NULL,NULL,NULL,NULL,NULL,NULL,NULL,'false','false','false','false','false','false','false','false','false','false','false','false','false','false',NULL,'false','false','false','false','false','false','false','false','false'),
 ('CITY_EVENT_VOLCANO',NULL,NULL,'badeventdefaultbackground.dds','AS2D_EVENT_NOTIFICATION_VERY_BAD',15,0,'false','false','false',300,1,8,0,NULL,NULL,NULL,'false','false',NULL,NULL,'false','false',NULL,NULL,'false',NULL,NULL,'false',NULL,NULL,'false','false',NULL,NULL,NULL,NULL,NULL,NULL,NULL,NULL,NULL,NULL,NULL,NULL,'FEATURE_JUNGLE',NULL,NULL,'false','false','false','false','false','false','false','false','false','false','false','false','false','true',NULL,'false','false','false','false','false','false','false','false','false'),
 ('CITY_EVENT_VOLCANO_SPECIAL',NULL,NULL,'badeventdefaultbackground.dds','AS2D_EVENT_NOTIFICATION_VERY_BAD',15,0,'false','false','false',300,1,8,0,NULL,NULL,NULL,'false','false',NULL,NULL,'false','false',NULL,NULL,'false',NULL,NULL,'false',NULL,NULL,'false','false',NULL,NULL,NULL,NULL,NULL,NULL,NULL,NULL,NULL,NULL,NULL,NULL,'FEATURE_VOLCANO',NULL,NULL,'false','false','false','false','false','false','false','false','false','false','false','false','false','false',NULL,'false','false','false','false','false','false','false','false','false'),
 ('CITY_EVENT_HOTEL_ESTABLISHED',NULL,NULL,NULL,'AS2D_INTERFACE_BORDERS_EXPAND',20,1,'true','false','false',30,1,0,0,NULL,'ERA_INDUSTRIAL',NULL,'false','false',NULL,NULL,'false','false',NULL,NULL,'false',NULL,NULL,'false',NULL,'BUILDINGCLASS_HOTEL','false','false',NULL,NULL,NULL,NULL,NULL,NULL,NULL,NULL,NULL,NULL,NULL,NULL,NULL,NULL,NULL,'false','false','false','false','false','false','false','false','false','false','false','false','true','false',NULL,'false','false','false','false','false','false','false','false','false'),
 ('CITY_EVENT_PUBLIC_SCHOOL_DECISION','TXT_KEY_CITY_EVENT_PUBLIC_SCHOOL_DECISION','TXT_KEY_CITY_EVENT_PUBLIC_SCHOOL_DECISION_HELP',NULL,'AS2D_INTERFACE_BORDERS_EXPAND',20,1,'true','false','false',30,2,15,0,NULL,NULL,NULL,'false','false',NULL,NULL,'false','false',NULL,NULL,'false',NULL,NULL,'false','BUILDINGCLASS_PUBLIC_SCHOOL',NULL,'false','false',NULL,NULL,NULL,NULL,NULL,NULL,NULL,NULL,NULL,NULL,NULL,NULL,NULL,NULL,NULL,'false','false','false','false','false','false','false','false','false','false','false','false','false','false',NULL,'false','false','false','false','false','false','false','false','false'),
 ('CITY_EVENT_PESTILENCE',NULL,NULL,'badeventdefaultbackground.dds','AS2D_EVENT_NOTIFICATION_VERY_BAD',15,1,'false','false','false',150,1,10,0,NULL,NULL,NULL,'false','false',NULL,NULL,'false','false',NULL,NULL,'false',NULL,NULL,'false',NULL,NULL,'false','false',NULL,NULL,NULL,NULL,NULL,NULL,NULL,NULL,NULL,NULL,NULL,NULL,NULL,NULL,NULL,'false','false','false','false','false','false','false','false','false','false','false','false','false','false','IMPROVEMENT_FARM','false','false','false','false','false','false','false','false','false'),
 ('CITY_EVENT_FLOODING',NULL,NULL,'badeventdefaultbackground.dds','AS2D_EVENT_NOTIFICATION_VERY_BAD',10,1,'false','false','false',150,1,5,0,NULL,NULL,NULL,'false','false',NULL,NULL,'false','false',NULL,NULL,'false',NULL,NULL,'false',NULL,NULL,'false','false',NULL,NULL,NULL,NULL,NULL,'CITY_EVENT_ICE_AGE_FROZEN_WATER','PLAYER_EVENT_HEAT_WAVE',NULL,NULL,NULL,NULL,NULL,NULL,NULL,NULL,'false','false','false','false','false','true','false','false','false','false','false','false','false','false','IMPROVEMENT_FARM','false','false','false','false','false','false','false','false','false'),
 ('CITY_EVENT_HURRICANE','TXT_KEY_CITY_EVENT_HURRICANE','TXT_KEY_CITY_EVENT_HURRICANE_HELP','badeventdefaultbackground.dds','AS2D_EVENT_NOTIFICATION_VERY_BAD',15,1,'false','false','false',125,3,10,0,NULL,NULL,NULL,'false','false',NULL,NULL,'false','false',NULL,NULL,'false',NULL,NULL,'false',NULL,NULL,'false','false',NULL,NULL,NULL,NULL,NULL,NULL,NULL,NULL,NULL,NULL,NULL,NULL,'FEATURE_JUNGLE',NULL,NULL,'false','false','false','false','true','false','false','false','false','false','false','false','false','false',NULL,'false','false','false','false','false','false','false','false','false'),
 ('CITY_EVENT_PLAGUE',NULL,NULL,'badeventdefaultbackground.dds','AS2D_EVENT_NOTIFICATION_VERY_BAD',10,1,'false','false','false',50,1,7,0,NULL,NULL,NULL,'false','false',NULL,NULL,'false','false',NULL,NULL,'false',NULL,NULL,'false',NULL,NULL,'false','false','PLAYER_EVENT_PLAGUE',NULL,NULL,NULL,NULL,NULL,NULL,NULL,NULL,NULL,NULL,NULL,NULL,NULL,NULL,'true','false','false','false','false','false','false','false','false','false','false','false','false','false',NULL,'false','false','false','false','false','false','false','false','false'),
 ('CITY_EVENT_WANDERER','TXT_KEY_CITY_EVENT_WANDERER','TXT_KEY_CITY_EVENT_WANDERER_HELP',NULL,'AS2D_INTERFACE_BORDERS_EXPAND',10,1,'false','false','false',100,4,5,0,NULL,NULL,'ERA_RENAISSANCE','false','false',NULL,NULL,'false','false',NULL,NULL,'false',NULL,NULL,'false','BUILDINGCLASS_WALLS',NULL,'false','false',NULL,NULL,NULL,NULL,NULL,NULL,NULL,NULL,NULL,NULL,NULL,NULL,NULL,NULL,NULL,'true','false','false','false','false','false','false','false','false','false','false','false','false','false',NULL,'false','false','false','false','false','false','false','false','false'),
 ('CITY_EVENT_NOMADS','TXT_KEY_CITY_EVENT_NOMADS','TXT_KEY_CITY_EVENT_NOMADS_HELP',NULL,'AS2D_INTERFACE_BORDERS_EXPAND',15,1,'true','false','false',30,4,3,10,NULL,NULL,'ERA_RENAISSANCE','false','false',NULL,NULL,'false','false',NULL,NULL,'false',NULL,NULL,'false',NULL,NULL,'false','false',NULL,NULL,NULL,NULL,NULL,NULL,NULL,NULL,NULL,NULL,NULL,NULL,NULL,NULL,NULL,'false','false','false','false','false','false','false','false','false','false','false','false','false','false',NULL,'false','false','false','false','false','false','false','false','false');

INSERT INTO CityEvent_ParentEvents (CityEventChoiceType,CityEventType) VALUES ('CITY_EVENT_DROUGHT_CHOICE_1','CITY_EVENT_DROUGHT'),
 ('CITY_EVENT_SEVERE_DROUGHT_CHOICE_1','CITY_EVENT_DROUGHT_SEVERE'),
 ('CITY_EVENT_CRITICAL_DROUGHT_CHOICE_1','CITY_EVENT_DROUGHT_CRITICAL'),
 ('CITY_EVENT_ICE_AGE_EXPOSURE_CHOICE_1','CITY_EVENT_ICE_AGE_EXPOSURE'),
 ('CITY_EVENT_ICE_AGE_NO_FUEL_CHOICE_1','CITY_EVENT_ICE_AGE_NO_FUEL'),
 ('CITY_EVENT_ICE_AGE_FROZEN_WATER_CHOICE_1','CITY_EVENT_ICE_AGE_FROZEN_WATER'),
 ('CITY_EVENT_ICE_AGE_BITTER_WINDS_CHOICE_1','CITY_EVENT_ICE_AGE_BITTER_WINDS'),
 ('CITY_EVENT_MARKET_DEVELOPMENT_CHOICE_1','CITY_EVENT_MARKET_DEVELOPMENT'),
 ('CITY_EVENT_MARKET_DEVELOPMENT_CHOICE_2','CITY_EVENT_MARKET_DEVELOPMENT'),
 ('CITY_EVENT_MONUMENT_DEVELOPMENT_CHOICE_1','CITY_EVENT_MONUMENT_DEVELOPMENT'),
 ('CITY_EVENT_MONUMENT_DEVELOPMENT_CHOICE_2','CITY_EVENT_MONUMENT_DEVELOPMENT'),
 ('CITY_EVENT_MONUMENT_DEVELOPMENT_CHOICE_3','CITY_EVENT_MONUMENT_DEVELOPMENT'),
 ('CITY_EVENT_STONE_WORKS_DISCOVERY_CHOICE_1','CITY_EVENT_STONE_WORKS_DISCOVERY'),
 ('CITY_EVENT_STONE_WORKS_DISCOVERY_CHOICE_2','CITY_EVENT_STONE_WORKS_DISCOVERY'),
 ('CITY_EVENT_STONE_WORKS_DISCOVERY_CHOICE_3','CITY_EVENT_STONE_WORKS_DISCOVERY'),
 ('CITY_EVENT_STONE_WORKS_DISCOVERY_CHOICE_4','CITY_EVENT_STONE_WORKS_DISCOVERY'),
 ('CITY_EVENT_FISHING_EXPEDITION_CHOICE_1','CITY_EVENT_FISHING_EXPEDITION'),
 ('CITY_EVENT_FISHING_EXPEDITION_CHOICE_2','CITY_EVENT_FISHING_EXPEDITION'),
 ('CITY_EVENT_FISHING_EXPEDITION_CHOICE_3','CITY_EVENT_FISHING_EXPEDITION'),
 ('CITY_EVENT_DO_NOTHING_CHOICE','CITY_EVENT_FISHING_EXPEDITION'),
 ('CITY_EVENT_AMPHITHEATER_NEW_DRAMA_CHOICE_1','CITY_EVENT_AMPHITHEATER_NEW_DRAMA'),
 ('CITY_EVENT_AMPHITHEATER_NEW_DRAMA_CHOICE_2','CITY_EVENT_AMPHITHEATER_NEW_DRAMA'),
 ('CITY_EVENT_AMPHITHEATER_NEW_DRAMA_CHOICE_3','CITY_EVENT_AMPHITHEATER_NEW_DRAMA'),
 ('CITY_EVENT_AMPHITHEATER_NEW_DRAMA_CHOICE_4','CITY_EVENT_AMPHITHEATER_NEW_DRAMA'),
 ('CITY_EVENT_TEMPLE_CONCERNS_CHOICE_1','CITY_EVENT_TEMPLE_CONCERNS'),
 ('CITY_EVENT_TEMPLE_CONCERNS_CHOICE_2','CITY_EVENT_TEMPLE_CONCERNS'),
 ('CITY_EVENT_TEMPLE_CONCERNS_CHOICE_3','CITY_EVENT_TEMPLE_CONCERNS'),
 ('CITY_EVENT_TEMPLE_CONCERNS_CHOICE_4','CITY_EVENT_TEMPLE_CONCERNS'),
 ('CITY_EVENT_LIGHTHOUSE_CHOICE_1','CITY_EVENT_LIGHTHOUSE'),
 ('CITY_EVENT_LIGHTHOUSE_CHOICE_2','CITY_EVENT_LIGHTHOUSE'),
 ('CITY_EVENT_LIGHTHOUSE_CHOICE_3','CITY_EVENT_LIGHTHOUSE'),
 ('CITY_EVENT_HOSPITAL_OVERCROWDING_CHOICE_1','CITY_EVENT_HOSPITAL_OVERCROWDING'),
 ('CITY_EVENT_HOSPITAL_OVERCROWDING_CHOICE_2','CITY_EVENT_HOSPITAL_OVERCROWDING'),
 ('CITY_EVENT_HOSPITAL_OVERCROWDING_CHOICE_3','CITY_EVENT_HOSPITAL_OVERCROWDING'),
 ('CITY_EVENT_HOSPITAL_OVERCROWDING_CHOICE_4','CITY_EVENT_HOSPITAL_OVERCROWDING'),
 ('CITY_EVENT_HOSPITAL_OVERCROWDING_CHOICE_5','CITY_EVENT_HOSPITAL_OVERCROWDING'),
 ('CITY_EVENT_FACTORY_PARTNERSHIP_CHOICE_1','CITY_EVENT_FACTORY_PARTNERSHIP'),
 ('CITY_EVENT_FACTORY_PARTNERSHIP_CHOICE_2','CITY_EVENT_FACTORY_PARTNERSHIP'),
 ('CITY_EVENT_FACTORY_PARTNERSHIP_CHOICE_3','CITY_EVENT_FACTORY_PARTNERSHIP'),
 ('CITY_EVENT_FACTORY_PARTNERSHIP_CHOICE_4','CITY_EVENT_FACTORY_PARTNERSHIP'),
 ('CITY_EVENT_FACTORY_PARTNERSHIP_CHOICE_5','CITY_EVENT_FACTORY_PARTNERSHIP'),
 ('CITY_EVENT_STADIUM_WORLD_EVENT_CHOICE_1','CITY_EVENT_STADIUM_WORLD_EVENT'),
 ('CITY_EVENT_STADIUM_LOCAL_EVENT_CHOICE_1','CITY_EVENT_STADIUM_LOCAL_EVENT'),
 ('CITY_EVENT_STADIUM_LOCAL_EVENT_CHOICE_2','CITY_EVENT_STADIUM_LOCAL_EVENT'),
 ('CITY_EVENT_STADIUM_LOCAL_EVENT_CHOICE_3','CITY_EVENT_STADIUM_LOCAL_EVENT'),
 ('CITY_EVENT_STADIUM_LOCAL_EVENT_CHOICE_4','CITY_EVENT_STADIUM_LOCAL_EVENT'),
 ('CITY_EVENT_STADIUM_LOCAL_EVENT_CHOICE_5','CITY_EVENT_STADIUM_LOCAL_EVENT'),
 ('CITY_EVENT_NUCLEAR_MELTDOWN_CHOICE_1','CITY_EVENT_NUCLEAR_MELTDOWN'),
 ('CITY_EVENT_MINE_COLLAPSE_CHOICE_1','CITY_EVENT_MINE_COLLAPSE'),
 ('CITY_EVENT_FOREST_FIRE_CHOICE_1','CITY_EVENT_FOREST_FIRE'),
 ('CITY_EVENT_AVALANCHE_CHOICE_1','CITY_EVENT_AVALANCHE'),
 ('CITY_EVENT_CORRUPTION_CHOICE_1','CITY_EVENT_CORRUPTION'),
 ('CITY_EVENT_CORRUPTION_CHOICE_2','CITY_EVENT_CORRUPTION'),
 ('CITY_EVENT_CORRUPTION_CHOICE_3','CITY_EVENT_CORRUPTION'),
 ('CITY_EVENT_CORRUPTION_CHOICE_4','CITY_EVENT_CORRUPTION'),
 ('CITY_EVENT_CORRUPTION_FOOD_SPOILED_CHOICE_1','CITY_EVENT_CORRUPTION_FOOD_SPOILED'),
 ('CITY_EVENT_CORRUPTION_BANDITS_CHOICE_1','CITY_EVENT_CORRUPTION_BANDITS'),
 ('CITY_EVENT_GOOD_HARVEST_CHOICE_1','CITY_EVENT_GOOD_HARVEST'),
 ('CITY_EVENT_MARKET_DAY_CHOICE_1','CITY_EVENT_MARKET_DAY'),
 ('CITY_EVENT_VOLCANO_CHOICE_1','CITY_EVENT_VOLCANO'),
 ('CITY_EVENT_VOLCANO_SPECIAL_CHOICE_1','CITY_EVENT_VOLCANO_SPECIAL'),
 ('CITY_EVENT_HOTEL_ESTABLISHED_CHOICE_1','CITY_EVENT_HOTEL_ESTABLISHED'),
 ('CITY_EVENT_PUBLIC_SCHOOL_DECISION_CHOICE_1','CITY_EVENT_PUBLIC_SCHOOL_DECISION'),
 ('CITY_EVENT_PUBLIC_SCHOOL_DECISION_CHOICE_2','CITY_EVENT_PUBLIC_SCHOOL_DECISION'),
 ('CITY_EVENT_PESTILENCE_CHOICE_1','CITY_EVENT_PESTILENCE'),
 ('CITY_EVENT_FLOODING_CHOICE_1','CITY_EVENT_FLOODING'),
 ('CITY_EVENT_HURRICANE_CHOICE_1','CITY_EVENT_HURRICANE'),
 ('CITY_EVENT_HURRICANE_CHOICE_2','CITY_EVENT_HURRICANE'),
 ('CITY_EVENT_HURRICANE_CHOICE_3','CITY_EVENT_HURRICANE'),
 ('CITY_EVENT_HURRICANE_CHOICE_4','CITY_EVENT_HURRICANE'),
 ('CITY_EVENT_HURRICANE_CHOICE_5','CITY_EVENT_HURRICANE'),
 ('CITY_EVENT_WANDERER_CHOICE_1','CITY_EVENT_WANDERER'),
 ('CITY_EVENT_WANDERER_CHOICE_2','CITY_EVENT_WANDERER'),
 ('CITY_EVENT_WANDERER_CHOICE_3','CITY_EVENT_WANDERER'),
 ('CITY_EVENT_WANDERER_CHOICE_4','CITY_EVENT_WANDERER'),
 ('CITY_EVENT_NOMADS_CHOICE_1','CITY_EVENT_NOMADS'),
 ('CITY_EVENT_NOMADS_CHOICE_2','CITY_EVENT_NOMADS'),
 ('CITY_EVENT_NOMADS_CHOICE_3','CITY_EVENT_NOMADS'),
 ('CITY_EVENT_NOMADS_CHOICE_4','CITY_EVENT_NOMADS');

INSERT INTO CityEvent_MinimumStartYield (CityEventType,YieldType,Yield) VALUES ('CITY_EVENT_ICE_AGE_NO_FUEL','YIELD_PRODUCTION',50),
 ('CITY_EVENT_FISHING_EXPEDITION','YIELD_GOLD',250),
 ('CITY_EVENT_CORRUPTION_FOOD_SPOILED','YIELD_FOOD',50),
 ('CITY_EVENT_CORRUPTION_BANDITS','YIELD_GOLD',50);

INSERT INTO CityEventChoices (Type,Description,Help,EventChoiceAudio,EventChance,IsOneShot,EraScaling,EventDuration,Expires,MinimumCityPopulation,MaximumCityPopulation,RequiredCiv,RequiredEra,IsUnhappy,IsSuperUnhappy,ObsoleteEra,RequiredPolicy,RequiredIdeology,RequiresWar,RequiresWarMinor,PrereqTech,ObsoleteTech,RequiresPantheon,RequiredReligion,RequiredStateReligion,RequiresAnyStateReligion,RequiredBuildingClass,CannotHaveBuildingClass,RequiresHolyCity,RequiresIdeology,RequiredActiveEvent,RequiredActiveEventChoice,RequiredActiveCityEvent,RequiredActiveCityEventChoice,RequiredNoActiveCityEvent,RequiredNoActiveCityEventChoice,RequiredNoActivePlayerEvent,RequiredNoActivePlayerEventChoice,RequiredActivePlayerEventOtherPlayer,RequiredActivePlayerEventChoiceOtherPlayer,RequiredNoActivePlayerEventOtherPlayer,RequiredNoActivePlayerEventChoiceOtherPlayer,NearbyFeature,NearbyTerrain,LocalResourceRequired,HasTradeConnection,HasCityConnection,RequiresGarrison,CapitalOnly,CoastalOnly,RiverOnly,RequiresResistance,RequiresWLTKD,RequiresOccupied,RequiresRazing,HasAnyReligion,RequiresPuppet,RequiresNearbyNaturalWonder,RequiresNearbyMountain,EventBuildingClassDestruction,EventBuildingClass,CityWideBuildingDestructionChance,WLTKDTurns,ResistanceTurns,CityHappiness,RandomBarbarianSpawn,ConvertToPlayerReligionPercent,ConvertToPlayerMajorityReligionPercent,ImprovementRequired,FreeUnitsTechAppropriate,HasMetAMajorCiv,InDebt,LosingMoney,IsVassalOfSomeone,IsMasterOfSomeone,CityHasPlayerReligion,CityLacksPlayerReligion,CityHasPlayerMajorityReligion,CityLacksPlayerMajorityReligion) VALUES ('CITY_EVENT_DROUGHT_CHOICE_1','TXT_KEY_CITY_EVENT_DROUGHT_CHOICE_1_DESCRIPTION','TXT_KEY_CITY_EVENT_DROUGHT_CHOICE_1_HELP','AS2D_EVENT_CHOICE',0,'false','false',50,'true',0,0,NULL,NULL,'false','false',NULL,NULL,NULL,'false','false',NULL,NULL,'false',NULL,NULL,'false',NULL,NULL,'false','false',NULL,NULL,NULL,NULL,NULL,NULL,NULL,NULL,NULL,NULL,NULL,NULL,NULL,NULL,NULL,'false','false','false','false','false','false','false','false','false','false','false','false','false','false',NULL,NULL,0,0,0,0,0,0,0,NULL,0,'false','false','false','false','false','false','false','false','false'),
 ('CITY_EVENT_SEVERE_DROUGHT_CHOICE_1','TXT_KEY_CITY_EVENT_SEVERE_DROUGHT_CHOICE_1_DESCRIPTION','TXT_KEY_CITY_EVENT_SEVERE_DROUGHT_CHOICE_1_HELP','AS2D_EVENT_CHOICE',0,'false','false',50,'true',0,0,NULL,NULL,'false','false',NULL,NULL,NULL,'false','false',NULL,NULL,'false',NULL,NULL,'false',NULL,NULL,'false','false',NULL,NULL,NULL,NULL,NULL,NULL,NULL,NULL,NULL,NULL,NULL,NULL,NULL,NULL,NULL,'false','false','false','false','false','false','false','false','false','false','false','false','false','false',NULL,NULL,0,0,0,0,0,0,0,NULL,0,'false','false','false','false','false','false','false','false','false'),
 ('CITY_EVENT_CRITICAL_DROUGHT_CHOICE_1','TXT_KEY_CITY_EVENT_CRITICAL_DROUGHT_CHOICE_1_DESCRIPTION','TXT_KEY_CITY_EVENT_CRITICAL_DROUGHT_CHOICE_1_HELP','AS2D_EVENT_CHOICE',0,'false','false',50,'true',0,0,NULL,NULL,'false','false',NULL,NULL,NULL,'false','false',NULL,NULL,'false',NULL,NULL,'false',NULL,NULL,'false','false',NULL,NULL,NULL,NULL,NULL,NULL,NULL,NULL,NULL,NULL,NULL,NULL,NULL,NULL,NULL,'false','false','false','false','false','false','false','false','false','false','false','false','false','false',NULL,NULL,0,0,0,0,0,0,0,NULL,0,'false','false','false','false','false','false','false','false','false'),
 ('CITY_EVENT_ICE_AGE_EXPOSURE_CHOICE_1','TXT_KEY_CITY_EVENT_ICE_AGE_EXPOSURE_CHOICE_1_DESCRIPTION','TXT_KEY_CITY_EVENT_ICE_AGE_EXPOSURE_CHOICE_1_HELP','AS2D_EVENT_CHOICE',0,'false','false',30,'false',0,0,NULL,NULL,'false','false',NULL,NULL,NULL,'false','false',NULL,NULL,'false',NULL,NULL,'false',NULL,NULL,'false','false',NULL,NULL,NULL,NULL,NULL,NULL,NULL,NULL,NULL,NULL,NULL,NULL,NULL,NULL,NULL,'false','false','false','false','false','false','false','false','false','false','false','false','false','false',NULL,NULL,0,0,0,0,0,0,0,NULL,0,'false','false','false','false','false','false','false','false','false'),
 ('CITY_EVENT_ICE_AGE_NO_FUEL_CHOICE_1','TXT_KEY_CITY_EVENT_ICE_AGE_NO_FUEL_CHOICE_1_DESCRIPTION','TXT_KEY_CITY_EVENT_ICE_AGE_NO_FUEL_CHOICE_1_HELP','AS2D_EVENT_CHOICE',0,'false','true',30,'false',0,0,NULL,NULL,'false','false',NULL,NULL,NULL,'false','false',NULL,NULL,'false',NULL,NULL,'false',NULL,NULL,'false','false',NULL,NULL,NULL,NULL,NULL,NULL,NULL,NULL,NULL,NULL,NULL,NULL,NULL,NULL,NULL,'false','false','false','false','false','false','false','false','false','false','false','false','false','false',NULL,NULL,0,0,0,0,0,0,0,NULL,0,'false','false','false','false','false','false','false','false','false'),
 ('CITY_EVENT_ICE_AGE_FROZEN_WATER_CHOICE_1','TXT_KEY_CITY_EVENT_ICE_AGE_FROZEN_WATER_CHOICE_1_DESCRIPTION','TXT_KEY_CITY_EVENT_ICE_AGE_FROZEN_WATER_CHOICE_1_HELP','AS2D_EVENT_CHOICE',0,'false','false',50,'true',0,0,NULL,NULL,'false','false',NULL,NULL,NULL,'false','false',NULL,NULL,'false',NULL,NULL,'false',NULL,NULL,'false','false',NULL,NULL,NULL,NULL,NULL,NULL,NULL,NULL,NULL,NULL,NULL,NULL,NULL,NULL,NULL,'false','false','false','false','false','false','false','false','false','false','false','false','false','false',NULL,NULL,0,0,0,0,0,0,0,NULL,0,'false','false','false','false','false','false','false','false','false'),
 ('CITY_EVENT_ICE_AGE_BITTER_WINDS_CHOICE_1','TXT_KEY_CITY_EVENT_ICE_AGE_BITTER_WINDS_CHOICE_1_DESCRIPTION','TXT_KEY_CITY_EVENT_ICE_AGE_BITTER_WINDS_CHOICE_1_HELP','AS2D_EVENT_CHOICE',0,'false','false',50,'true',0,0,NULL,NULL,'false','false',NULL,NULL,NULL,'false','false',NULL,NULL,'false',NULL,NULL,'false',NULL,NULL,'false','false',NULL,NULL,NULL,NULL,NULL,NULL,NULL,NULL,NULL,NULL,NULL,NULL,NULL,NULL,NULL,'false','false','false','false','false','false','false','false','false','false','false','false','false','false',NULL,NULL,0,0,0,0,0,0,0,NULL,0,'false','false','false','false','false','false','false','false','false'),
 ('CITY_EVENT_DO_NOTHING_CHOICE','TXT_KEY_CITY_EVENT_DO_NOTHING','TXT_KEY_CITY_EVENT_DO_NOTHING_HELP','AS2D_EVENT_CHOICE',0,'false','false',30,'false',0,0,NULL,NULL,'false','false',NULL,NULL,NULL,'false','false',NULL,NULL,'false',NULL,NULL,'false',NULL,NULL,'false','false',NULL,NULL,NULL,NULL,NULL,NULL,NULL,NULL,NULL,NULL,NULL,NULL,NULL,NULL,NULL,'false','false','false','false','false','false','false','false','false','false','false','false','false','false',NULL,NULL,0,0,0,0,0,0,0,NULL,0,'false','false','false','false','false','false','false','false','false'),
 ('CITY_EVENT_MARKET_DEVELOPMENT_CHOICE_1','TXT_KEY_CITY_EVENT_MARKET_DEVELOPMENT_CHOICE_1','TXT_KEY_CITY_EVENT_MARKET_DEVELOPMENT_CHOICE_1_HELP','AS2D_EVENT_CHOICE',0,'true','false',30,'false',0,0,NULL,NULL,'false','false',NULL,NULL,NULL,'false','false',NULL,NULL,'false',NULL,NULL,'false',NULL,NULL,'false','false',NULL,NULL,NULL,NULL,NULL,NULL,NULL,NULL,NULL,NULL,NULL,NULL,NULL,NULL,NULL,'false','false','false','false','false','false','false','false','false','false','false','false','false','false',NULL,NULL,0,0,0,0,0,0,0,NULL,0,'false','false','false','false','false','false','false','false','false'),
 ('CITY_EVENT_MARKET_DEVELOPMENT_CHOICE_2','TXT_KEY_CITY_EVENT_MARKET_DEVELOPMENT_CHOICE_2','TXT_KEY_CITY_EVENT_MARKET_DEVELOPMENT_CHOICE_2_HELP','AS2D_EVENT_CHOICE',0,'true','false',30,'false',0,0,NULL,NULL,'false','false',NULL,NULL,NULL,'false','false',NULL,NULL,'false',NULL,NULL,'false',NULL,NULL,'false','false',NULL,NULL,NULL,NULL,NULL,NULL,NULL,NULL,NULL,NULL,NULL,NULL,NULL,NULL,NULL,'false','false','false','false','false','false','false','false','false','false','false','false','false','false',NULL,NULL,0,0,0,0,0,0,0,NULL,0,'false','false','false','false','false','false','false','false','false'),
 ('CITY_EVENT_MONUMENT_DEVELOPMENT_CHOICE_1','TXT_KEY_CITY_EVENT_MONUMENT_DEVELOPMENT_CHOICE_1','TXT_KEY_CITY_EVENT_MONUMENT_DEVELOPMENT_CHOICE_1_HELP','AS2D_EVENT_CHOICE',0,'true','false',30,'false',0,0,NULL,NULL,'false','false',NULL,NULL,NULL,'false','false',NULL,NULL,'false',NULL,NULL,'false',NULL,NULL,'false','false',NULL,NULL,NULL,NULL,NULL,NULL,NULL,NULL,NULL,NULL,NULL,NULL,NULL,NULL,NULL,'false','false','false','false','false','false','false','false','false','false','false','false','false','false',NULL,NULL,0,0,0,0,0,0,0,NULL,0,'false','false','false','false','false','false','false','false','false'),
 ('CITY_EVENT_MONUMENT_DEVELOPMENT_CHOICE_2','TXT_KEY_CITY_EVENT_MONUMENT_DEVELOPMENT_CHOICE_2','TXT_KEY_CITY_EVENT_MONUMENT_DEVELOPMENT_CHOICE_2_HELP','AS2D_EVENT_CHOICE',0,'true','false',30,'false',0,0,NULL,NULL,'false','false',NULL,NULL,NULL,'false','false',NULL,NULL,'true',NULL,NULL,'false',NULL,NULL,'false','false',NULL,NULL,NULL,NULL,NULL,NULL,NULL,NULL,NULL,NULL,NULL,NULL,NULL,NULL,NULL,'false','false','false','false','false','false','false','false','false','false','false','false','false','false',NULL,NULL,0,0,0,0,0,0,0,NULL,0,'false','false','false','false','false','false','false','false','false'),
 ('CITY_EVENT_MONUMENT_DEVELOPMENT_CHOICE_3','TXT_KEY_CITY_EVENT_MONUMENT_DEVELOPMENT_CHOICE_3','TXT_KEY_CITY_EVENT_MONUMENT_DEVELOPMENT_CHOICE_3_HELP','AS2D_EVENT_CHOICE',0,'true','false',30,'false',0,0,NULL,NULL,'false','false',NULL,NULL,NULL,'false','false',NULL,NULL,'false',NULL,NULL,'false',NULL,NULL,'false','false',NULL,NULL,NULL,NULL,NULL,NULL,NULL,NULL,NULL,NULL,NULL,NULL,NULL,NULL,NULL,'false','false','false','false','false','false','false','false','false','false','false','false','false','false',NULL,NULL,0,0,0,0,0,0,0,NULL,0,'false','false','false','false','false','false','false','false','false'),
 ('CITY_EVENT_STONE_WORKS_DISCOVERY_CHOICE_1','TXT_KEY_CITY_EVENT_STONE_WORKS_DISCOVERY_CHOICE_1','TXT_KEY_CITY_EVENT_STONE_WORKS_DISCOVERY_CHOICE_1_HELP','AS2D_EVENT_CHOICE',0,'false','true',30,'false',0,0,NULL,NULL,'false','false',NULL,NULL,NULL,'false','false',NULL,NULL,'false',NULL,NULL,'false',NULL,NULL,'false','false',NULL,NULL,NULL,NULL,NULL,NULL,NULL,NULL,NULL,NULL,NULL,NULL,NULL,NULL,NULL,'false','false','false','false','false','false','false','false','false','false','false','false','false','false',NULL,NULL,0,10,0,0,0,0,0,NULL,0,'false','false','false','false','false','false','false','false','false'),
 ('CITY_EVENT_STONE_WORKS_DISCOVERY_CHOICE_2','TXT_KEY_CITY_EVENT_STONE_WORKS_DISCOVERY_CHOICE_2','TXT_KEY_CITY_EVENT_STONE_WORKS_DISCOVERY_CHOICE_2_HELP','AS2D_EVENT_CHOICE',0,'false','true',30,'false',0,0,NULL,NULL,'false','false',NULL,NULL,NULL,'false','false',NULL,NULL,'false',NULL,NULL,'false','BUILDINGCLASS_TEMPLE',NULL,'false','false',NULL,NULL,NULL,NULL,NULL,NULL,NULL,NULL,NULL,NULL,NULL,NULL,NULL,NULL,NULL,'false','false','false','false','false','false','false','false','false','false','false','false','false','false',NULL,NULL,0,0,0,0,0,0,0,NULL,0,'false','false','false','false','false','false','false','false','false'),
 ('CITY_EVENT_STONE_WORKS_DISCOVERY_CHOICE_3','TXT_KEY_CITY_EVENT_STONE_WORKS_DISCOVERY_CHOICE_3','TXT_KEY_CITY_EVENT_STONE_WORKS_DISCOVERY_CHOICE_3_HELP','AS2D_EVENT_CHOICE',0,'false','true',30,'false',0,0,NULL,NULL,'false','false',NULL,NULL,NULL,'false','false',NULL,NULL,'true',NULL,NULL,'false',NULL,NULL,'false','false',NULL,NULL,NULL,NULL,NULL,NULL,NULL,NULL,NULL,NULL,NULL,NULL,NULL,NULL,NULL,'false','false','false','false','false','false','false','false','false','false','false','false','false','false',NULL,NULL,0,0,0,0,0,0,0,NULL,0,'false','false','false','false','false','false','false','false','false'),
 ('CITY_EVENT_STONE_WORKS_DISCOVERY_CHOICE_4','TXT_KEY_CITY_EVENT_STONE_WORKS_DISCOVERY_CHOICE_4','TXT_KEY_CITY_EVENT_STONE_WORKS_DISCOVERY_CHOICE_4_HELP','AS2D_EVENT_CHOICE',0,'false','false',40,'true',0,0,NULL,NULL,'false','false',NULL,NULL,NULL,'false','false',NULL,NULL,'false',NULL,NULL,'false',NULL,NULL,'false','false',NULL,NULL,NULL,NULL,NULL,NULL,NULL,NULL,NULL,NULL,NULL,NULL,NULL,NULL,NULL,'false','false','false','false','false','false','false','false','false','false','false','false','false','false',NULL,NULL,0,0,0,0,0,0,0,NULL,0,'false','false','false','false','false','false','false','false','false'),
 ('CITY_EVENT_FISHING_EXPEDITION_CHOICE_1','TXT_KEY_CITY_EVENT_FISHING_EXPEDITION_CHOICE_1','TXT_KEY_CITY_EVENT_FISHING_EXPEDITION_CHOICE_1_HELP','AS2D_EVENT_CHOICE',50,'false','true',30,'false',0,0,NULL,NULL,'false','false',NULL,NULL,NULL,'false','false',NULL,NULL,'false',NULL,NULL,'false',NULL,NULL,'false','false',NULL,NULL,NULL,NULL,NULL,NULL,NULL,NULL,NULL,NULL,NULL,NULL,NULL,NULL,NULL,'false','false','false','false','false','false','false','false','false','false','false','false','false','false',NULL,NULL,0,0,0,0,0,0,0,NULL,0,'false','false','false','false','false','false','false','false','false'),
 ('CITY_EVENT_FISHING_EXPEDITION_CHOICE_2','TXT_KEY_CITY_EVENT_FISHING_EXPEDITION_CHOICE_2','TXT_KEY_CITY_EVENT_FISHING_EXPEDITION_CHOICE_2_HELP','AS2D_EVENT_CHOICE',50,'false','true',30,'true',0,0,NULL,NULL,'false','false',NULL,NULL,NULL,'false','false',NULL,NULL,'false',NULL,NULL,'false',NULL,NULL,'false','false',NULL,NULL,NULL,NULL,NULL,NULL,NULL,NULL,NULL,NULL,NULL,NULL,NULL,NULL,NULL,'false','false','false','false','false','false','false','false','false','false','false','false','false','false',NULL,NULL,0,0,0,0,0,0,0,NULL,0,'false','false','false','false','false','false','false','false','false'),
 ('CITY_EVENT_FISHING_EXPEDITION_CHOICE_3','TXT_KEY_CITY_EVENT_FISHING_EXPEDITION_CHOICE_3','TXT_KEY_CITY_EVENT_FISHING_EXPEDITION_CHOICE_3_HELP','AS2D_EVENT_CHOICE',0,'false','true',30,'false',0,0,NULL,NULL,'false','false',NULL,NULL,NULL,'false','false',NULL,NULL,'false',NULL,NULL,'false',NULL,'BUILDINGCLASS_LIGHTHOUSE','false','false',NULL,NULL,NULL,NULL,NULL,NULL,NULL,NULL,NULL,NULL,NULL,NULL,NULL,NULL,NULL,'false','false','false','false','false','false','false','false','false','false','false','false','false','false',NULL,'BUILDINGCLASS_LIGHTHOUSE',0,0,0,0,0,0,0,NULL,0,'false','false','false','false','false','false','false','false','false'),
 ('CITY_EVENT_AMPHITHEATER_NEW_DRAMA_CHOICE_1','TXT_KEY_CITY_EVENT_AMPHITHEATER_NEW_DRAMA_CHOICE_1','TXT_KEY_CITY_EVENT_AMPHITHEATER_NEW_DRAMA_CHOICE_1_HELP','AS2D_EVENT_CHOICE',0,'false','true',30,'false',0,0,NULL,NULL,'false','false',NULL,NULL,NULL,'false','false',NULL,NULL,'false',NULL,NULL,'false',NULL,NULL,'false','false',NULL,NULL,NULL,NULL,NULL,NULL,NULL,NULL,NULL,NULL,NULL,NULL,NULL,NULL,NULL,'false','false','false','false','false','false','false','false','false','false','false','false','false','false',NULL,NULL,0,0,0,0,0,0,0,NULL,0,'true','false','false','false','false','false','false','false','false'),
 ('CITY_EVENT_AMPHITHEATER_NEW_DRAMA_CHOICE_2','TXT_KEY_CITY_EVENT_AMPHITHEATER_NEW_DRAMA_CHOICE_2','TXT_KEY_CITY_EVENT_AMPHITHEATER_NEW_DRAMA_CHOICE_2_HELP','AS2D_EVENT_CHOICE',0,'false','true',30,'false',0,0,NULL,NULL,'false','false',NULL,NULL,NULL,'false','false',NULL,NULL,'false',NULL,NULL,'false',NULL,NULL,'false','false',NULL,NULL,NULL,NULL,NULL,NULL,NULL,NULL,NULL,NULL,NULL,NULL,NULL,NULL,NULL,'false','false','false','false','false','false','false','false','false','false','false','false','false','false',NULL,NULL,0,0,0,0,0,0,0,NULL,0,'false','false','false','false','false','false','false','false','false'),
 ('CITY_EVENT_AMPHITHEATER_NEW_DRAMA_CHOICE_3','TXT_KEY_CITY_EVENT_AMPHITHEATER_NEW_DRAMA_CHOICE_3','TXT_KEY_CITY_EVENT_AMPHITHEATER_NEW_DRAMA_CHOICE_3_HELP','AS2D_EVENT_CHOICE',0,'false','false',30,'false',0,0,NULL,NULL,'false','false',NULL,NULL,NULL,'false','false',NULL,NULL,'false',NULL,NULL,'false',NULL,NULL,'false','false',NULL,NULL,NULL,NULL,NULL,NULL,NULL,NULL,NULL,NULL,NULL,NULL,NULL,NULL,NULL,'false','false','false','false','false','false','false','false','false','false','false','false','false','false',NULL,NULL,0,0,0,0,0,0,0,NULL,0,'false','false','false','false','false','false','false','false','false'),
 ('CITY_EVENT_AMPHITHEATER_NEW_DRAMA_CHOICE_4','TXT_KEY_CITY_EVENT_AMPHITHEATER_NEW_DRAMA_CHOICE_4','TXT_KEY_CITY_EVENT_AMPHITHEATER_NEW_DRAMA_CHOICE_4_HELP','AS2D_EVENT_CHOICE',0,'false','true',30,'false',0,0,NULL,NULL,'false','false',NULL,NULL,NULL,'false','false',NULL,NULL,'false',NULL,NULL,'false',NULL,NULL,'true','false',NULL,NULL,NULL,NULL,NULL,NULL,NULL,NULL,NULL,NULL,NULL,NULL,NULL,NULL,NULL,'false','false','false','false','false','false','false','false','false','false','false','false','false','false',NULL,NULL,0,0,0,0,0,0,0,NULL,0,'false','false','false','false','false','false','false','false','false'),
 ('CITY_EVENT_TEMPLE_CONCERNS_CHOICE_1','TXT_KEY_CITY_EVENT_TEMPLE_CONCERNS_CHOICE_1','TXT_KEY_CITY_EVENT_TEMPLE_CONCERNS_CHOICE_1_HELP','AS2D_EVENT_CHOICE',0,'true','false',30,'false',0,0,NULL,NULL,'true','false',NULL,NULL,NULL,'false','false',NULL,NULL,'false',NULL,NULL,'false',NULL,NULL,'false','false',NULL,NULL,NULL,NULL,NULL,NULL,NULL,NULL,NULL,NULL,NULL,NULL,NULL,NULL,NULL,'false','false','false','false','false','false','false','false','false','false','false','false','false','false',NULL,NULL,0,0,2,0,0,0,0,NULL,0,'false','false','false','false','false','false','false','false','false'),
 ('CITY_EVENT_TEMPLE_CONCERNS_CHOICE_2','TXT_KEY_CITY_EVENT_TEMPLE_CONCERNS_CHOICE_2','TXT_KEY_CITY_EVENT_TEMPLE_CONCERNS_CHOICE_2_HELP','AS2D_EVENT_CHOICE',0,'true','false',30,'false',0,0,NULL,NULL,'false','false',NULL,NULL,NULL,'false','false',NULL,NULL,'false',NULL,NULL,'false',NULL,NULL,'false','false',NULL,NULL,NULL,NULL,NULL,NULL,NULL,NULL,NULL,NULL,NULL,NULL,NULL,NULL,NULL,'false','false','false','false','false','false','false','false','false','false','false','false','false','false',NULL,NULL,0,0,0,-1,0,0,0,NULL,0,'false','false','false','false','false','false','false','false','false'),
 ('CITY_EVENT_TEMPLE_CONCERNS_CHOICE_3','TXT_KEY_CITY_EVENT_TEMPLE_CONCERNS_CHOICE_3','TXT_KEY_CITY_EVENT_TEMPLE_CONCERNS_CHOICE_3_HELP','AS2D_EVENT_CHOICE',50,'true','false',30,'false',0,0,NULL,NULL,'false','false',NULL,NULL,NULL,'false','false',NULL,NULL,'false',NULL,NULL,'false',NULL,NULL,'false','false',NULL,NULL,NULL,NULL,NULL,NULL,NULL,NULL,NULL,NULL,NULL,NULL,NULL,NULL,NULL,'false','false','false','false','false','false','false','false','false','false','false','false','false','false','BUILDINGCLASS_TEMPLE',NULL,0,0,0,1,0,0,0,NULL,0,'false','false','false','false','false','false','false','false','false'),
 ('CITY_EVENT_TEMPLE_CONCERNS_CHOICE_4','TXT_KEY_CITY_EVENT_TEMPLE_CONCERNS_CHOICE_4','TXT_KEY_CITY_EVENT_TEMPLE_CONCERNS_CHOICE_4_HELP','AS2D_EVENT_CHOICE',0,'true','false',30,'false',0,0,NULL,NULL,'false','false',NULL,NULL,NULL,'false','false',NULL,NULL,'false',NULL,NULL,'false',NULL,'BUILDINGCLASS_GRAND_TEMPLE','true','false',NULL,NULL,NULL,NULL,NULL,NULL,NULL,NULL,NULL,NULL,NULL,NULL,NULL,NULL,NULL,'false','false','false','false','false','false','false','false','false','false','false','false','false','false','BUILDINGCLASS_TEMPLE','BUILDINGCLASS_GRAND_TEMPLE',0,0,0,0,0,0,0,NULL,0,'false','false','false','false','false','false','false','false','false'),
 ('CITY_EVENT_LIGHTHOUSE_CHOICE_1','TXT_KEY_CITY_EVENT_LIGHTHOUSE_CHOICE_1','TXT_KEY_CITY_EVENT_LIGHTHOUSE_CHOICE_1_HELP','AS2D_EVENT_CHOICE',0,'true','false',30,'false',0,0,NULL,NULL,'false','false',NULL,NULL,NULL,'false','false',NULL,NULL,'false',NULL,NULL,'false',NULL,NULL,'false','false',NULL,NULL,NULL,NULL,NULL,NULL,NULL,NULL,NULL,NULL,NULL,NULL,NULL,NULL,NULL,'false','false','false','false','false','false','false','false','false','false','false','false','false','false',NULL,NULL,0,0,0,0,0,0,0,NULL,0,'false','false','false','false','false','false','false','false','false'),
 ('CITY_EVENT_LIGHTHOUSE_CHOICE_2','TXT_KEY_CITY_EVENT_LIGHTHOUSE_CHOICE_2','TXT_KEY_CITY_EVENT_LIGHTHOUSE_CHOICE_2_HELP','AS2D_EVENT_CHOICE',0,'true','false',30,'false',0,0,NULL,NULL,'false','false',NULL,NULL,NULL,'false','false',NULL,NULL,'false',NULL,NULL,'false',NULL,NULL,'false','false',NULL,NULL,NULL,NULL,NULL,NULL,NULL,NULL,NULL,NULL,NULL,NULL,NULL,NULL,NULL,'false','false','false','false','false','false','false','false','false','false','false','false','false','false',NULL,NULL,0,0,0,0,0,0,0,NULL,0,'false','false','false','false','false','false','false','false','false'),
 ('CITY_EVENT_LIGHTHOUSE_CHOICE_3','TXT_KEY_CITY_EVENT_LIGHTHOUSE_CHOICE_3','TXT_KEY_CITY_EVENT_LIGHTHOUSE_CHOICE_3_HELP','AS2D_EVENT_CHOICE',0,'true','false',30,'false',0,0,NULL,NULL,'false','false',NULL,NULL,NULL,'false','false',NULL,NULL,'false',NULL,NULL,'false',NULL,NULL,'false','false',NULL,NULL,NULL,NULL,NULL,NULL,NULL,NULL,NULL,NULL,NULL,NULL,NULL,NULL,NULL,'false','false','false','false','false','false','false','false','false','false','false','false','false','false','BUILDINGCLASS_LIGHTHOUSE',NULL,0,0,0,0,0,0,0,NULL,0,'false','false','false','false','false','false','false','false','false'),
 ('CITY_EVENT_HOSPITAL_OVERCROWDING_CHOICE_1','TXT_KEY_CITY_EVENT_HOSPITAL_OVERCROWDING_CHOICE_1','TXT_KEY_CITY_EVENT_HOSPITAL_OVERCROWDING_CHOICE_1_HELP','AS2D_EVENT_CHOICE',0,'false','false',50,'true',0,0,NULL,NULL,'false','false',NULL,NULL,NULL,'false','false',NULL,NULL,'false',NULL,NULL,'false',NULL,NULL,'false','false',NULL,NULL,NULL,NULL,NULL,NULL,NULL,NULL,NULL,NULL,NULL,NULL,NULL,NULL,NULL,'false','false','false','false','false','false','false','false','false','false','false','false','false','false',NULL,NULL,0,0,0,1,0,0,0,NULL,0,'false','false','false','false','false','false','false','false','false'),
 ('CITY_EVENT_HOSPITAL_OVERCROWDING_CHOICE_2','TXT_KEY_CITY_EVENT_HOSPITAL_OVERCROWDING_CHOICE_2','TXT_KEY_CITY_EVENT_HOSPITAL_OVERCROWDING_CHOICE_2_HELP','AS2D_EVENT_CHOICE',0,'false','false',30,'false',5,0,NULL,NULL,'false','false',NULL,NULL,NULL,'false','false',NULL,NULL,'false',NULL,NULL,'false',NULL,NULL,'false','false',NULL,NULL,NULL,NULL,NULL,NULL,NULL,NULL,NULL,NULL,NULL,NULL,NULL,NULL,NULL,'false','false','false','false','false','false','false','false','false','false','false','false','false','false',NULL,NULL,0,0,0,0,0,0,0,NULL,0,'false','false','false','false','false','false','false','false','false'),
 ('CITY_EVENT_HOSPITAL_OVERCROWDING_CHOICE_3','TXT_KEY_CITY_EVENT_HOSPITAL_OVERCROWDING_CHOICE_3','TXT_KEY_CITY_EVENT_HOSPITAL_OVERCROWDING_CHOICE_3_HELP','AS2D_EVENT_CHOICE',0,'true','false',30,'false',0,0,NULL,NULL,'false','false',NULL,NULL,NULL,'false','false',NULL,NULL,'false',NULL,NULL,'false',NULL,NULL,'false','false',NULL,NULL,NULL,NULL,NULL,NULL,NULL,NULL,NULL,NULL,NULL,NULL,NULL,NULL,NULL,'false','false','false','false','false','false','false','false','false','false','false','false','false','false',NULL,NULL,0,0,0,-1,0,0,0,NULL,0,'false','false','false','false','false','false','false','false','false'),
 ('CITY_EVENT_HOSPITAL_OVERCROWDING_CHOICE_4','TXT_KEY_CITY_EVENT_HOSPITAL_OVERCROWDING_CHOICE_4','TXT_KEY_CITY_EVENT_HOSPITAL_OVERCROWDING_CHOICE_4_HELP','AS2D_EVENT_CHOICE',0,'true','false',30,'false',0,0,NULL,NULL,'false','false',NULL,NULL,NULL,'false','false',NULL,NULL,'false',NULL,NULL,'false',NULL,NULL,'false','false',NULL,NULL,NULL,NULL,NULL,NULL,NULL,NULL,NULL,NULL,NULL,NULL,NULL,NULL,NULL,'false','false','false','false','false','false','false','false','false','false','false','false','false','false',NULL,NULL,0,0,0,2,0,0,0,NULL,0,'false','false','false','false','false','false','false','false','false'),
 ('CITY_EVENT_HOSPITAL_OVERCROWDING_CHOICE_5','TXT_KEY_CITY_EVENT_HOSPITAL_OVERCROWDING_CHOICE_5','TXT_KEY_CITY_EVENT_HOSPITAL_OVERCROWDING_CHOICE_5_HELP','AS2D_EVENT_CHOICE',50,'false','false',30,'false',0,0,NULL,NULL,'false','false',NULL,NULL,NULL,'false','false',NULL,NULL,'false',NULL,NULL,'false','BUILDINGCLASS_LABORATORY',NULL,'false','false',NULL,NULL,NULL,NULL,NULL,NULL,NULL,NULL,NULL,NULL,NULL,NULL,NULL,NULL,NULL,'false','false','false','false','false','false','false','false','false','false','false','false','false','false',NULL,NULL,0,0,3,0,0,0,0,NULL,0,'false','false','false','false','false','false','false','false','false'),
 ('CITY_EVENT_FACTORY_PARTNERSHIP_CHOICE_1','TXT_KEY_CITY_EVENT_FACTORY_PARTNERSHIP_CHOICE_1','TXT_KEY_CITY_EVENT_FACTORY_PARTNERSHIP_CHOICE_1_HELP','AS2D_EVENT_CHOICE',0,'true','false',30,'false',0,0,NULL,NULL,'false','false',NULL,NULL,NULL,'false','false',NULL,NULL,'false',NULL,NULL,'false',NULL,NULL,'false','false',NULL,NULL,NULL,NULL,NULL,NULL,NULL,NULL,NULL,NULL,NULL,NULL,NULL,NULL,NULL,'false','false','false','false','false','false','false','false','false','false','false','false','false','false',NULL,NULL,0,0,0,0,0,0,0,NULL,0,'false','false','false','false','false','false','false','false','false'),
 ('CITY_EVENT_FACTORY_PARTNERSHIP_CHOICE_2','TXT_KEY_CITY_EVENT_FACTORY_PARTNERSHIP_CHOICE_2','TXT_KEY_CITY_EVENT_FACTORY_PARTNERSHIP_CHOICE_2_HELP','AS2D_EVENT_CHOICE',0,'true','false',30,'false',0,0,NULL,NULL,'false','false',NULL,NULL,NULL,'false','false',NULL,NULL,'false',NULL,NULL,'false',NULL,NULL,'false','false',NULL,NULL,NULL,NULL,NULL,NULL,NULL,NULL,NULL,NULL,NULL,NULL,NULL,NULL,NULL,'false','false','false','false','false','false','false','false','false','false','false','false','false','false',NULL,NULL,0,0,0,0,0,0,0,NULL,0,'false','false','false','false','false','false','false','false','false'),
 ('CITY_EVENT_FACTORY_PARTNERSHIP_CHOICE_3','TXT_KEY_CITY_EVENT_FACTORY_PARTNERSHIP_CHOICE_3','TXT_KEY_CITY_EVENT_FACTORY_PARTNERSHIP_CHOICE_3_HELP','AS2D_EVENT_CHOICE',0,'true','false',30,'false',0,0,NULL,NULL,'false','false',NULL,NULL,NULL,'false','false',NULL,NULL,'false',NULL,NULL,'false',NULL,NULL,'false','false',NULL,NULL,NULL,NULL,NULL,NULL,NULL,NULL,NULL,NULL,NULL,NULL,NULL,NULL,NULL,'false','false','false','false','false','false','false','false','false','false','false','false','false','false',NULL,NULL,0,0,0,0,0,0,0,NULL,0,'false','false','false','false','false','false','false','false','false'),
 ('CITY_EVENT_FACTORY_PARTNERSHIP_CHOICE_4','TXT_KEY_CITY_EVENT_FACTORY_PARTNERSHIP_CHOICE_4','TXT_KEY_CITY_EVENT_FACTORY_PARTNERSHIP_CHOICE_4_HELP','AS2D_EVENT_CHOICE',0,'true','false',30,'false',0,0,NULL,NULL,'false','false',NULL,NULL,NULL,'false','false',NULL,NULL,'false',NULL,NULL,'false',NULL,NULL,'false','false',NULL,NULL,NULL,NULL,NULL,NULL,NULL,NULL,NULL,NULL,NULL,NULL,NULL,NULL,NULL,'false','false','false','false','false','false','false','false','false','false','false','false','false','false',NULL,NULL,0,0,0,0,0,0,0,NULL,0,'false','false','false','false','false','false','false','false','false'),
 ('CITY_EVENT_FACTORY_PARTNERSHIP_CHOICE_5','TXT_KEY_CITY_EVENT_FACTORY_PARTNERSHIP_CHOICE_5','TXT_KEY_CITY_EVENT_FACTORY_PARTNERSHIP_CHOICE_5_HELP','AS2D_EVENT_CHOICE',0,'true','false',30,'false',0,0,NULL,NULL,'false','false',NULL,NULL,NULL,'false','false',NULL,NULL,'false',NULL,NULL,'false',NULL,NULL,'false','false',NULL,NULL,NULL,NULL,NULL,NULL,NULL,NULL,NULL,NULL,NULL,NULL,NULL,NULL,NULL,'false','false','false','false','false','false','false','false','false','false','false','false','false','false',NULL,NULL,0,0,0,0,0,0,0,NULL,0,'false','false','false','false','false','false','false','false','false'),
 ('CITY_EVENT_STADIUM_WORLD_EVENT_CHOICE_1','TXT_KEY_CITY_EVENT_STADIUM_WORLD_EVENT_CHOICE_1','TXT_KEY_CITY_EVENT_STADIUM_WORLD_EVENT_CHOICE_1_HELP','AS2D_EVENT_CHOICE',0,'false','false',30,'false',0,0,NULL,NULL,'false','false',NULL,NULL,NULL,'false','false',NULL,NULL,'false',NULL,NULL,'false',NULL,NULL,'false','false',NULL,NULL,NULL,NULL,NULL,NULL,NULL,NULL,NULL,NULL,NULL,NULL,NULL,NULL,NULL,'false','false','false','false','false','false','false','false','false','false','false','false','false','false',NULL,NULL,0,0,0,0,0,0,0,NULL,0,'false','false','false','false','false','false','false','false','false'),
 ('CITY_EVENT_STADIUM_LOCAL_EVENT_CHOICE_1','TXT_KEY_CITY_EVENT_STADIUM_LOCAL_EVENT_CHOICE_1','TXT_KEY_CITY_EVENT_STADIUM_LOCAL_EVENT_CHOICE_1_HELP','AS2D_EVENT_CHOICE',0,'false','false',30,'false',0,0,NULL,NULL,'false','false',NULL,NULL,NULL,'false','false',NULL,NULL,'false',NULL,NULL,'false',NULL,NULL,'false','false',NULL,NULL,NULL,NULL,NULL,NULL,NULL,NULL,NULL,NULL,NULL,NULL,NULL,'TERRAIN_SNOW',NULL,'false','false','false','false','false','false','false','false','false','false','false','false','false','true',NULL,NULL,0,10,0,0,0,0,0,NULL,0,'false','false','false','false','false','false','false','false','false'),
 ('CITY_EVENT_STADIUM_LOCAL_EVENT_CHOICE_2','TXT_KEY_CITY_EVENT_STADIUM_LOCAL_EVENT_CHOICE_2','TXT_KEY_CITY_EVENT_STADIUM_LOCAL_EVENT_CHOICE_2_HELP','AS2D_EVENT_CHOICE',0,'false','false',30,'false',0,0,NULL,NULL,'false','false',NULL,NULL,NULL,'false','false',NULL,NULL,'false',NULL,NULL,'false',NULL,NULL,'false','false',NULL,NULL,NULL,NULL,NULL,NULL,NULL,NULL,NULL,NULL,NULL,NULL,NULL,NULL,NULL,'false','false','false','false','true','false','false','false','false','false','false','false','false','false',NULL,NULL,0,0,0,0,0,0,0,NULL,0,'false','false','false','false','false','false','false','false','false'),
 ('CITY_EVENT_STADIUM_LOCAL_EVENT_CHOICE_3','TXT_KEY_CITY_EVENT_STADIUM_LOCAL_EVENT_CHOICE_3','TXT_KEY_CITY_EVENT_STADIUM_LOCAL_EVENT_CHOICE_3_HELP','AS2D_EVENT_CHOICE',0,'false','false',30,'false',0,0,NULL,NULL,'false','false',NULL,NULL,NULL,'false','false',NULL,NULL,'false',NULL,NULL,'false',NULL,NULL,'false','false',NULL,NULL,NULL,NULL,NULL,NULL,NULL,NULL,NULL,NULL,NULL,NULL,NULL,NULL,NULL,'false','false','false','false','false','false','false','false','false','false','false','false','false','false',NULL,NULL,0,0,0,0,0,0,0,NULL,0,'false','false','false','false','false','false','false','false','false'),
 ('CITY_EVENT_STADIUM_LOCAL_EVENT_CHOICE_4','TXT_KEY_CITY_EVENT_STADIUM_LOCAL_EVENT_CHOICE_4','TXT_KEY_CITY_EVENT_STADIUM_LOCAL_EVENT_CHOICE_4_HELP','AS2D_EVENT_CHOICE',0,'false','false',30,'false',0,0,NULL,NULL,'false','false',NULL,NULL,NULL,'false','false',NULL,NULL,'false',NULL,NULL,'false',NULL,NULL,'false','false',NULL,NULL,NULL,NULL,NULL,NULL,NULL,NULL,NULL,NULL,NULL,NULL,NULL,NULL,NULL,'false','false','false','false','false','false','false','false','false','false','false','false','false','false',NULL,NULL,0,0,0,0,0,0,0,NULL,0,'false','false','false','false','false','false','false','false','false'),
 ('CITY_EVENT_STADIUM_LOCAL_EVENT_CHOICE_5','TXT_KEY_CITY_EVENT_STADIUM_LOCAL_EVENT_CHOICE_5','TXT_KEY_CITY_EVENT_STADIUM_LOCAL_EVENT_CHOICE_5_HELP','AS2D_EVENT_CHOICE',0,'false','false',30,'false',0,0,NULL,NULL,'false','false',NULL,NULL,NULL,'false','false',NULL,NULL,'false',NULL,NULL,'false',NULL,NULL,'false','false',NULL,NULL,NULL,NULL,NULL,NULL,NULL,NULL,NULL,NULL,NULL,NULL,NULL,NULL,NULL,'false','false','false','false','false','false','false','false','false','false','false','false','false','false',NULL,NULL,0,0,0,0,0,0,0,NULL,0,'false','false','false','false','false','false','false','false','false'),
 ('CITY_EVENT_NUCLEAR_MELTDOWN_CHOICE_1','TXT_KEY_CITY_EVENT_NUCLEAR_MELTDOWN_CHOICE_1','TXT_KEY_CITY_EVENT_NUCLEAR_MELTDOWN_CHOICE_1_HELP','AS2D_EVENT_CHOICE',0,'false','false',30,'false',15,0,NULL,NULL,'false','false',NULL,NULL,NULL,'false','false',NULL,NULL,'false',NULL,NULL,'false',NULL,NULL,'false','false',NULL,NULL,NULL,NULL,NULL,NULL,NULL,NULL,NULL,NULL,NULL,NULL,NULL,NULL,NULL,'false','false','false','false','false','false','false','false','false','false','false','false','false','false','BUILDINGCLASS_NUCLEAR_PLANT',NULL,15,0,3,0,0,0,0,NULL,0,'false','false','false','false','false','false','false','false','false'),
 ('CITY_EVENT_MINE_COLLAPSE_CHOICE_1','TXT_KEY_CITY_EVENT_MINE_COLLAPSE_CHOICE_1','TXT_KEY_CITY_EVENT_MINE_COLLAPSE_CHOICE_1_HELP','AS2D_EVENT_CHOICE',0,'false','false',30,'false',0,0,NULL,NULL,'false','false',NULL,NULL,NULL,'false','false',NULL,NULL,'false',NULL,NULL,'false',NULL,NULL,'false','false',NULL,NULL,NULL,NULL,NULL,NULL,NULL,NULL,NULL,NULL,NULL,NULL,NULL,NULL,NULL,'false','false','false','false','false','false','false','false','false','false','false','false','false','false',NULL,NULL,0,0,0,0,0,0,0,NULL,0,'false','false','false','false','false','false','false','false','false'),
 ('CITY_EVENT_FOREST_FIRE_CHOICE_1','TXT_KEY_CITY_EVENT_FOREST_FIRE_CHOICE_1','TXT_KEY_CITY_EVENT_FOREST_FIRE_CHOICE_1_HELP','AS2D_EVENT_CHOICE',0,'false','false',30,'false',0,0,NULL,NULL,'false','false',NULL,NULL,NULL,'false','false',NULL,NULL,'false',NULL,NULL,'false',NULL,NULL,'false','false',NULL,NULL,NULL,NULL,NULL,NULL,NULL,NULL,NULL,NULL,NULL,NULL,NULL,NULL,NULL,'false','false','false','false','false','false','false','false','false','false','false','false','false','false',NULL,NULL,0,0,0,0,0,0,0,NULL,0,'false','false','false','false','false','false','false','false','false'),
 ('CITY_EVENT_AVALANCHE_CHOICE_1','TXT_KEY_CITY_EVENT_AVALANCHE_CHOICE_1','TXT_KEY_CITY_EVENT_AVALANCHE_CHOICE_1_HELP','AS2D_EVENT_CHOICE',0,'false','false',30,'false',0,0,NULL,NULL,'false','false',NULL,NULL,NULL,'false','false',NULL,NULL,'false',NULL,NULL,'false',NULL,NULL,'false','false',NULL,NULL,NULL,NULL,NULL,NULL,NULL,NULL,NULL,NULL,NULL,NULL,NULL,NULL,NULL,'false','false','false','false','false','false','false','false','false','false','false','false','false','false',NULL,NULL,0,0,0,0,0,0,0,NULL,0,'false','false','false','false','false','false','false','false','false'),
 ('CITY_EVENT_CORRUPTION_CHOICE_1','TXT_KEY_CITY_EVENT_CORRUPTION_CHOICE_1','TXT_KEY_CITY_EVENT_CORRUPTION_CHOICE_1_HELP','AS2D_EVENT_CHOICE',0,'false','true',30,'true',0,0,NULL,NULL,'false','false',NULL,NULL,NULL,'false','false',NULL,NULL,'false',NULL,NULL,'false',NULL,NULL,'false','false',NULL,NULL,NULL,NULL,NULL,NULL,NULL,NULL,NULL,NULL,NULL,NULL,NULL,NULL,NULL,'false','false','false','false','false','false','false','false','false','false','false','false','false','false',NULL,NULL,0,0,0,0,0,0,0,NULL,0,'false','false','false','false','false','false','false','false','false'),
 ('CITY_EVENT_CORRUPTION_CHOICE_2','TXT_KEY_CITY_EVENT_CORRUPTION_CHOICE_2','TXT_KEY_CITY_EVENT_CORRUPTION_CHOICE_2_HELP','AS2D_EVENT_CHOICE',0,'false','true',30,'true',0,0,NULL,NULL,'false','false',NULL,NULL,NULL,'false','false',NULL,NULL,'false',NULL,NULL,'false',NULL,NULL,'false','false',NULL,NULL,NULL,NULL,NULL,NULL,NULL,NULL,NULL,NULL,NULL,NULL,NULL,NULL,NULL,'false','false','false','false','false','false','false','false','false','false','false','false','false','false',NULL,NULL,0,0,0,0,0,0,0,NULL,0,'false','false','false','false','false','false','false','false','false'),
 ('CITY_EVENT_CORRUPTION_CHOICE_3','TXT_KEY_CITY_EVENT_CORRUPTION_CHOICE_3','TXT_KEY_CITY_EVENT_CORRUPTION_CHOICE_3_HELP','AS2D_EVENT_CHOICE',0,'false','true',30,'true',0,0,NULL,NULL,'false','false',NULL,NULL,NULL,'false','false',NULL,NULL,'false',NULL,NULL,'false',NULL,NULL,'false','false',NULL,NULL,NULL,NULL,NULL,NULL,NULL,NULL,NULL,NULL,NULL,NULL,NULL,NULL,NULL,'false','false','false','false','false','false','false','false','false','false','false','false','false','false',NULL,NULL,0,0,0,0,0,0,0,NULL,0,'false','false','false','false','false','false','false','false','false'),
 ('CITY_EVENT_CORRUPTION_CHOICE_4','TXT_KEY_CITY_EVENT_CORRUPTION_CHOICE_4','TXT_KEY_CITY_EVENT_CORRUPTION_CHOICE_4_HELP','AS2D_EVENT_CHOICE',0,'false','true',30,'true',0,0,NULL,NULL,'false','false',NULL,NULL,NULL,'false','false',NULL,NULL,'false',NULL,NULL,'false',NULL,NULL,'false','false',NULL,NULL,NULL,NULL,NULL,NULL,NULL,NULL,NULL,NULL,NULL,NULL,NULL,NULL,NULL,'false','false','false','false','false','false','false','false','false','false','false','false','false','false',NULL,NULL,0,0,0,-2,0,0,0,NULL,0,'false','false','false','false','false','false','false','false','false'),
 ('CITY_EVENT_CORRUPTION_FOOD_SPOILED_CHOICE_1','TXT_KEY_CITY_EVENT_CORRUPTION_FOOD_SPOILED_CHOICE_1','TXT_KEY_CITY_EVENT_CORRUPTION_FOOD_SPOILED_CHOICE_1_HELP','AS2D_EVENT_CHOICE',0,'false','true',30,'false',0,0,NULL,NULL,'false','false',NULL,NULL,NULL,'false','false',NULL,NULL,'false',NULL,NULL,'false',NULL,NULL,'false','false',NULL,NULL,NULL,NULL,NULL,NULL,NULL,NULL,NULL,NULL,NULL,NULL,NULL,NULL,NULL,'false','false','false','false','false','false','false','false','false','false','false','false','false','false',NULL,NULL,0,0,0,0,0,0,0,NULL,0,'false','false','false','false','false','false','false','false','false'),
 ('CITY_EVENT_CORRUPTION_BANDITS_CHOICE_1','TXT_KEY_CITY_EVENT_CORRUPTION_BANDITS_CHOICE_1','TXT_KEY_CITY_EVENT_CORRUPTION_BANDITS_CHOICE_1_HELP','AS2D_EVENT_CHOICE',0,'false','true',30,'false',0,0,NULL,NULL,'false','false',NULL,NULL,NULL,'false','false',NULL,NULL,'false',NULL,NULL,'false',NULL,NULL,'false','false',NULL,NULL,NULL,NULL,NULL,NULL,NULL,NULL,NULL,NULL,NULL,NULL,NULL,NULL,NULL,'false','false','false','false','false','false','false','false','false','false','false','false','false','false',NULL,NULL,0,0,0,0,0,0,0,NULL,0,'false','false','false','false','false','false','false','false','false'),
 ('CITY_EVENT_GOOD_HARVEST_CHOICE_1','TXT_KEY_CITY_EVENT_GOOD_HARVEST_CHOICE_1','TXT_KEY_CITY_EVENT_GOOD_HARVEST_CHOICE_1_HELP','AS2D_EVENT_CHOICE',0,'false','false',30,'false',0,0,NULL,NULL,'false','false',NULL,NULL,NULL,'false','false',NULL,NULL,'false',NULL,NULL,'false',NULL,NULL,'false','false',NULL,NULL,NULL,NULL,NULL,NULL,NULL,NULL,NULL,NULL,NULL,NULL,NULL,NULL,NULL,'false','false','false','false','false','false','false','false','false','false','false','false','false','false',NULL,NULL,0,0,0,0,0,0,0,NULL,0,'false','false','false','false','false','false','false','false','false'),
 ('CITY_EVENT_MARKET_DAY_CHOICE_1','TXT_KEY_CITY_EVENT_MARKET_DAY_CHOICE_1','TXT_KEY_CITY_EVENT_MARKET_DAY_CHOICE_1_HELP','AS2D_EVENT_CHOICE',20,'false','false',30,'true',0,0,NULL,NULL,'false','false',NULL,NULL,NULL,'false','false',NULL,NULL,'false',NULL,NULL,'false',NULL,NULL,'false','false',NULL,NULL,NULL,NULL,NULL,NULL,NULL,NULL,NULL,NULL,NULL,NULL,NULL,NULL,NULL,'false','false','false','false','false','false','false','false','false','false','false','false','false','false',NULL,NULL,0,0,0,0,0,0,0,NULL,0,'false','false','false','false','false','false','false','false','false'),
 ('CITY_EVENT_VOLCANO_CHOICE_1','TXT_KEY_CITY_EVENT_VOLCANO_CHOICE_1','TXT_KEY_CITY_EVENT_VOLCANO_CHOICE_1_HELP','AS2D_EVENT_CHOICE',0,'false','false',30,'false',0,0,NULL,NULL,'false','false',NULL,NULL,NULL,'false','false',NULL,NULL,'false',NULL,NULL,'false',NULL,NULL,'false','false',NULL,NULL,NULL,NULL,NULL,NULL,NULL,NULL,NULL,NULL,NULL,NULL,NULL,NULL,NULL,'false','false','false','false','false','false','false','false','false','false','false','false','false','false',NULL,NULL,10,0,0,0,0,0,0,NULL,0,'false','false','false','false','false','false','false','false','false'),
 ('CITY_EVENT_VOLCANO_SPECIAL_CHOICE_1','TXT_KEY_CITY_EVENT_VOLCANO_SPECIAL_CHOICE_1','TXT_KEY_CITY_EVENT_VOLCANO_SPECIAL_CHOICE_1_HELP','AS2D_EVENT_CHOICE',0,'false','false',30,'false',0,0,NULL,NULL,'false','false',NULL,NULL,NULL,'false','false',NULL,NULL,'false',NULL,NULL,'false',NULL,NULL,'false','false',NULL,NULL,NULL,NULL,NULL,NULL,NULL,NULL,NULL,NULL,NULL,NULL,NULL,NULL,NULL,'false','false','false','false','false','false','false','false','false','false','false','false','false','false',NULL,NULL,12,0,0,0,0,0,0,NULL,0,'false','false','false','false','false','false','false','false','false'),
 ('CITY_EVENT_HOTEL_ESTABLISHED_CHOICE_1','TXT_KEY_CITY_EVENT_HOTEL_ESTABLISHED_CHOICE_1','TXT_KEY_CITY_EVENT_HOTEL_ESTABLISHED_CHOICE_1_HELP','AS2D_EVENT_CHOICE',0,'true','false',30,'false',0,0,NULL,NULL,'false','false',NULL,NULL,NULL,'false','false',NULL,NULL,'false',NULL,NULL,'false',NULL,NULL,'false','false',NULL,NULL,NULL,NULL,NULL,NULL,NULL,NULL,NULL,NULL,NULL,NULL,NULL,NULL,NULL,'false','false','false','false','false','false','false','false','false','false','false','false','false','false',NULL,'BUILDINGCLASS_HOTEL',0,0,0,0,0,0,0,NULL,0,'false','false','false','false','false','false','false','false','false'),
 ('CITY_EVENT_PUBLIC_SCHOOL_DECISION_CHOICE_1','TXT_KEY_CITY_EVENT_PUBLIC_SCHOOL_DECISION_CHOICE_1','TXT_KEY_CITY_EVENT_PUBLIC_SCHOOL_DECISION_CHOICE_1_HELP','AS2D_EVENT_CHOICE',0,'true','false',30,'false',0,0,NULL,NULL,'false','false',NULL,NULL,NULL,'false','false',NULL,NULL,'false',NULL,NULL,'false',NULL,NULL,'false','false',NULL,NULL,NULL,NULL,NULL,NULL,NULL,NULL,NULL,NULL,NULL,NULL,NULL,NULL,NULL,'false','false','false','false','false','false','false','false','false','false','false','false','false','false',NULL,NULL,0,0,0,0,0,0,0,NULL,0,'false','false','false','false','false','false','false','false','false'),
 ('CITY_EVENT_PUBLIC_SCHOOL_DECISION_CHOICE_2','TXT_KEY_CITY_EVENT_PUBLIC_SCHOOL_DECISION_CHOICE_2','TXT_KEY_CITY_EVENT_PUBLIC_SCHOOL_DECISION_CHOICE_2_HELP','AS2D_EVENT_CHOICE',0,'true','false',30,'false',0,0,NULL,NULL,'false','false',NULL,NULL,NULL,'false','false',NULL,NULL,'false',NULL,NULL,'false',NULL,NULL,'false','false',NULL,NULL,NULL,NULL,NULL,NULL,NULL,NULL,NULL,NULL,NULL,NULL,NULL,NULL,NULL,'false','false','false','false','false','false','false','false','false','false','false','false','false','false',NULL,NULL,0,0,0,0,0,0,0,NULL,0,'false','false','false','false','false','false','false','false','false'),
 ('CITY_EVENT_PESTILENCE_CHOICE_1','TXT_KEY_CITY_EVENT_PESTILENCE_CHOICE_1','TXT_KEY_CITY_EVENT_PESTILENCE_CHOICE_1_HELP','AS2D_EVENT_CHOICE',0,'false','false',30,'false',0,0,NULL,NULL,'false','false',NULL,NULL,NULL,'false','false',NULL,NULL,'false',NULL,NULL,'false',NULL,NULL,'false','false',NULL,NULL,NULL,NULL,NULL,NULL,NULL,NULL,NULL,NULL,NULL,NULL,NULL,NULL,NULL,'false','false','false','false','false','false','false','false','false','false','false','false','false','false',NULL,NULL,0,0,0,0,0,0,0,NULL,0,'false','false','false','false','false','false','false','false','false'),
 ('CITY_EVENT_FLOODING_CHOICE_1','TXT_KEY_CITY_EVENT_FLOODING_CHOICE_1','TXT_KEY_CITY_EVENT_FLOODING_CHOICE_1_HELP','AS2D_EVENT_CHOICE',0,'false','false',30,'false',0,0,NULL,NULL,'false','false',NULL,NULL,NULL,'false','false',NULL,NULL,'false',NULL,NULL,'false',NULL,NULL,'false','false',NULL,NULL,NULL,NULL,NULL,NULL,NULL,NULL,NULL,NULL,NULL,NULL,NULL,NULL,NULL,'false','false','false','false','false','false','false','false','false','false','false','false','false','false',NULL,NULL,0,0,0,0,0,0,0,NULL,0,'false','false','false','false','false','false','false','false','false'),
 ('CITY_EVENT_HURRICANE_CHOICE_1','TXT_KEY_CITY_EVENT_HURRICANE_CHOICE_1','TXT_KEY_CITY_EVENT_HURRICANE_CHOICE_1_HELP','AS2D_EVENT_CHOICE',33,'false','false',30,'false',0,0,NULL,'ERA_MODERN','false','false',NULL,NULL,NULL,'false','false',NULL,NULL,'false',NULL,NULL,'false',NULL,NULL,'false','false',NULL,NULL,NULL,NULL,NULL,NULL,NULL,NULL,NULL,NULL,NULL,NULL,NULL,NULL,NULL,'false','false','false','false','false','false','false','false','false','false','false','false','false','false',NULL,NULL,4,0,1,0,0,0,0,NULL,0,'false','false','false','false','false','false','false','false','false'),
 ('CITY_EVENT_HURRICANE_CHOICE_2','TXT_KEY_CITY_EVENT_HURRICANE_CHOICE_2','TXT_KEY_CITY_EVENT_HURRICANE_CHOICE_2_HELP','AS2D_EVENT_CHOICE',33,'false','false',30,'false',0,0,NULL,NULL,'false','false',NULL,NULL,NULL,'false','false',NULL,NULL,'false',NULL,NULL,'false',NULL,NULL,'false','false',NULL,NULL,NULL,NULL,NULL,NULL,NULL,NULL,NULL,NULL,NULL,NULL,NULL,NULL,NULL,'false','false','false','false','false','false','false','false','false','false','false','false','false','false',NULL,NULL,18,0,1,0,0,0,0,NULL,0,'false','false','false','false','false','false','false','false','false'),
 ('CITY_EVENT_HURRICANE_CHOICE_3','TXT_KEY_CITY_EVENT_HURRICANE_CHOICE_3','TXT_KEY_CITY_EVENT_HURRICANE_CHOICE_3_HELP','AS2D_EVENT_CHOICE',33,'false','false',30,'false',0,0,NULL,NULL,'false','false',NULL,NULL,NULL,'false','false',NULL,NULL,'false',NULL,NULL,'false',NULL,NULL,'false','false',NULL,NULL,NULL,NULL,NULL,NULL,NULL,NULL,NULL,NULL,NULL,NULL,NULL,NULL,NULL,'false','false','true','false','false','false','false','false','false','false','false','false','false','false',NULL,NULL,8,0,1,0,0,0,0,NULL,0,'false','false','false','false','false','false','false','false','false'),
 ('CITY_EVENT_HURRICANE_CHOICE_4','TXT_KEY_CITY_EVENT_HURRICANE_CHOICE_4','TXT_KEY_CITY_EVENT_HURRICANE_CHOICE_4_HELP','AS2D_EVENT_CHOICE',33,'false','false',30,'false',0,0,NULL,NULL,'false','false',NULL,NULL,NULL,'false','false',NULL,NULL,'false',NULL,NULL,'false',NULL,NULL,'false','false',NULL,NULL,NULL,NULL,NULL,NULL,NULL,NULL,NULL,NULL,NULL,NULL,NULL,NULL,NULL,'false','false','true','false','false','false','false','false','false','false','false','false','false','false',NULL,NULL,14,0,1,0,0,0,0,NULL,0,'false','false','false','false','false','false','false','false','false'),
 ('CITY_EVENT_HURRICANE_CHOICE_5','TXT_KEY_CITY_EVENT_HURRICANE_CHOICE_5','TXT_KEY_CITY_EVENT_HURRICANE_CHOICE_5_HELP','AS2D_EVENT_CHOICE',33,'false','false',30,'false',0,0,NULL,'ERA_INDUSTRIAL','false','false',NULL,NULL,NULL,'false','false',NULL,NULL,'false',NULL,NULL,'false',NULL,NULL,'false','false',NULL,NULL,NULL,NULL,NULL,NULL,NULL,NULL,NULL,NULL,NULL,NULL,NULL,NULL,NULL,'false','false','false','false','false','true','false','false','false','false','false','false','false','false',NULL,NULL,10,0,1,0,0,0,0,NULL,0,'false','false','false','false','false','false','false','false','false'),
 ('CITY_EVENT_PLAGUE_CHOICE_1','TXT_KEY_CITY_EVENT_PLAGUE_CHOICE_1','TXT_KEY_CITY_EVENT_PLAGUE_CHOICE_1_HELP','AS2D_EVENT_CHOICE',0,'false','false',20,'true',0,0,NULL,NULL,'false','false',NULL,NULL,NULL,'false','false',NULL,NULL,'false',NULL,NULL,'false',NULL,NULL,'false','false',NULL,NULL,NULL,NULL,NULL,NULL,NULL,NULL,NULL,NULL,NULL,NULL,NULL,NULL,NULL,'false','false','false','false','false','false','false','false','false','false','false','false','false','false',NULL,NULL,0,0,0,0,0,0,0,NULL,0,'false','false','false','false','false','false','false','false','false'),
 ('CITY_EVENT_WANDERER_CHOICE_1','TXT_KEY_CITY_EVENT_WANDERER_CHOICE_1','TXT_KEY_CITY_EVENT_WANDERER_CHOICE_1_HELP','AS2D_EVENT_CHOICE',0,'false','true',30,'false',0,0,NULL,NULL,'false','false',NULL,NULL,NULL,'false','false',NULL,NULL,'false',NULL,NULL,'false',NULL,NULL,'false','false',NULL,NULL,NULL,NULL,NULL,NULL,NULL,NULL,NULL,NULL,NULL,NULL,NULL,NULL,NULL,'false','false','false','false','false','false','false','false','false','false','false','false','false','false',NULL,NULL,0,0,0,0,0,0,0,NULL,0,'false','false','false','false','false','false','false','false','false'),
 ('CITY_EVENT_WANDERER_CHOICE_2','TXT_KEY_CITY_EVENT_WANDERER_CHOICE_2','TXT_KEY_CITY_EVENT_WANDERER_CHOICE_2_HELP','AS2D_EVENT_CHOICE',0,'false','true',30,'false',0,0,NULL,NULL,'false','false',NULL,NULL,NULL,'false','false',NULL,NULL,'false',NULL,NULL,'false',NULL,NULL,'false','false',NULL,NULL,NULL,NULL,NULL,NULL,NULL,NULL,NULL,NULL,NULL,NULL,NULL,NULL,NULL,'false','false','false','false','false','false','false','false','false','false','false','false','false','false',NULL,NULL,0,0,0,0,0,0,0,NULL,0,'false','false','false','false','false','false','false','false','false'),
 ('CITY_EVENT_WANDERER_CHOICE_3','TXT_KEY_CITY_EVENT_WANDERER_CHOICE_3','TXT_KEY_CITY_EVENT_WANDERER_CHOICE_3_HELP','AS2D_EVENT_CHOICE',0,'false','true',30,'false',0,0,NULL,NULL,'false','false',NULL,NULL,NULL,'false','false',NULL,NULL,'false',NULL,NULL,'false',NULL,NULL,'false','false',NULL,NULL,NULL,NULL,NULL,NULL,NULL,NULL,NULL,NULL,NULL,NULL,NULL,NULL,NULL,'false','false','false','false','false','false','false','false','false','false','false','false','false','false',NULL,NULL,0,0,0,0,0,0,0,NULL,0,'false','false','false','false','false','false','false','false','false'),
 ('CITY_EVENT_WANDERER_CHOICE_4','TXT_KEY_CITY_EVENT_WANDERER_CHOICE_4','TXT_KEY_CITY_EVENT_WANDERER_CHOICE_4_HELP','AS2D_EVENT_CHOICE',0,'false','true',30,'false',0,0,NULL,NULL,'false','false',NULL,NULL,NULL,'false','false',NULL,NULL,'false',NULL,NULL,'false',NULL,NULL,'false','false',NULL,NULL,NULL,NULL,NULL,NULL,NULL,NULL,NULL,NULL,NULL,NULL,NULL,NULL,NULL,'false','false','false','false','false','false','false','false','false','false','false','false','false','false',NULL,NULL,0,0,0,0,0,0,0,NULL,0,'false','false','false','false','false','false','false','false','false'),
 ('CITY_EVENT_NOMADS_CHOICE_1','TXT_KEY_CITY_EVENT_NOMADS_CHOICE_1','TXT_KEY_CITY_EVENT_NOMADS_CHOICE_1_HELP','AS2D_EVENT_CHOICE',0,'false','true',30,'false',0,0,NULL,NULL,'false','false',NULL,NULL,NULL,'false','false',NULL,NULL,'false',NULL,NULL,'false',NULL,NULL,'false','false',NULL,NULL,NULL,NULL,NULL,NULL,NULL,NULL,NULL,NULL,NULL,NULL,NULL,NULL,NULL,'false','false','false','false','false','false','false','false','false','false','false','false','false','false',NULL,NULL,0,0,0,0,0,0,0,NULL,0,'false','false','false','false','false','false','false','false','false'),
 ('CITY_EVENT_NOMADS_CHOICE_2','TXT_KEY_CITY_EVENT_NOMADS_CHOICE_2','TXT_KEY_CITY_EVENT_NOMADS_CHOICE_2_HELP','AS2D_EVENT_CHOICE',50,'false','true',30,'false',0,0,NULL,NULL,'false','false',NULL,NULL,NULL,'false','false',NULL,NULL,'false',NULL,NULL,'false',NULL,NULL,'false','false',NULL,NULL,NULL,NULL,NULL,NULL,NULL,NULL,NULL,NULL,NULL,NULL,NULL,NULL,NULL,'false','false','false','false','false','false','false','false','false','false','false','false','false','false',NULL,NULL,0,0,0,0,2,0,0,NULL,0,'false','false','false','false','false','false','false','false','false'),
 ('CITY_EVENT_NOMADS_CHOICE_3','TXT_KEY_CITY_EVENT_NOMADS_CHOICE_3','TXT_KEY_CITY_EVENT_NOMADS_CHOICE_3_HELP','AS2D_EVENT_CHOICE',0,'false','true',30,'false',0,0,NULL,NULL,'false','false',NULL,NULL,NULL,'false','false',NULL,NULL,'false',NULL,NULL,'false',NULL,NULL,'false','false',NULL,NULL,NULL,NULL,NULL,NULL,NULL,NULL,NULL,NULL,NULL,NULL,NULL,NULL,NULL,'false','false','false','false','false','false','false','false','false','false','false','false','false','false',NULL,NULL,0,0,0,0,0,0,0,NULL,1,'false','false','false','false','false','false','false','false','false'),
 ('CITY_EVENT_NOMADS_CHOICE_4','TXT_KEY_CITY_EVENT_NOMADS_CHOICE_4','TXT_KEY_CITY_EVENT_NOMADS_CHOICE_4_HELP','AS2D_EVENT_CHOICE',0,'false','true',30,'false',0,0,NULL,NULL,'false','false',NULL,NULL,NULL,'false','false',NULL,NULL,'false',NULL,NULL,'false',NULL,NULL,'false','false',NULL,NULL,NULL,NULL,NULL,NULL,NULL,NULL,NULL,NULL,NULL,NULL,NULL,NULL,NULL,'false','false','false','false','false','false','false','false','false','false','false','false','false','false',NULL,NULL,0,0,0,0,0,0,0,NULL,0,'false','false','false','false','false','false','false','false','false');

INSERT INTO CityEventChoice_Notification (CityEventChoiceType,NotificationType,Description,ShortDescription,IsWorldEvent,NeedCityCoordinates,NeedPlayerID,ExtraVariable) VALUES ('CITY_EVENT_FISHING_EXPEDITION_CHOICE_1','NOTIFICATION_GENERIC','TXT_KEY_CITY_EVENT_FISHING_EXPEDITION_CHOICE_1_SUCCESSFUL','TXT_KEY_CITY_EVENT_FISHING_EXPEDITION_CHOICE_1_SUCCESSFUL_S','false','true','false',-1),
 ('CITY_EVENT_FISHING_EXPEDITION_CHOICE_2','NOTIFICATION_GENERIC','TXT_KEY_CITY_EVENT_FISHING_EXPEDITION_CHOICE_2_SUCCESSFUL','TXT_KEY_CITY_EVENT_FISHING_EXPEDITION_CHOICE_2_SUCCESSFUL_S','false','true','false',-1),
 ('CITY_EVENT_AMPHITHEATER_NEW_DRAMA_CHOICE_1','NOTIFICATION_GENERIC','TXT_KEY_CITY_EVENT_AMPHITHEATER_NEW_DRAMA_CHOICE_1_SUCCESSFUL','TXT_KEY_CITY_EVENT_AMPHITHEATER_NEW_DRAMA_CHOICE_1_SUCCESSFUL_S','true','true','false',-1),
 ('CITY_EVENT_TEMPLE_CONCERNS_CHOICE_3','NOTIFICATION_GENERIC','TXT_KEY_CITY_EVENT_TEMPLE_CONCERNS_CHOICE_3_SUCCESSFUL','TXT_KEY_CITY_EVENT_TEMPLE_CONCERNS_CHOICE_3_SUCCESSFUL_S','false','true','false',-1),
 ('CITY_EVENT_HOSPITAL_OVERCROWDING_CHOICE_5','NOTIFICATION_GENERIC','TXT_KEY_CITY_EVENT_HOSPITAL_OVERCROWDING_CHOICE_5_SUCCESSFUL','TXT_KEY_CITY_EVENT_HOSPITAL_OVERCROWDING_CHOICE_5_SUCCESSFUL_S','false','true','false',-1),
 ('CITY_EVENT_HURRICANE_CHOICE_1','NOTIFICATION_GENERIC','TXT_KEY_CITY_EVENT_HURRICANE_CHOICE_1_SUCCESSFUL','TXT_KEY_CITY_EVENT_HURRICANE_SUCCESSFUL_S','true','true','false',-1),
 ('CITY_EVENT_HURRICANE_CHOICE_2','NOTIFICATION_GENERIC','TXT_KEY_CITY_EVENT_HURRICANE_CHOICE_2_SUCCESSFUL','TXT_KEY_CITY_EVENT_HURRICANE_SUCCESSFUL_S','true','true','false',-1),
 ('CITY_EVENT_HURRICANE_CHOICE_3','NOTIFICATION_GENERIC','TXT_KEY_CITY_EVENT_HURRICANE_CHOICE_3_SUCCESSFUL','TXT_KEY_CITY_EVENT_HURRICANE_SUCCESSFUL_S','true','true','false',-1),
 ('CITY_EVENT_HURRICANE_CHOICE_4','NOTIFICATION_GENERIC','TXT_KEY_CITY_EVENT_HURRICANE_CHOICE_4_SUCCESSFUL','TXT_KEY_CITY_EVENT_HURRICANE_SUCCESSFUL_S','true','true','false',-1),
 ('CITY_EVENT_HURRICANE_CHOICE_5','NOTIFICATION_GENERIC','TXT_KEY_CITY_EVENT_HURRICANE_CHOICE_5_SUCCESSFUL','TXT_KEY_CITY_EVENT_HURRICANE_SUCCESSFUL_S','true','true','false',-1),
 ('CITY_EVENT_NOMADS_CHOICE_2','NOTIFICATION_GENERIC','TXT_KEY_CITY_EVENT_NOMADS_CHOICE_2_SUCCESSFUL','TXT_KEY_CITY_EVENT_NOMADS_CHOICE_2_SUCCESSFUL_S','false','true','false',-1);

INSERT INTO CityEventChoice_MinimumStartYield (CityEventChoiceType,YieldType,Yield) VALUES ('CITY_EVENT_AMPHITHEATER_NEW_DRAMA_CHOICE_1','YIELD_GOLD',200),
 ('CITY_EVENT_TEMPLE_CONCERNS_CHOICE_4','YIELD_GOLD',500),
 ('CITY_EVENT_LIGHTHOUSE_CHOICE_2','YIELD_GOLD',50),
 ('CITY_EVENT_HURRICANE_CHOICE_1','YIELD_GOLD',1000),
 ('CITY_EVENT_HURRICANE_CHOICE_3','YIELD_GOLD',500),
 ('CITY_EVENT_HURRICANE_CHOICE_4','YIELD_GOLD',500),
 ('CITY_EVENT_HURRICANE_CHOICE_5','YIELD_GOLD',500);

INSERT INTO CityEventChoice_InstantYield (CityEventChoiceType,YieldType,Yield) VALUES ('CITY_EVENT_STONE_WORKS_DISCOVERY_CHOICE_1','YIELD_GOLD',50),
 ('CITY_EVENT_STONE_WORKS_DISCOVERY_CHOICE_2','YIELD_FAITH',50),
 ('CITY_EVENT_STONE_WORKS_DISCOVERY_CHOICE_3','YIELD_FAITH',25),
 ('CITY_EVENT_STONE_WORKS_DISCOVERY_CHOICE_3','YIELD_CULTURE',25),
 ('CITY_EVENT_FISHING_EXPEDITION_CHOICE_1','YIELD_FOOD',75),
 ('CITY_EVENT_AMPHITHEATER_NEW_DRAMA_CHOICE_1','YIELD_TOURISM',100),
 ('CITY_EVENT_AMPHITHEATER_NEW_DRAMA_CHOICE_2','YIELD_CULTURE',100),
 ('CITY_EVENT_AMPHITHEATER_NEW_DRAMA_CHOICE_4','YIELD_FAITH',100),
 ('CITY_EVENT_TEMPLE_CONCERNS_CHOICE_1','YIELD_FAITH',100),
 ('CITY_EVENT_LIGHTHOUSE_CHOICE_3','YIELD_GOLD',100),
 ('CITY_EVENT_STADIUM_WORLD_EVENT_CHOICE_1','YIELD_GOLD',500),
 ('CITY_EVENT_STADIUM_WORLD_EVENT_CHOICE_1','YIELD_TOURISM',500),
 ('CITY_EVENT_STADIUM_LOCAL_EVENT_CHOICE_1','YIELD_GOLD',400),
 ('CITY_EVENT_STADIUM_LOCAL_EVENT_CHOICE_1','YIELD_CULTURE',100),
 ('CITY_EVENT_STADIUM_LOCAL_EVENT_CHOICE_2','YIELD_GOLD',500),
 ('CITY_EVENT_STADIUM_LOCAL_EVENT_CHOICE_2','YIELD_SCIENCE',250),
 ('CITY_EVENT_STADIUM_LOCAL_EVENT_CHOICE_3','YIELD_GOLD',500),
 ('CITY_EVENT_STADIUM_LOCAL_EVENT_CHOICE_4','YIELD_GOLD',500),
 ('CITY_EVENT_STADIUM_LOCAL_EVENT_CHOICE_5','YIELD_GOLDEN_AGE_POINTS',250),
 ('CITY_EVENT_GOOD_HARVEST_CHOICE_1','YIELD_FOOD',50),
 ('CITY_EVENT_NOMADS_CHOICE_1','YIELD_CULTURE_LOCAL',100),
 ('CITY_EVENT_NOMADS_CHOICE_4','YIELD_POPULATION',1);

INSERT INTO CityEventChoice_ImprovementYieldChange (CityEventChoiceType,ImprovementType,YieldType,YieldChange) VALUES ('CITY_EVENT_DROUGHT_CHOICE_1','IMPROVEMENT_FARM','YIELD_FOOD',-1),
 ('CITY_EVENT_SEVERE_DROUGHT_CHOICE_1','IMPROVEMENT_FARM','YIELD_FOOD',-1),
 ('CITY_EVENT_CRITICAL_DROUGHT_CHOICE_1','IMPROVEMENT_FARM','YIELD_FOOD',-2),
 ('CITY_EVENT_ICE_AGE_BITTER_WINDS_CHOICE_1','IMPROVEMENT_LUMBERMILL','YIELD_PRODUCTION',-1),
 ('CITY_EVENT_ICE_AGE_BITTER_WINDS_CHOICE_1','IMPROVEMENT_PASTURE','YIELD_PRODUCTION',-1),
 ('CITY_EVENT_ICE_AGE_BITTER_WINDS_CHOICE_1','IMPROVEMENT_QUARRY','YIELD_PRODUCTION',-1),
 ('CITY_EVENT_ICE_AGE_BITTER_WINDS_CHOICE_1','IMPROVEMENT_FARM','YIELD_PRODUCTION',-1),
 ('CITY_EVENT_FISHING_EXPEDITION_CHOICE_2','IMPROVEMENT_FISHING_BOATS','YIELD_FOOD',2);

INSERT INTO CityEventChoice_ImprovementDestructionRandom (CityEventChoiceType,ImprovementType,Number) VALUES ('CITY_EVENT_SEVERE_DROUGHT_CHOICE_1','IMPROVEMENT_FARM',1),
 ('CITY_EVENT_CRITICAL_DROUGHT_CHOICE_1','IMPROVEMENT_FARM',2),
 ('CITY_EVENT_MINE_COLLAPSE_CHOICE_1','IMPROVEMENT_MINE',1),
 ('CITY_EVENT_FOREST_FIRE_CHOICE_1','IMPROVEMENT_LUMBERMILL',2),
 ('CITY_EVENT_AVALANCHE_CHOICE_1','IMPROVEMENT_TRADING_POST',2),
 ('CITY_EVENT_AVALANCHE_CHOICE_1','IMPROVEMENT_FARM',2),
 ('CITY_EVENT_VOLCANO_CHOICE_1','IMPROVEMENT_FARM',2),
 ('CITY_EVENT_VOLCANO_CHOICE_1','IMPROVEMENT_TRADING_POST',2),
 ('CITY_EVENT_VOLCANO_CHOICE_1','IMPROVEMENT_QUARRY',2),
 ('CITY_EVENT_VOLCANO_CHOICE_1','IMPROVEMENT_MINE',2),
 ('CITY_EVENT_VOLCANO_SPECIAL_CHOICE_1','IMPROVEMENT_FARM',2),
 ('CITY_EVENT_VOLCANO_SPECIAL_CHOICE_1','IMPROVEMENT_TRADING_POST',2),
 ('CITY_EVENT_VOLCANO_SPECIAL_CHOICE_1','IMPROVEMENT_QUARRY',2),
 ('CITY_EVENT_VOLCANO_SPECIAL_CHOICE_1','IMPROVEMENT_MINE',2),
 ('CITY_EVENT_PESTILENCE_CHOICE_1','IMPROVEMENT_FARM',2),
 ('CITY_EVENT_FLOODING_CHOICE_1','IMPROVEMENT_FARM',3);

INSERT INTO CityEventChoice_GreatPersonPoints (CityEventChoiceType,SpecialistType,Points) VALUES ('CITY_EVENT_AMPHITHEATER_NEW_DRAMA_CHOICE_3','SPECIALIST_WRITER',100),
 ('CITY_EVENT_WANDERER_CHOICE_1','SPECIALIST_ARTIST',100),
 ('CITY_EVENT_WANDERER_CHOICE_2','SPECIALIST_ENGINEER',100),
 ('CITY_EVENT_WANDERER_CHOICE_3','SPECIALIST_SCIENTIST',100),
 ('CITY_EVENT_WANDERER_CHOICE_4','SPECIALIST_MERCHANT',100),
 ('CITY_EVENT_NOMADS_CHOICE_4','SPECIALIST_MUSICIAN',100);

INSERT INTO CityEventChoice_EventCostYield (CityEventChoiceType,YieldType,Yield) VALUES ('CITY_EVENT_ICE_AGE_NO_FUEL_CHOICE_1','YIELD_PRODUCTION',50),
 ('CITY_EVENT_FISHING_EXPEDITION_CHOICE_1','YIELD_GOLD',50),
 ('CITY_EVENT_FISHING_EXPEDITION_CHOICE_2','YIELD_GOLD',150),
 ('CITY_EVENT_FISHING_EXPEDITION_CHOICE_3','YIELD_GOLD',200),
 ('CITY_EVENT_AMPHITHEATER_NEW_DRAMA_CHOICE_1','YIELD_GOLD',200),
 ('CITY_EVENT_TEMPLE_CONCERNS_CHOICE_4','YIELD_GOLD',500),
 ('CITY_EVENT_LIGHTHOUSE_CHOICE_2','YIELD_GOLD',50),
 ('CITY_EVENT_CORRUPTION_FOOD_SPOILED_CHOICE_1','YIELD_FOOD',50),
 ('CITY_EVENT_CORRUPTION_BANDITS_CHOICE_1','YIELD_GOLD',50),
 ('CITY_EVENT_HURRICANE_CHOICE_1','YIELD_GOLD',1000),
 ('CITY_EVENT_HURRICANE_CHOICE_3','YIELD_GOLD',500),
 ('CITY_EVENT_HURRICANE_CHOICE_4','YIELD_GOLD',500),
 ('CITY_EVENT_HURRICANE_CHOICE_5','YIELD_GOLD',500),
 ('CITY_EVENT_HOSPITAL_OVERCROWDING_CHOICE_2','YIELD_POPULATION',1),
 ('CITY_EVENT_ICE_AGE_EXPOSURE_CHOICE_1','YIELD_POPULATION',1),
 ('CITY_EVENT_TEMPLE_CONCERNS_CHOICE_1','YIELD_POPULATION',1),
 ('CITY_EVENT_NUCLEAR_MELTDOWN_CHOICE_1','YIELD_POPULATION',5),
 ('CITY_EVENT_VOLCANO_CHOICE_1','YIELD_POPULATION',3),
 ('CITY_EVENT_VOLCANO_SPECIAL_CHOICE_1','YIELD_POPULATION',3),
 ('CITY_EVENT_HURRICANE_CHOICE_1','YIELD_POPULATION',1),
 ('CITY_EVENT_HURRICANE_CHOICE_2','YIELD_POPULATION',5),
 ('CITY_EVENT_HURRICANE_CHOICE_3','YIELD_POPULATION',4),
 ('CITY_EVENT_HURRICANE_CHOICE_4','YIELD_POPULATION',2),
 ('CITY_EVENT_HURRICANE_CHOICE_5','YIELD_POPULATION',3),
 ('CITY_EVENT_NOMADS_CHOICE_2','YIELD_GOLD',-50);

INSERT INTO CityEventChoice_CityYield (CityEventChoiceType,YieldType,Yield) VALUES ('CITY_EVENT_ICE_AGE_FROZEN_WATER_CHOICE_1','YIELD_GOLD',-3),
 ('CITY_EVENT_STONE_WORKS_DISCOVERY_CHOICE_4','YIELD_CULTURE',2),
 ('CITY_EVENT_TEMPLE_CONCERNS_CHOICE_3','YIELD_FAITH',1),
 ('CITY_EVENT_HOSPITAL_OVERCROWDING_CHOICE_1','YIELD_GOLD',-5),
 ('CITY_EVENT_HOSPITAL_OVERCROWDING_CHOICE_4','YIELD_GOLD',-5),
 ('CITY_EVENT_CORRUPTION_CHOICE_1','YIELD_FOOD',-3),
 ('CITY_EVENT_CORRUPTION_CHOICE_2','YIELD_PRODUCTION',-3),
 ('CITY_EVENT_CORRUPTION_CHOICE_3','YIELD_GOLD',-3),
 ('CITY_EVENT_PLAGUE_CHOICE_1','YIELD_FOOD',-15);

INSERT INTO CityEventChoice_BuildingClassYieldModifier (CityEventChoiceType,BuildingClassType,YieldType,Modifier) VALUES ('CITY_EVENT_PUBLIC_SCHOOL_DECISION_CHOICE_1','BUILDINGCLASS_PUBLIC_SCHOOL','YIELD_CULTURE',10),
 ('CITY_EVENT_PUBLIC_SCHOOL_DECISION_CHOICE_2','BUILDINGCLASS_PUBLIC_SCHOOL','YIELD_GOLD',10);

INSERT INTO CityEventChoice_BuildingClassYieldChange (CityEventChoiceType,BuildingClassType,YieldType,YieldChange) VALUES ('CITY_EVENT_MARKET_DEVELOPMENT_CHOICE_1','BUILDINGCLASS_MARKET','YIELD_GOLD',-1),
 ('CITY_EVENT_MARKET_DEVELOPMENT_CHOICE_1','BUILDINGCLASS_MARKET','YIELD_CULTURE',1),
 ('CITY_EVENT_MARKET_DEVELOPMENT_CHOICE_2','BUILDINGCLASS_MARKET','YIELD_GOLD',1),
 ('CITY_EVENT_MONUMENT_DEVELOPMENT_CHOICE_1','BUILDINGCLASS_MONUMENT','YIELD_CULTURE',1),
 ('CITY_EVENT_MONUMENT_DEVELOPMENT_CHOICE_2','BUILDINGCLASS_MONUMENT','YIELD_FAITH',1),
 ('CITY_EVENT_MONUMENT_DEVELOPMENT_CHOICE_3','BUILDINGCLASS_MONUMENT','YIELD_GOLD',1),
 ('CITY_EVENT_TEMPLE_CONCERNS_CHOICE_2','BUILDINGCLASS_TEMPLE','YIELD_GOLD',2),
 ('CITY_EVENT_TEMPLE_CONCERNS_CHOICE_2','BUILDINGCLASS_TEMPLE','YIELD_FAITH',1),
 ('CITY_EVENT_LIGHTHOUSE_CHOICE_1','BUILDINGCLASS_LIGHTHOUSE','YIELD_GOLD',2),
 ('CITY_EVENT_LIGHTHOUSE_CHOICE_2','BUILDINGCLASS_LIGHTHOUSE','YIELD_PRODUCTION',1),
 ('CITY_EVENT_HOSPITAL_OVERCROWDING_CHOICE_5','BUILDINGCLASS_HOSPITAL','YIELD_SCIENCE',4),
 ('CITY_EVENT_FACTORY_PARTNERSHIP_CHOICE_1','BUILDINGCLASS_FACTORY','YIELD_CULTURE',2),
 ('CITY_EVENT_FACTORY_PARTNERSHIP_CHOICE_2','BUILDINGCLASS_FACTORY','YIELD_GOLD',3),
 ('CITY_EVENT_FACTORY_PARTNERSHIP_CHOICE_3','BUILDINGCLASS_FACTORY','YIELD_PRODUCTION',2),
 ('CITY_EVENT_FACTORY_PARTNERSHIP_CHOICE_4','BUILDINGCLASS_FACTORY','YIELD_SCIENCE',2),
 ('CITY_EVENT_FACTORY_PARTNERSHIP_CHOICE_5','BUILDINGCLASS_FACTORY','YIELD_FOOD',2),
 ('CITY_EVENT_MARKET_DAY_CHOICE_1','BUILDINGCLASS_MARKET','YIELD_GOLD',2);

INSERT INTO CityEventChoiceFlavors (CityEventChoiceType,FlavorType,Flavor) VALUES ('CITY_EVENT_DO_NOTHING_CHOICE','FLAVOR_GOLD',15),
 ('CITY_EVENT_MARKET_DEVELOPMENT_CHOICE_1','FLAVOR_CULTURE',20),
 ('CITY_EVENT_MARKET_DEVELOPMENT_CHOICE_2','FLAVOR_GOLD',20),
 ('CITY_EVENT_MONUMENT_DEVELOPMENT_CHOICE_1','FLAVOR_CULTURE',20),
 ('CITY_EVENT_MONUMENT_DEVELOPMENT_CHOICE_2','FLAVOR_RELIGION',20),
 ('CITY_EVENT_MONUMENT_DEVELOPMENT_CHOICE_3','FLAVOR_GOLD',20),
 ('CITY_EVENT_STONE_WORKS_DISCOVERY_CHOICE_1','FLAVOR_GOLD',20),
 ('CITY_EVENT_STONE_WORKS_DISCOVERY_CHOICE_2','FLAVOR_RELIGION',20),
 ('CITY_EVENT_STONE_WORKS_DISCOVERY_CHOICE_3','FLAVOR_RELIGION',10),
 ('CITY_EVENT_STONE_WORKS_DISCOVERY_CHOICE_3','FLAVOR_CULTURE',10),
 ('CITY_EVENT_STONE_WORKS_DISCOVERY_CHOICE_4','FLAVOR_GROWTH',10),
 ('CITY_EVENT_STONE_WORKS_DISCOVERY_CHOICE_4','FLAVOR_CULTURE',10),
 ('CITY_EVENT_FISHING_EXPEDITION_CHOICE_1','FLAVOR_GROWTH',20),
 ('CITY_EVENT_FISHING_EXPEDITION_CHOICE_2','FLAVOR_GROWTH',20),
 ('CITY_EVENT_FISHING_EXPEDITION_CHOICE_3','FLAVOR_GROWTH',25),
 ('CITY_EVENT_AMPHITHEATER_NEW_DRAMA_CHOICE_1','FLAVOR_CULTURE',25),
 ('CITY_EVENT_AMPHITHEATER_NEW_DRAMA_CHOICE_2','FLAVOR_CULTURE',20),
 ('CITY_EVENT_AMPHITHEATER_NEW_DRAMA_CHOICE_3','FLAVOR_GREAT_PEOPLE',20),
 ('CITY_EVENT_AMPHITHEATER_NEW_DRAMA_CHOICE_4','FLAVOR_RELIGION',20),
 ('CITY_EVENT_TEMPLE_CONCERNS_CHOICE_1','FLAVOR_RELIGION',20),
 ('CITY_EVENT_TEMPLE_CONCERNS_CHOICE_2','FLAVOR_GOLD',20),
 ('CITY_EVENT_TEMPLE_CONCERNS_CHOICE_3','FLAVOR_HAPPINESS',20),
 ('CITY_EVENT_TEMPLE_CONCERNS_CHOICE_4','FLAVOR_RELIGION',25),
 ('CITY_EVENT_HOSPITAL_OVERCROWDING_CHOICE_1','FLAVOR_HAPPINESS',20),
 ('CITY_EVENT_HOSPITAL_OVERCROWDING_CHOICE_2','FLAVOR_GOLD',20),
 ('CITY_EVENT_HOSPITAL_OVERCROWDING_CHOICE_3','FLAVOR_HAPPINESS',15),
 ('CITY_EVENT_HOSPITAL_OVERCROWDING_CHOICE_4','FLAVOR_GOLD',15),
 ('CITY_EVENT_HOSPITAL_OVERCROWDING_CHOICE_5','FLAVOR_SCIENCE',20),
 ('CITY_EVENT_FACTORY_PARTNERSHIP_CHOICE_1','FLAVOR_CULTURE',20),
 ('CITY_EVENT_FACTORY_PARTNERSHIP_CHOICE_2','FLAVOR_GOLD',20),
 ('CITY_EVENT_FACTORY_PARTNERSHIP_CHOICE_3','FLAVOR_PRODUCTION',20),
 ('CITY_EVENT_FACTORY_PARTNERSHIP_CHOICE_4','FLAVOR_SCIENCE',20),
 ('CITY_EVENT_FACTORY_PARTNERSHIP_CHOICE_5','FLAVOR_GROWTH',20),
 ('CITY_EVENT_STADIUM_LOCAL_EVENT_CHOICE_1','FLAVOR_CULTURE',20),
 ('CITY_EVENT_STADIUM_LOCAL_EVENT_CHOICE_2','FLAVOR_SCIENCE',20),
 ('CITY_EVENT_STADIUM_LOCAL_EVENT_CHOICE_3','FLAVOR_GOLD',20),
 ('CITY_EVENT_STADIUM_LOCAL_EVENT_CHOICE_4','FLAVOR_GOLD',20),
 ('CITY_EVENT_STADIUM_LOCAL_EVENT_CHOICE_5','FLAVOR_HAPPINESS',20),
 ('CITY_EVENT_CORRUPTION_CHOICE_1','FLAVOR_GOLD',20),
 ('CITY_EVENT_CORRUPTION_CHOICE_2','FLAVOR_GROWTH',20),
 ('CITY_EVENT_CORRUPTION_CHOICE_3','FLAVOR_PRODUCTION',20),
 ('CITY_EVENT_CORRUPTION_CHOICE_4','FLAVOR_HAPPINESS',20),
 ('CITY_EVENT_PUBLIC_SCHOOL_DECISION_CHOICE_1','FLAVOR_CULTURE',20),
 ('CITY_EVENT_PUBLIC_SCHOOL_DECISION_CHOICE_2','FLAVOR_GOLD',20),
 ('CITY_EVENT_HURRICANE_CHOICE_1','FLAVOR_HAPPINESS',30),
 ('CITY_EVENT_HURRICANE_CHOICE_2','FLAVOR_GOLD',20),
 ('CITY_EVENT_HURRICANE_CHOICE_3','FLAVOR_PRODUCTION',20),
 ('CITY_EVENT_HURRICANE_CHOICE_4','FLAVOR_GROWTH',20),
 ('CITY_EVENT_HURRICANE_CHOICE_5','FLAVOR_PRODUCTION',25),
 ('CITY_EVENT_WANDERER_CHOICE_1','FLAVOR_CULTURE',20),
 ('CITY_EVENT_WANDERER_CHOICE_2','FLAVOR_PRODUCTION',20),
 ('CITY_EVENT_WANDERER_CHOICE_3','FLAVOR_SCIENCE',20),
 ('CITY_EVENT_WANDERER_CHOICE_4','FLAVOR_GOLD',20),
 ('CITY_EVENT_NOMADS_CHOICE_1','FLAVOR_CULTURE',20),
 ('CITY_EVENT_NOMADS_CHOICE_2','FLAVOR_GOLD',20),
 ('CITY_EVENT_NOMADS_CHOICE_3','FLAVOR_OFFENSE',20),
 ('CITY_EVENT_NOMADS_CHOICE_4','FLAVOR_GREAT_PEOPLE',20);

