-- Writer and Musician
UPDATE Specialists
SET IconAtlas = 'WRITER_SPECIALIST_ATLAS'
WHERE Type = 'SPECIALIST_WRITER';

UPDATE Specialists
SET PortraitIndex = '0'
WHERE Type = 'SPECIALIST_WRITER';

UPDATE Specialists
SET IconAtlas = 'MUSICIAN_SPECIALIST_ATLAS'
WHERE Type = 'SPECIALIST_MUSICIAN';

UPDATE Specialists
SET PortraitIndex = '0'
WHERE Type = 'SPECIALIST_MUSICIAN';

-- Cruiser

INSERT INTO ArtDefine_UnitInfos (Type,DamageStates,Formation)
	SELECT	('ART_DEF_UNIT_CRUISER'), DamageStates, Formation
	FROM ArtDefine_UnitInfos WHERE (Type = 'ART_DEF_UNIT_BATTLESHIP');

INSERT INTO ArtDefine_UnitInfoMemberInfos (UnitInfoType,UnitMemberInfoType,NumMembers)
	SELECT	('ART_DEF_UNIT_CRUISER'), ('ART_DEF_UNIT_MEMBER_CRUISER'), NumMembers
	FROM ArtDefine_UnitInfoMemberInfos WHERE (UnitInfoType = 'ART_DEF_UNIT_BATTLESHIP');

INSERT INTO ArtDefine_UnitMemberCombats (UnitMemberType, EnableActions, DisableActions, MoveRadius, ShortMoveRadius, ChargeRadius, AttackRadius, RangedAttackRadius, MoveRate, ShortMoveRate, TurnRateMin, TurnRateMax, TurnFacingRateMin, TurnFacingRateMax, RollRateMin, RollRateMax, PitchRateMin, PitchRateMax, LOSRadiusScale, TargetRadius, TargetHeight, HasShortRangedAttack, HasLongRangedAttack, HasLeftRightAttack, HasStationaryMelee, HasStationaryRangedAttack, HasRefaceAfterCombat, ReformBeforeCombat, HasIndependentWeaponFacing, HasOpponentTracking, HasCollisionAttack, AttackAltitude, AltitudeDecelerationDistance, OnlyTurnInMovementActions, RushAttackFormation)
	SELECT	('ART_DEF_UNIT_MEMBER_CRUISER'), EnableActions, DisableActions, MoveRadius, ShortMoveRadius, ChargeRadius, AttackRadius, RangedAttackRadius, MoveRate, ShortMoveRate, TurnRateMin, TurnRateMax, TurnFacingRateMin, TurnFacingRateMax, RollRateMin, RollRateMax, PitchRateMin, PitchRateMax, LOSRadiusScale, TargetRadius, TargetHeight, HasShortRangedAttack, HasLongRangedAttack, HasLeftRightAttack, HasStationaryMelee, HasStationaryRangedAttack, HasRefaceAfterCombat, ReformBeforeCombat, HasIndependentWeaponFacing, HasOpponentTracking, HasCollisionAttack, AttackAltitude, AltitudeDecelerationDistance, OnlyTurnInMovementActions, RushAttackFormation
	FROM ArtDefine_UnitMemberCombats WHERE (UnitMemberType = 'ART_DEF_UNIT_MEMBER_BATTLESHIP');

INSERT INTO ArtDefine_UnitMemberCombatWeapons (UnitMemberType, "Index", SubIndex, ID, VisKillStrengthMin, VisKillStrengthMax, ProjectileSpeed, ProjectileTurnRateMin, ProjectileTurnRateMax, HitEffect, HitEffectScale, HitRadius, ProjectileChildEffectScale, AreaDamageDelay, ContinuousFire, WaitForEffectCompletion, TargetGround, IsDropped, WeaponTypeTag, WeaponTypeSoundOverrideTag)
	SELECT ('ART_DEF_UNIT_MEMBER_CRUISER'), "Index", SubIndex, ID, VisKillStrengthMin, VisKillStrengthMax, ProjectileSpeed, ProjectileTurnRateMin, ProjectileTurnRateMax, HitEffect, HitEffectScale, HitRadius, ProjectileChildEffectScale, AreaDamageDelay, ContinuousFire, WaitForEffectCompletion, TargetGround, IsDropped, WeaponTypeTag, WeaponTypeSoundOverrideTag
	FROM ArtDefine_UnitMemberCombatWeapons WHERE (UnitMemberType = 'ART_DEF_UNIT_MEMBER_BATTLESHIP');

INSERT INTO ArtDefine_UnitMemberInfos (Type, Scale, ZOffset, Domain, Model, MaterialTypeTag, MaterialTypeSoundOverrideTag)
	SELECT	('ART_DEF_UNIT_MEMBER_CRUISER'), .098, ZOffset, Domain, ('cruiser.fxsxml'), MaterialTypeTag, MaterialTypeSoundOverrideTag
	FROM ArtDefine_UnitMemberInfos WHERE (Type = 'ART_DEF_UNIT_MEMBER_BATTLESHIP');

INSERT INTO ArtDefine_StrategicView (StrategicViewType, TileType, Asset )
	SELECT	'ART_DEF_UNIT_CRUISER', 'Unit', 'svcruiser.dds';

-- CORVETTE

INSERT INTO ArtDefine_UnitInfos (Type,DamageStates,Formation)
	SELECT	('ART_DEF_UNIT_CORVETTE'), DamageStates, Formation
	FROM ArtDefine_UnitInfos WHERE (Type = 'ART_DEF_UNIT_U_PORTUGUESE_CARRACK');

INSERT INTO ArtDefine_UnitInfoMemberInfos (UnitInfoType,UnitMemberInfoType,NumMembers)
	SELECT	('ART_DEF_UNIT_CORVETTE'), ('ART_DEF_UNIT_MEMBER_CORVETTE'), NumMembers
	FROM ArtDefine_UnitInfoMemberInfos WHERE (UnitInfoType = 'ART_DEF_UNIT_U_PORTUGUESE_CARRACK');

INSERT INTO ArtDefine_UnitMemberCombats (UnitMemberType, EnableActions, DisableActions, MoveRadius, ShortMoveRadius, ChargeRadius, AttackRadius, RangedAttackRadius, MoveRate, ShortMoveRate, TurnRateMin, TurnRateMax, TurnFacingRateMin, TurnFacingRateMax, RollRateMin, RollRateMax, PitchRateMin, PitchRateMax, LOSRadiusScale, TargetRadius, TargetHeight, HasShortRangedAttack, HasLongRangedAttack, HasLeftRightAttack, HasStationaryMelee, HasStationaryRangedAttack, HasRefaceAfterCombat, ReformBeforeCombat, HasIndependentWeaponFacing, HasOpponentTracking, HasCollisionAttack, AttackAltitude, AltitudeDecelerationDistance, OnlyTurnInMovementActions, RushAttackFormation)
	SELECT	('ART_DEF_UNIT_MEMBER_CORVETTE'), EnableActions, DisableActions, MoveRadius, ShortMoveRadius, ChargeRadius, AttackRadius, RangedAttackRadius, MoveRate, ShortMoveRate, TurnRateMin, TurnRateMax, TurnFacingRateMin, TurnFacingRateMax, RollRateMin, RollRateMax, PitchRateMin, PitchRateMax, LOSRadiusScale, TargetRadius, TargetHeight, HasShortRangedAttack, HasLongRangedAttack, HasLeftRightAttack, HasStationaryMelee, HasStationaryRangedAttack, HasRefaceAfterCombat, ReformBeforeCombat, HasIndependentWeaponFacing, HasOpponentTracking, HasCollisionAttack, AttackAltitude, AltitudeDecelerationDistance, OnlyTurnInMovementActions, RushAttackFormation
	FROM ArtDefine_UnitMemberCombats WHERE (UnitMemberType = 'ART_DEF_UNIT_MEMBER_U_PORTUGUESE_CARRACK');

INSERT INTO ArtDefine_UnitMemberCombatWeapons (UnitMemberType, "Index", SubIndex, ID, VisKillStrengthMin, VisKillStrengthMax, ProjectileSpeed, ProjectileTurnRateMin, ProjectileTurnRateMax, HitEffect, HitEffectScale, HitRadius, ProjectileChildEffectScale, AreaDamageDelay, ContinuousFire, WaitForEffectCompletion, TargetGround, IsDropped, WeaponTypeTag, WeaponTypeSoundOverrideTag)
	SELECT ('ART_DEF_UNIT_MEMBER_CORVETTE'), "Index", SubIndex, ID, VisKillStrengthMin, VisKillStrengthMax, ProjectileSpeed, ProjectileTurnRateMin, ProjectileTurnRateMax, HitEffect, HitEffectScale, HitRadius, ProjectileChildEffectScale, AreaDamageDelay, ContinuousFire, WaitForEffectCompletion, TargetGround, IsDropped, WeaponTypeTag, WeaponTypeSoundOverrideTag
	FROM ArtDefine_UnitMemberCombatWeapons WHERE (UnitMemberType = 'ART_DEF_UNIT_MEMBER_U_PORTUGUESE_CARRACK');

INSERT INTO ArtDefine_UnitMemberInfos (Type, Scale, ZOffset, Domain, Model, MaterialTypeTag, MaterialTypeSoundOverrideTag)
	SELECT	('ART_DEF_UNIT_MEMBER_CORVETTE'), ('0.11'), ZOffset, Domain, ('carrack.fxsxml'), MaterialTypeTag, MaterialTypeSoundOverrideTag
	FROM ArtDefine_UnitMemberInfos WHERE (Type = 'ART_DEF_UNIT_MEMBER_U_PORTUGUESE_CARRACK');

INSERT INTO ArtDefine_StrategicView (StrategicViewType, TileType, Asset )
	SELECT	'ART_DEF_UNIT_CORVETTE', 'Unit', 'svcorvette.dds';
-- why is this placed here?
INSERT INTO ArtDefine_StrategicView (StrategicViewType, TileType, Asset )
	SELECT	'ART_DEF_UNIT_EXPLORER', 'Unit', 'svexplorer.dds';


	-- Cuirassier

INSERT INTO ArtDefine_UnitInfos(Type, DamageStates, Formation)
  VALUES ('ART_DEF_UNIT_CUIRASSIER', 1, 'DefaultCavalry');
INSERT INTO ArtDefine_UnitInfoMemberInfos(UnitInfoType, UnitMemberInfoType, NumMembers)
  VALUES ('ART_DEF_UNIT_CUIRASSIER', 'ART_DEF_UNIT_MEMBER_CUIRASSIER', 5);
INSERT INTO ArtDefine_UnitMemberInfos(Type, Scale, Model, MaterialTypeTag, MaterialTypeSoundOverrideTag)
  VALUES ('ART_DEF_UNIT_MEMBER_CUIRASSIER', 0.119999997317791, 'cuirassier.fxsxml', 'CLOTH', 'FLESH');
INSERT INTO ArtDefine_UnitMemberCombats(UnitMemberType, EnableActions, ShortMoveRadius, ShortMoveRate, TurnRateMin, TurnRateMax, TurnFacingRateMin, TurnFacingRateMax, TargetHeight, HasShortRangedAttack, HasStationaryMelee, HasRefaceAfterCombat, ReformBeforeCombat, OnlyTurnInMovementActions)
  VALUES ('ART_DEF_UNIT_MEMBER_CUIRASSIER', 'Idle Attack RunCharge AttackCity Bombard Death BombardDefend Run Fortify CombatReady Walk', 24.0, 0.349999994039536, 0.5, 0.75, 15.0, 20.0, 12.0, 1, 1, 1, 1, 1);
INSERT INTO ArtDefine_UnitMemberCombatWeapons(UnitMemberType, "Index", SubIndex, WeaponTypeTag, WeaponTypeSoundOverrideTag, MissTargetSlopRadius)
  VALUES ('ART_DEF_UNIT_MEMBER_CUIRASSIER', 0, 0, 'ARROW', 'ARROW', 10.0);
INSERT INTO ArtDefine_UnitMemberCombatWeapons(UnitMemberType, "Index", SubIndex, VisKillStrengthMin, VisKillStrengthMax, WeaponTypeTag, MissTargetSlopRadius)
  VALUES ('ART_DEF_UNIT_MEMBER_CUIRASSIER', 1, 0, 10.0, 20.0, 'FLAMING_ARROW', 10.0);
INSERT INTO ArtDefine_StrategicView(StrategicViewType, TileType, Asset)
  VALUES ('ART_DEF_UNIT_CUIRASSIER', 'Unit', 'svcuirassier.dds');

	-- Armored Car

INSERT INTO ArtDefine_UnitInfos(Type, DamageStates, Formation)
  VALUES ('ART_DEF_UNIT_ARMORED_CAR', 1, 'Vehicle');

INSERT INTO ArtDefine_UnitInfoMemberInfos(UnitInfoType, UnitMemberInfoType, NumMembers)
  VALUES ('ART_DEF_UNIT_ARMORED_CAR', 'ART_DEF_UNIT_MEMBER_ARMORED_CAR', 2);

INSERT INTO ArtDefine_UnitMemberInfos (Type, Scale, ZOffset, Domain, Model, MaterialTypeTag, MaterialTypeSoundOverrideTag)
	SELECT	('ART_DEF_UNIT_MEMBER_ARMORED_CAR'), ('0.11'), ZOffset, Domain, ('FordM1918.fxsxml'), MaterialTypeTag, MaterialTypeSoundOverrideTag
	FROM ArtDefine_UnitMemberInfos WHERE (Type = 'ART_DEF_UNIT_MEMBER_TANK');

INSERT INTO ArtDefine_UnitMemberCombats (UnitMemberType, EnableActions, DisableActions, MoveRadius, ShortMoveRadius, ChargeRadius, AttackRadius, RangedAttackRadius, MoveRate, ShortMoveRate, TurnRateMin, TurnRateMax, TurnFacingRateMin, TurnFacingRateMax, RollRateMin, RollRateMax, PitchRateMin, PitchRateMax, LOSRadiusScale, TargetRadius, TargetHeight, HasShortRangedAttack, HasLongRangedAttack, HasLeftRightAttack, HasStationaryMelee, HasStationaryRangedAttack, HasRefaceAfterCombat, ReformBeforeCombat, HasIndependentWeaponFacing, HasOpponentTracking, HasCollisionAttack, AttackAltitude, AltitudeDecelerationDistance, OnlyTurnInMovementActions, RushAttackFormation)
	SELECT	('ART_DEF_UNIT_MEMBER_ARMORED_CAR'), EnableActions, DisableActions, MoveRadius, ShortMoveRadius, ChargeRadius, AttackRadius, RangedAttackRadius, MoveRate, ShortMoveRate, TurnRateMin, TurnRateMax, TurnFacingRateMin, TurnFacingRateMax, RollRateMin, RollRateMax, PitchRateMin, PitchRateMax, LOSRadiusScale, TargetRadius, TargetHeight, HasShortRangedAttack, HasLongRangedAttack, HasLeftRightAttack, HasStationaryMelee, HasStationaryRangedAttack, HasRefaceAfterCombat, ReformBeforeCombat, HasIndependentWeaponFacing, HasOpponentTracking, HasCollisionAttack, AttackAltitude, AltitudeDecelerationDistance, OnlyTurnInMovementActions, RushAttackFormation
	FROM ArtDefine_UnitMemberCombats WHERE (UnitMemberType = 'ART_DEF_UNIT_MEMBER_TANK');

INSERT INTO ArtDefine_UnitMemberCombatWeapons (UnitMemberType, "Index", SubIndex, ID, VisKillStrengthMin, VisKillStrengthMax, ProjectileSpeed, ProjectileTurnRateMin, ProjectileTurnRateMax, HitEffect, HitEffectScale, HitRadius, ProjectileChildEffectScale, AreaDamageDelay, ContinuousFire, WaitForEffectCompletion, TargetGround, IsDropped, WeaponTypeTag, WeaponTypeSoundOverrideTag)
	SELECT ('ART_DEF_UNIT_MEMBER_ARMORED_CAR'), "Index", SubIndex, ID, VisKillStrengthMin, VisKillStrengthMax, ProjectileSpeed, ProjectileTurnRateMin, ProjectileTurnRateMax, HitEffect, HitEffectScale, HitRadius, ProjectileChildEffectScale, AreaDamageDelay, ContinuousFire, WaitForEffectCompletion, TargetGround, IsDropped, WeaponTypeTag, WeaponTypeSoundOverrideTag
	FROM ArtDefine_UnitMemberCombatWeapons WHERE (UnitMemberType = 'ART_DEF_UNIT_MEMBER_TANK');

INSERT INTO ArtDefine_StrategicView(StrategicViewType, TileType, Asset)
  VALUES ('ART_DEF_UNIT_ARMORED_CAR', 'Unit', 'svarmoredcar.dds');

  	-- Field Gun

INSERT INTO ArtDefine_UnitInfos(Type, DamageStates, Formation)
  VALUES ('ART_DEF_UNIT_FIELD_GUN', 1, 'Vehicle');

INSERT INTO ArtDefine_UnitInfoMemberInfos(UnitInfoType, UnitMemberInfoType, NumMembers)
  VALUES ('ART_DEF_UNIT_FIELD_GUN', 'ART_DEF_UNIT_MEMBER_FIELD_GUN', 3);

INSERT INTO ArtDefine_UnitMemberInfos (Type, Scale, ZOffset, Domain, Model, MaterialTypeTag, MaterialTypeSoundOverrideTag)
	SELECT	('ART_DEF_UNIT_MEMBER_FIELD_GUN'), ('0.12'), ZOffset, Domain, ('76mmArtillery.fxsxml'), MaterialTypeTag, MaterialTypeSoundOverrideTag
	FROM ArtDefine_UnitMemberInfos WHERE (Type = 'ART_DEF_UNIT_MEMBER_ARTILLERY');

INSERT INTO ArtDefine_UnitMemberCombats (UnitMemberType, EnableActions, DisableActions, MoveRadius, ShortMoveRadius, ChargeRadius, AttackRadius, RangedAttackRadius, MoveRate, ShortMoveRate, TurnRateMin, TurnRateMax, TurnFacingRateMin, TurnFacingRateMax, RollRateMin, RollRateMax, PitchRateMin, PitchRateMax, LOSRadiusScale, TargetRadius, TargetHeight, HasShortRangedAttack, HasLongRangedAttack, HasLeftRightAttack, HasStationaryMelee, HasStationaryRangedAttack, HasRefaceAfterCombat, ReformBeforeCombat, HasIndependentWeaponFacing, HasOpponentTracking, HasCollisionAttack, AttackAltitude, AltitudeDecelerationDistance, OnlyTurnInMovementActions, RushAttackFormation)
	SELECT	('ART_DEF_UNIT_MEMBER_FIELD_GUN'), EnableActions, DisableActions, MoveRadius, ShortMoveRadius, ChargeRadius, AttackRadius, RangedAttackRadius, MoveRate, ShortMoveRate, TurnRateMin, TurnRateMax, TurnFacingRateMin, TurnFacingRateMax, RollRateMin, RollRateMax, PitchRateMin, PitchRateMax, LOSRadiusScale, TargetRadius, TargetHeight, HasShortRangedAttack, HasLongRangedAttack, HasLeftRightAttack, HasStationaryMelee, HasStationaryRangedAttack, HasRefaceAfterCombat, ReformBeforeCombat, HasIndependentWeaponFacing, HasOpponentTracking, HasCollisionAttack, AttackAltitude, AltitudeDecelerationDistance, OnlyTurnInMovementActions, RushAttackFormation
	FROM ArtDefine_UnitMemberCombats WHERE (UnitMemberType = 'ART_DEF_UNIT_MEMBER_ARTILLERY');

INSERT INTO ArtDefine_UnitMemberCombatWeapons (UnitMemberType, "Index", SubIndex, ID, VisKillStrengthMin, VisKillStrengthMax, ProjectileSpeed, ProjectileTurnRateMin, ProjectileTurnRateMax, HitEffect, HitEffectScale, HitRadius, ProjectileChildEffectScale, AreaDamageDelay, ContinuousFire, WaitForEffectCompletion, TargetGround, IsDropped, WeaponTypeTag, WeaponTypeSoundOverrideTag)
	SELECT ('ART_DEF_UNIT_MEMBER_FIELD_GUN'), "Index", SubIndex, ID, VisKillStrengthMin, VisKillStrengthMax, ProjectileSpeed, ProjectileTurnRateMin, ProjectileTurnRateMax, HitEffect, HitEffectScale, HitRadius, ProjectileChildEffectScale, AreaDamageDelay, ContinuousFire, WaitForEffectCompletion, TargetGround, IsDropped, WeaponTypeTag, WeaponTypeSoundOverrideTag
	FROM ArtDefine_UnitMemberCombatWeapons WHERE (UnitMemberType = 'ART_DEF_UNIT_MEMBER_ARTILLERY');

INSERT INTO ArtDefine_StrategicView(StrategicViewType, TileType, Asset)
  VALUES ('ART_DEF_UNIT_FIELD_GUN', 'Unit', 'svfieldgun.dds');



-- Heavy Skirmisher

INSERT INTO ArtDefine_UnitInfos(Type, DamageStates, Formation)
  VALUES ('ART_DEF_UNIT_HEAVY_SKIRMISH', 1, 'DefaultCavalry');
INSERT INTO ArtDefine_UnitInfoMemberInfos(UnitInfoType, UnitMemberInfoType, NumMembers)
  VALUES ('ART_DEF_UNIT_HEAVY_SKIRMISH', 'ART_DEF_UNIT_MEMBER_HEAVY_SKIRMISH', 5);
INSERT INTO ArtDefine_UnitMemberInfos(Type, Scale, Model, MaterialTypeTag, MaterialTypeSoundOverrideTag)
  VALUES ('ART_DEF_UNIT_MEMBER_HEAVY_SKIRMISH', 0.119999997317791, 'Keshik_Mongol.fxsxml', 'CLOTH', 'FLESH');
INSERT INTO ArtDefine_UnitMemberCombats(UnitMemberType, EnableActions, ShortMoveRadius, ShortMoveRate, TurnRateMin, TurnRateMax, TurnFacingRateMin, TurnFacingRateMax, TargetHeight, HasShortRangedAttack, HasStationaryMelee, HasRefaceAfterCombat, ReformBeforeCombat, OnlyTurnInMovementActions)
  VALUES ('ART_DEF_UNIT_MEMBER_HEAVY_SKIRMISH', 'Idle Attack RunCharge AttackCity Bombard Death BombardDefend Run Fortify CombatReady Walk', 24.0, 0.349999994039536, 0.5, 0.75, 15.0, 20.0, 12.0, 1, 1, 1, 1, 1);
INSERT INTO ArtDefine_UnitMemberCombatWeapons(UnitMemberType, "Index", SubIndex, WeaponTypeTag, WeaponTypeSoundOverrideTag, MissTargetSlopRadius)
  VALUES ('ART_DEF_UNIT_MEMBER_HEAVY_SKIRMISH', 0, 0, 'ARROW', 'ARROW', 10.0);
INSERT INTO ArtDefine_UnitMemberCombatWeapons(UnitMemberType, "Index", SubIndex, VisKillStrengthMin, VisKillStrengthMax, WeaponTypeTag, MissTargetSlopRadius)
  VALUES ('ART_DEF_UNIT_MEMBER_HEAVY_SKIRMISH', 1, 0, 10.0, 20.0, 'FLAMING_ARROW', 10.0);
INSERT INTO ArtDefine_StrategicView(StrategicViewType, TileType, Asset)
  VALUES ('ART_DEF_UNIT_HEAVY_SKIRMISH', 'Unit', 'SV_Keshik.dds');

UPDATE ArtDefine_StrategicView
SET Asset = 'svmountedxbow.dds'
WHERE StrategicViewType = 'ART_DEF_UNIT_U_MONGOLIAN_KESHIK';


-- Guerilla
INSERT INTO ArtDefine_UnitInfos (Type,DamageStates,Formation)
	SELECT	('ART_DEF_UNIT_GUERILLA'), DamageStates, Formation
	FROM ArtDefine_UnitInfos WHERE (Type = 'ART_DEF_UNIT_WW2_INFANTRY');

INSERT INTO ArtDefine_UnitInfoMemberInfos (UnitInfoType,UnitMemberInfoType,NumMembers)
	SELECT	('ART_DEF_UNIT_GUERILLA'), ('ART_DEF_UNIT_MEMBER_GUERILLA'), NumMembers
	FROM ArtDefine_UnitInfoMemberInfos WHERE (UnitInfoType = 'ART_DEF_UNIT_WW2_INFANTRY');

INSERT INTO ArtDefine_UnitMemberCombats (UnitMemberType, EnableActions, DisableActions, MoveRadius, ShortMoveRadius, ChargeRadius, AttackRadius, RangedAttackRadius, MoveRate, ShortMoveRate, TurnRateMin, TurnRateMax, TurnFacingRateMin, TurnFacingRateMax, RollRateMin, RollRateMax, PitchRateMin, PitchRateMax, LOSRadiusScale, TargetRadius, TargetHeight, HasShortRangedAttack, HasLongRangedAttack, HasLeftRightAttack, HasStationaryMelee, HasStationaryRangedAttack, HasRefaceAfterCombat, ReformBeforeCombat, HasIndependentWeaponFacing, HasOpponentTracking, HasCollisionAttack, AttackAltitude, AltitudeDecelerationDistance, OnlyTurnInMovementActions, RushAttackFormation)
	SELECT	('ART_DEF_UNIT_MEMBER_GUERILLA'), EnableActions, DisableActions, MoveRadius, ShortMoveRadius, ChargeRadius, AttackRadius, RangedAttackRadius, MoveRate, ShortMoveRate, TurnRateMin, TurnRateMax, TurnFacingRateMin, TurnFacingRateMax, RollRateMin, RollRateMax, PitchRateMin, PitchRateMax, LOSRadiusScale, TargetRadius, TargetHeight, HasShortRangedAttack, HasLongRangedAttack, HasLeftRightAttack, HasStationaryMelee, HasStationaryRangedAttack, HasRefaceAfterCombat, ReformBeforeCombat, HasIndependentWeaponFacing, HasOpponentTracking, HasCollisionAttack, AttackAltitude, AltitudeDecelerationDistance, OnlyTurnInMovementActions, RushAttackFormation
	FROM ArtDefine_UnitMemberCombats WHERE (UnitMemberType = 'ART_DEF_UNIT_MEMBER_INFANTRY');

INSERT INTO ArtDefine_UnitMemberCombatWeapons (UnitMemberType, "Index", SubIndex, ID, VisKillStrengthMin, VisKillStrengthMax, ProjectileSpeed, ProjectileTurnRateMin, ProjectileTurnRateMax, HitEffect, HitEffectScale, HitRadius, ProjectileChildEffectScale, AreaDamageDelay, ContinuousFire, WaitForEffectCompletion, TargetGround, IsDropped, WeaponTypeTag, WeaponTypeSoundOverrideTag)
	SELECT ('ART_DEF_UNIT_MEMBER_GUERILLA'), "Index", SubIndex, ID, VisKillStrengthMin, VisKillStrengthMax, ProjectileSpeed, ProjectileTurnRateMin, ProjectileTurnRateMax, HitEffect, HitEffectScale, HitRadius, ProjectileChildEffectScale, AreaDamageDelay, ContinuousFire, WaitForEffectCompletion, TargetGround, IsDropped, WeaponTypeTag, WeaponTypeSoundOverrideTag
	FROM ArtDefine_UnitMemberCombatWeapons WHERE (UnitMemberType = 'ART_DEF_UNIT_MEMBER_INFANTRY');

INSERT INTO ArtDefine_UnitMemberInfos (Type, Scale, ZOffset, Domain, Model, MaterialTypeTag, MaterialTypeSoundOverrideTag)
	SELECT	('ART_DEF_UNIT_MEMBER_GUERILLA'), Scale, ZOffset, Domain, ('japgw1.fxsxml'), MaterialTypeTag, MaterialTypeSoundOverrideTag
	FROM ArtDefine_UnitMemberInfos WHERE (Type = 'ART_DEF_UNIT_MEMBER_INFANTRY');

INSERT INTO ArtDefine_StrategicView (StrategicViewType, TileType, Asset )
	SELECT	'ART_DEF_UNIT_GUERILLA', 'Unit', 'svsoviet.dds';


-- Guerilla
INSERT INTO ArtDefine_UnitInfos (Type,DamageStates,Formation)
	SELECT	('ART_DEF_UNIT_MERC'), DamageStates, Formation
	FROM ArtDefine_UnitInfos WHERE (Type = 'ART_DEF_UNIT_WW2_INFANTRY');

INSERT INTO ArtDefine_UnitInfoMemberInfos (UnitInfoType,UnitMemberInfoType,NumMembers)
	SELECT	('ART_DEF_UNIT_MERC'), ('ART_DEF_UNIT_MERC_GUERILLA'), NumMembers
	FROM ArtDefine_UnitInfoMemberInfos WHERE (UnitInfoType = 'ART_DEF_UNIT_WW2_INFANTRY');

INSERT INTO ArtDefine_UnitMemberCombats (UnitMemberType, EnableActions, DisableActions, MoveRadius, ShortMoveRadius, ChargeRadius, AttackRadius, RangedAttackRadius, MoveRate, ShortMoveRate, TurnRateMin, TurnRateMax, TurnFacingRateMin, TurnFacingRateMax, RollRateMin, RollRateMax, PitchRateMin, PitchRateMax, LOSRadiusScale, TargetRadius, TargetHeight, HasShortRangedAttack, HasLongRangedAttack, HasLeftRightAttack, HasStationaryMelee, HasStationaryRangedAttack, HasRefaceAfterCombat, ReformBeforeCombat, HasIndependentWeaponFacing, HasOpponentTracking, HasCollisionAttack, AttackAltitude, AltitudeDecelerationDistance, OnlyTurnInMovementActions, RushAttackFormation)
	SELECT	('ART_DEF_UNIT_MERC_GUERILLA'), EnableActions, DisableActions, MoveRadius, ShortMoveRadius, ChargeRadius, AttackRadius, RangedAttackRadius, MoveRate, ShortMoveRate, TurnRateMin, TurnRateMax, TurnFacingRateMin, TurnFacingRateMax, RollRateMin, RollRateMax, PitchRateMin, PitchRateMax, LOSRadiusScale, TargetRadius, TargetHeight, HasShortRangedAttack, HasLongRangedAttack, HasLeftRightAttack, HasStationaryMelee, HasStationaryRangedAttack, HasRefaceAfterCombat, ReformBeforeCombat, HasIndependentWeaponFacing, HasOpponentTracking, HasCollisionAttack, AttackAltitude, AltitudeDecelerationDistance, OnlyTurnInMovementActions, RushAttackFormation
	FROM ArtDefine_UnitMemberCombats WHERE (UnitMemberType = 'ART_DEF_UNIT_MEMBER_INFANTRY');

INSERT INTO ArtDefine_UnitMemberCombatWeapons (UnitMemberType, "Index", SubIndex, ID, VisKillStrengthMin, VisKillStrengthMax, ProjectileSpeed, ProjectileTurnRateMin, ProjectileTurnRateMax, HitEffect, HitEffectScale, HitRadius, ProjectileChildEffectScale, AreaDamageDelay, ContinuousFire, WaitForEffectCompletion, TargetGround, IsDropped, WeaponTypeTag, WeaponTypeSoundOverrideTag)
	SELECT ('ART_DEF_UNIT_MERC_GUERILLA'), "Index", SubIndex, ID, VisKillStrengthMin, VisKillStrengthMax, ProjectileSpeed, ProjectileTurnRateMin, ProjectileTurnRateMax, HitEffect, HitEffectScale, HitRadius, ProjectileChildEffectScale, AreaDamageDelay, ContinuousFire, WaitForEffectCompletion, TargetGround, IsDropped, WeaponTypeTag, WeaponTypeSoundOverrideTag
	FROM ArtDefine_UnitMemberCombatWeapons WHERE (UnitMemberType = 'ART_DEF_UNIT_MEMBER_INFANTRY');

INSERT INTO ArtDefine_UnitMemberInfos (Type, Scale, ZOffset, Domain, Model, MaterialTypeTag, MaterialTypeSoundOverrideTag)
	SELECT	('ART_DEF_UNIT_MERC_GUERILLA'), Scale, ZOffset, Domain, ('RussianSF.fxsxml'), MaterialTypeTag, MaterialTypeSoundOverrideTag
	FROM ArtDefine_UnitMemberInfos WHERE (Type = 'ART_DEF_UNIT_MEMBER_INFANTRY');

INSERT INTO ArtDefine_StrategicView (StrategicViewType, TileType, Asset )
	SELECT	'ART_DEF_UNIT_MERC', 'Unit', 'svmerc.dds';


-- Landship

-- Explorer, Pioneer, Colonist, Tercio
INSERT INTO ArtDefine_StrategicView (StrategicViewType, TileType, Asset )
	VALUES	('ART_DEF_UNIT_EXPLORER_CBP', 'Unit', 'SV_Explorer.dds'),
		('ART_DEF_UNIT_PIONEER', 'Unit', 'SV_Settler.dds'),
		('ART_DEF_UNIT_COLONIST', 'Unit', 'SV_Settler.dds');

UPDATE ArtDefine_StrategicView
SET Asset = 'tercio_flag2.dds'
WHERE StrategicViewType = 'ART_DEF_UNIT_U_SPANISH_TERCIO';

UPDATE Units SET UnitFlagAtlas = 'TERCIO_FLAG_ATLAS' WHERE Type = 'UNIT_SPANISH_TERCIO';
UPDATE Units SET UnitFlagIconOffset = 0 WHERE Type = 'UNIT_SPANISH_TERCIO';

-- Commando
INSERT INTO ArtDefine_UnitInfos(Type, DamageStates, Formation)
  VALUES ('ART_DEF_UNIT_COMMANDO', 1, 'UnFormed');
INSERT INTO ArtDefine_UnitInfoMemberInfos(UnitInfoType, UnitMemberInfoType, NumMembers)
  VALUES 	('ART_DEF_UNIT_COMMANDO', 'ART_DEF_UNIT_MEMBER_BOER_COMMANDO', 		2),
			('ART_DEF_UNIT_COMMANDO', 'ART_DEF_UNIT_MEMBER_BOER_COMMANDO_2', 	3),
			('ART_DEF_UNIT_COMMANDO', 'ART_DEF_UNIT_MEMBER_BOER_COMMANDO', 		1),
			('ART_DEF_UNIT_COMMANDO', 'ART_DEF_UNIT_MEMBER_BOER_COMMANDO_2', 	2),
			('ART_DEF_UNIT_COMMANDO', 'ART_DEF_UNIT_MEMBER_BOER_COMMANDO', 		2),
			('ART_DEF_UNIT_COMMANDO', 'ART_DEF_UNIT_MEMBER_BOER_COMMANDO_2', 	1);
  
INSERT INTO ArtDefine_UnitMemberInfos(Type, Scale, Model, MaterialTypeTag, MaterialTypeSoundOverrideTag)
  VALUES ('ART_DEF_UNIT_MEMBER_BOER_COMMANDO', 0.13, 'Art/Units/Commando/u_boer_commando_v1.fxsxml', 'CLOTH', 'FLESH');
INSERT INTO ArtDefine_UnitMemberCombats
  (UnitMemberType, EnableActions, ShortMoveRadius, ShortMoveRate, TargetHeight, HasShortRangedAttack, HasRefaceAfterCombat, ReformBeforeCombat)
  VALUES ('ART_DEF_UNIT_MEMBER_BOER_COMMANDO', 'Idle Attack RunCharge AttackCity Bombard Death BombardDefend Run Fortify CombatReady Walk AttackCharge', 12.0, 0.35, 8.0, 1, 1, 1);
INSERT INTO ArtDefine_UnitMemberCombatWeapons(UnitMemberType, "Index", SubIndex, WeaponTypeTag, WeaponTypeSoundOverrideTag)
  VALUES ('ART_DEF_UNIT_MEMBER_BOER_COMMANDO', 0, 0, 'BULLET', 'BULLET');
INSERT INTO ArtDefine_UnitMemberInfos(Type, Scale, Model, MaterialTypeTag, MaterialTypeSoundOverrideTag)
  VALUES ('ART_DEF_UNIT_MEMBER_BOER_COMMANDO_2', 0.13, 'Art/Units/Commando/u_boer_commando_v2.fxsxml', 'CLOTH', 'FLESH');
INSERT INTO ArtDefine_UnitMemberCombats
  (UnitMemberType, EnableActions, ShortMoveRadius, ShortMoveRate, TargetHeight, HasShortRangedAttack, HasRefaceAfterCombat, ReformBeforeCombat)
  VALUES ('ART_DEF_UNIT_MEMBER_BOER_COMMANDO_2', 'Idle Attack RunCharge AttackCity Bombard Death BombardDefend Run Fortify CombatReady Walk AttackCharge', 12.0, 0.35, 8.0, 1, 1, 1);
INSERT INTO ArtDefine_UnitMemberCombatWeapons(UnitMemberType, "Index", SubIndex, WeaponTypeTag, WeaponTypeSoundOverrideTag)
  VALUES ('ART_DEF_UNIT_MEMBER_BOER_COMMANDO_2', 0, 0, 'BULLET', 'BULLET');
INSERT INTO ArtDefine_StrategicView(StrategicViewType, TileType, Asset)
  VALUES ('ART_DEF_UNIT_COMMANDO', 'Unit', 'sv_kommando.dds');
  
-- Free Company

INSERT INTO IconTextureAtlases 
			(Atlas, 					IconSize, 	Filename, 						IconsPerRow, 	IconsPerColumn)
VALUES		('FCOMPANY_ATLAS', 			256, 		'FCOMPANY_ATLAS_256.dds',		3,				1),
			('FCOMPANY_ATLAS', 			128, 		'FCOMPANY_ATLAS_128.dds',		3, 				1),
			('FCOMPANY_ATLAS', 			80, 		'FCOMPANY_ATLAS_080.dds',		3, 				1),
			('FCOMPANY_ATLAS', 			64, 		'FCOMPANY_ATLAS_064.dds',		3, 				1),
			('FCOMPANY_ATLAS', 			45, 		'FCOMPANY_ATLAS_045.dds',		3, 				1),
			('FCOMPANY_FLAG_ATLAS', 	32, 		'FCompany_Flag_Atlas_032.dds',	1, 				1);

INSERT INTO ArtDefine_StrategicView 
		(StrategicViewType, 		TileType,	Asset)
VALUES	('ART_DEF_UNIT_FCOMPANY', 	'Unit', 	'sv_b_FCompany.dds');

INSERT INTO ArtDefine_UnitInfos 
		(Type, 						DamageStates,	Formation)
SELECT	'ART_DEF_UNIT_FCOMPANY',	DamageStates, 	'UnFormed'
FROM ArtDefine_UnitInfos WHERE Type = 'ART_DEF_UNIT_U_JAPANESE_SAMURAI';

INSERT INTO ArtDefine_UnitInfoMemberInfos 	
		(UnitInfoType,				UnitMemberInfoType,					NumMembers)
VALUES	('ART_DEF_UNIT_FCOMPANY',	'ART_DEF_UNIT_MEMBER_FCOMPANY_3',	2),
		('ART_DEF_UNIT_FCOMPANY',	'ART_DEF_UNIT_MEMBER_FCOMPANY_4',	3),
		('ART_DEF_UNIT_FCOMPANY',	'ART_DEF_UNIT_MEMBER_FCOMPANY_1',	1),
		('ART_DEF_UNIT_FCOMPANY',	'ART_DEF_UNIT_MEMBER_FCOMPANY_2',	1),
		('ART_DEF_UNIT_FCOMPANY',	'ART_DEF_UNIT_MEMBER_FCOMPANY_4',	2),
		('ART_DEF_UNIT_FCOMPANY',	'ART_DEF_UNIT_MEMBER_FCOMPANY_1',	1),
		('ART_DEF_UNIT_FCOMPANY',	'ART_DEF_UNIT_MEMBER_FCOMPANY_3',	2),
		('ART_DEF_UNIT_FCOMPANY',	'ART_DEF_UNIT_MEMBER_FCOMPANY_2',	2);
		
INSERT INTO ArtDefine_UnitMemberCombats 
		(UnitMemberType,							EnableActions, DisableActions, MoveRadius, ShortMoveRadius, ChargeRadius, AttackRadius, RangedAttackRadius, MoveRate, ShortMoveRate, TurnRateMin, TurnRateMax, TurnFacingRateMin, TurnFacingRateMax, RollRateMin, RollRateMax, PitchRateMin, PitchRateMax, LOSRadiusScale, TargetRadius, TargetHeight, HasShortRangedAttack, HasLongRangedAttack, HasLeftRightAttack, HasStationaryMelee, HasStationaryRangedAttack, HasRefaceAfterCombat, ReformBeforeCombat, HasIndependentWeaponFacing, HasOpponentTracking, HasCollisionAttack, AttackAltitude, AltitudeDecelerationDistance, OnlyTurnInMovementActions, RushAttackFormation)
SELECT	'ART_DEF_UNIT_MEMBER_FCOMPANY_1',			EnableActions, DisableActions, MoveRadius, ShortMoveRadius, ChargeRadius, AttackRadius, RangedAttackRadius, MoveRate, ShortMoveRate, TurnRateMin, TurnRateMax, TurnFacingRateMin, TurnFacingRateMax, RollRateMin, RollRateMax, PitchRateMin, PitchRateMax, LOSRadiusScale, TargetRadius, TargetHeight, HasShortRangedAttack, HasLongRangedAttack, HasLeftRightAttack, HasStationaryMelee, HasStationaryRangedAttack, HasRefaceAfterCombat, ReformBeforeCombat, HasIndependentWeaponFacing, HasOpponentTracking, HasCollisionAttack, AttackAltitude, AltitudeDecelerationDistance, OnlyTurnInMovementActions, RushAttackFormation
FROM ArtDefine_UnitMemberCombats WHERE UnitMemberType = 'ART_DEF_UNIT_MEMBER_LONGSWORDSMAN';

INSERT INTO ArtDefine_UnitMemberCombats 
		(UnitMemberType,							EnableActions, DisableActions, MoveRadius, ShortMoveRadius, ChargeRadius, AttackRadius, RangedAttackRadius, MoveRate, ShortMoveRate, TurnRateMin, TurnRateMax, TurnFacingRateMin, TurnFacingRateMax, RollRateMin, RollRateMax, PitchRateMin, PitchRateMax, LOSRadiusScale, TargetRadius, TargetHeight, HasShortRangedAttack, HasLongRangedAttack, HasLeftRightAttack, HasStationaryMelee, HasStationaryRangedAttack, HasRefaceAfterCombat, ReformBeforeCombat, HasIndependentWeaponFacing, HasOpponentTracking, HasCollisionAttack, AttackAltitude, AltitudeDecelerationDistance, OnlyTurnInMovementActions, RushAttackFormation)
SELECT	'ART_DEF_UNIT_MEMBER_FCOMPANY_2',			EnableActions, DisableActions, MoveRadius, ShortMoveRadius, ChargeRadius, AttackRadius, RangedAttackRadius, MoveRate, ShortMoveRate, TurnRateMin, TurnRateMax, TurnFacingRateMin, TurnFacingRateMax, RollRateMin, RollRateMax, PitchRateMin, PitchRateMax, LOSRadiusScale, TargetRadius, TargetHeight, HasShortRangedAttack, HasLongRangedAttack, HasLeftRightAttack, HasStationaryMelee, HasStationaryRangedAttack, HasRefaceAfterCombat, ReformBeforeCombat, HasIndependentWeaponFacing, HasOpponentTracking, HasCollisionAttack, AttackAltitude, AltitudeDecelerationDistance, OnlyTurnInMovementActions, RushAttackFormation
FROM ArtDefine_UnitMemberCombats WHERE UnitMemberType = 'ART_DEF_UNIT_MEMBER_LONGSWORDSMAN';

INSERT INTO ArtDefine_UnitMemberCombats 
		(UnitMemberType,							EnableActions, DisableActions, MoveRadius, ShortMoveRadius, ChargeRadius, AttackRadius, RangedAttackRadius, MoveRate, ShortMoveRate, TurnRateMin, TurnRateMax, TurnFacingRateMin, TurnFacingRateMax, RollRateMin, RollRateMax, PitchRateMin, PitchRateMax, LOSRadiusScale, TargetRadius, TargetHeight, HasShortRangedAttack, HasLongRangedAttack, HasLeftRightAttack, HasStationaryMelee, HasStationaryRangedAttack, HasRefaceAfterCombat, ReformBeforeCombat, HasIndependentWeaponFacing, HasOpponentTracking, HasCollisionAttack, AttackAltitude, AltitudeDecelerationDistance, OnlyTurnInMovementActions, RushAttackFormation)
SELECT	'ART_DEF_UNIT_MEMBER_FCOMPANY_3',			EnableActions, DisableActions, MoveRadius, ShortMoveRadius, ChargeRadius, AttackRadius, RangedAttackRadius, MoveRate, ShortMoveRate, TurnRateMin, TurnRateMax, TurnFacingRateMin, TurnFacingRateMax, RollRateMin, RollRateMax, PitchRateMin, PitchRateMax, LOSRadiusScale, TargetRadius, TargetHeight, HasShortRangedAttack, HasLongRangedAttack, HasLeftRightAttack, HasStationaryMelee, HasStationaryRangedAttack, HasRefaceAfterCombat, ReformBeforeCombat, HasIndependentWeaponFacing, HasOpponentTracking, HasCollisionAttack, AttackAltitude, AltitudeDecelerationDistance, OnlyTurnInMovementActions, RushAttackFormation
FROM ArtDefine_UnitMemberCombats WHERE UnitMemberType = 'ART_DEF_UNIT_MEMBER_LONGSWORDSMAN';

INSERT INTO ArtDefine_UnitMemberCombats 
		(UnitMemberType,							EnableActions, DisableActions, MoveRadius, ShortMoveRadius, ChargeRadius, AttackRadius, RangedAttackRadius, MoveRate, ShortMoveRate, TurnRateMin, TurnRateMax, TurnFacingRateMin, TurnFacingRateMax, RollRateMin, RollRateMax, PitchRateMin, PitchRateMax, LOSRadiusScale, TargetRadius, TargetHeight, HasShortRangedAttack, HasLongRangedAttack, HasLeftRightAttack, HasStationaryMelee, HasStationaryRangedAttack, HasRefaceAfterCombat, ReformBeforeCombat, HasIndependentWeaponFacing, HasOpponentTracking, HasCollisionAttack, AttackAltitude, AltitudeDecelerationDistance, OnlyTurnInMovementActions, RushAttackFormation)
SELECT	'ART_DEF_UNIT_MEMBER_FCOMPANY_4',			EnableActions, DisableActions, MoveRadius, ShortMoveRadius, ChargeRadius, AttackRadius, RangedAttackRadius, MoveRate, ShortMoveRate, TurnRateMin, TurnRateMax, TurnFacingRateMin, TurnFacingRateMax, RollRateMin, RollRateMax, PitchRateMin, PitchRateMax, LOSRadiusScale, TargetRadius, TargetHeight, HasShortRangedAttack, HasLongRangedAttack, HasLeftRightAttack, HasStationaryMelee, HasStationaryRangedAttack, HasRefaceAfterCombat, ReformBeforeCombat, HasIndependentWeaponFacing, HasOpponentTracking, HasCollisionAttack, AttackAltitude, AltitudeDecelerationDistance, OnlyTurnInMovementActions, RushAttackFormation
FROM ArtDefine_UnitMemberCombats WHERE UnitMemberType = 'ART_DEF_UNIT_MEMBER_PIKEMAN';

INSERT INTO ArtDefine_UnitMemberCombatWeapons	
		(UnitMemberType,							"Index", SubIndex, ID, VisKillStrengthMin, VisKillStrengthMax, ProjectileSpeed, ProjectileTurnRateMin, ProjectileTurnRateMax, HitEffect, HitEffectScale, HitRadius, ProjectileChildEffectScale, AreaDamageDelay, ContinuousFire, WaitForEffectCompletion, TargetGround, IsDropped, WeaponTypeTag, WeaponTypeSoundOverrideTag)
SELECT	'ART_DEF_UNIT_MEMBER_FCOMPANY_1',			"Index", SubIndex, ID, VisKillStrengthMin, VisKillStrengthMax, ProjectileSpeed, ProjectileTurnRateMin, ProjectileTurnRateMax, HitEffect, HitEffectScale, HitRadius, ProjectileChildEffectScale, AreaDamageDelay, ContinuousFire, WaitForEffectCompletion, TargetGround, IsDropped, WeaponTypeTag, WeaponTypeSoundOverrideTag
FROM ArtDefine_UnitMemberCombatWeapons WHERE UnitMemberType = 'ART_DEF_UNIT_MEMBER_LONGSWORDSMAN';

INSERT INTO ArtDefine_UnitMemberCombatWeapons	
		(UnitMemberType,							"Index", SubIndex, ID, VisKillStrengthMin, VisKillStrengthMax, ProjectileSpeed, ProjectileTurnRateMin, ProjectileTurnRateMax, HitEffect, HitEffectScale, HitRadius, ProjectileChildEffectScale, AreaDamageDelay, ContinuousFire, WaitForEffectCompletion, TargetGround, IsDropped, WeaponTypeTag, WeaponTypeSoundOverrideTag)
SELECT	'ART_DEF_UNIT_MEMBER_FCOMPANY_2',			"Index", SubIndex, ID, VisKillStrengthMin, VisKillStrengthMax, ProjectileSpeed, ProjectileTurnRateMin, ProjectileTurnRateMax, HitEffect, HitEffectScale, HitRadius, ProjectileChildEffectScale, AreaDamageDelay, ContinuousFire, WaitForEffectCompletion, TargetGround, IsDropped, WeaponTypeTag, WeaponTypeSoundOverrideTag
FROM ArtDefine_UnitMemberCombatWeapons WHERE UnitMemberType = 'ART_DEF_UNIT_MEMBER_LONGSWORDSMAN';

INSERT INTO ArtDefine_UnitMemberCombatWeapons	
		(UnitMemberType,							"Index", SubIndex, ID, VisKillStrengthMin, VisKillStrengthMax, ProjectileSpeed, ProjectileTurnRateMin, ProjectileTurnRateMax, HitEffect, HitEffectScale, HitRadius, ProjectileChildEffectScale, AreaDamageDelay, ContinuousFire, WaitForEffectCompletion, TargetGround, IsDropped, WeaponTypeTag, WeaponTypeSoundOverrideTag)
SELECT	'ART_DEF_UNIT_MEMBER_FCOMPANY_3',			"Index", SubIndex, ID, VisKillStrengthMin, VisKillStrengthMax, ProjectileSpeed, ProjectileTurnRateMin, ProjectileTurnRateMax, HitEffect, HitEffectScale, HitRadius, ProjectileChildEffectScale, AreaDamageDelay, ContinuousFire, WaitForEffectCompletion, TargetGround, IsDropped, WeaponTypeTag, WeaponTypeSoundOverrideTag
FROM ArtDefine_UnitMemberCombatWeapons WHERE UnitMemberType = 'ART_DEF_UNIT_MEMBER_LONGSWORDSMAN';

INSERT INTO ArtDefine_UnitMemberCombatWeapons	
		(UnitMemberType,							"Index", SubIndex, ID, VisKillStrengthMin, VisKillStrengthMax, ProjectileSpeed, ProjectileTurnRateMin, ProjectileTurnRateMax, HitEffect, HitEffectScale, HitRadius, ProjectileChildEffectScale, AreaDamageDelay, ContinuousFire, WaitForEffectCompletion, TargetGround, IsDropped, WeaponTypeTag, WeaponTypeSoundOverrideTag)
SELECT	'ART_DEF_UNIT_MEMBER_FCOMPANY_4',			"Index", SubIndex, ID, VisKillStrengthMin, VisKillStrengthMax, ProjectileSpeed, ProjectileTurnRateMin, ProjectileTurnRateMax, HitEffect, HitEffectScale, HitRadius, ProjectileChildEffectScale, AreaDamageDelay, ContinuousFire, WaitForEffectCompletion, TargetGround, IsDropped, WeaponTypeTag, WeaponTypeSoundOverrideTag
FROM ArtDefine_UnitMemberCombatWeapons WHERE UnitMemberType = 'ART_DEF_UNIT_MEMBER_PIKEMAN';

INSERT INTO ArtDefine_UnitMemberInfos 	
		(Type, 										Scale,  ZOffset, Domain, Model,					MaterialTypeTag, MaterialTypeSoundOverrideTag)
SELECT	'ART_DEF_UNIT_MEMBER_FCOMPANY_1',			Scale,	ZOffset, Domain, 'free_company.fxsxml',	MaterialTypeTag, MaterialTypeSoundOverrideTag
FROM ArtDefine_UnitMemberInfos WHERE Type = 'ART_DEF_UNIT_MEMBER_LONGSWORDSMAN';

INSERT INTO ArtDefine_UnitMemberInfos 	
		(Type, 										Scale,  ZOffset, Domain, Model,							MaterialTypeTag, MaterialTypeSoundOverrideTag)
SELECT	'ART_DEF_UNIT_MEMBER_FCOMPANY_2',			Scale,	ZOffset, Domain, 'free_company_poleaxe.fxsxml',	MaterialTypeTag, MaterialTypeSoundOverrideTag
FROM ArtDefine_UnitMemberInfos WHERE Type = 'ART_DEF_UNIT_MEMBER_LONGSWORDSMAN';

INSERT INTO ArtDefine_UnitMemberInfos 	
		(Type, 										Scale,  ZOffset, Domain, Model,				MaterialTypeTag, MaterialTypeSoundOverrideTag)
SELECT	'ART_DEF_UNIT_MEMBER_FCOMPANY_3',			Scale,	ZOffset, Domain, 'Maceman.fxsxml',	MaterialTypeTag, MaterialTypeSoundOverrideTag
FROM ArtDefine_UnitMemberInfos WHERE Type = 'ART_DEF_UNIT_MEMBER_LONGSWORDSMAN';

INSERT INTO ArtDefine_UnitMemberInfos 	
		(Type, 										Scale,  ZOffset, Domain, Model,				MaterialTypeTag, MaterialTypeSoundOverrideTag)
SELECT	'ART_DEF_UNIT_MEMBER_FCOMPANY_4',			Scale,	ZOffset, Domain, 'RER_PIKE.fxsxml',	MaterialTypeTag, MaterialTypeSoundOverrideTag
FROM ArtDefine_UnitMemberInfos WHERE Type = 'ART_DEF_UNIT_MEMBER_PIKEMAN';

--Landsknecht
UPDATE ArtDefine_UnitInfoMemberInfos SET NumMembers = 2 WHERE UnitMemberInfoType = 'ART_DEF_UNIT_MEMBER_U_GERMAN_LANDSKNECHT_A';
UPDATE ArtDefine_UnitInfoMemberInfos SET NumMembers = 3 WHERE UnitMemberInfoType = 'ART_DEF_UNIT_MEMBER_U_GERMAN_LANDSKNECHT_B';
		
INSERT INTO ArtDefine_UnitInfoMemberInfos 	
		(UnitInfoType,								UnitMemberInfoType,								NumMembers)
VALUES	('ART_DEF_UNIT_U_GERMAN_LANDSKNECHT',		'ART_DEF_UNIT_MEMBER_U_GERMAN_LANDSKNECHT_2',	2),
		('ART_DEF_UNIT_U_GERMAN_LANDSKNECHT',		'ART_DEF_UNIT_MEMBER_U_GERMAN_LANDSKNECHT_3',	7);
		
UPDATE ArtDefine_UnitInfos SET Formation = 'HonorableGunpowder' WHERE Type = 'ART_DEF_UNIT_U_GERMAN_LANDSKNECHT';

INSERT INTO ArtDefine_UnitMemberCombats 
		(UnitMemberType,								EnableActions, DisableActions, MoveRadius, ShortMoveRadius, ChargeRadius, AttackRadius, RangedAttackRadius, MoveRate, ShortMoveRate, TurnRateMin, TurnRateMax, TurnFacingRateMin, TurnFacingRateMax, RollRateMin, RollRateMax, PitchRateMin, PitchRateMax, LOSRadiusScale, TargetRadius, TargetHeight, HasShortRangedAttack, HasLongRangedAttack, HasLeftRightAttack, HasStationaryMelee, HasStationaryRangedAttack, HasRefaceAfterCombat, ReformBeforeCombat, HasIndependentWeaponFacing, HasOpponentTracking, HasCollisionAttack, AttackAltitude, AltitudeDecelerationDistance, OnlyTurnInMovementActions, RushAttackFormation)
SELECT	'ART_DEF_UNIT_MEMBER_U_GERMAN_LANDSKNECHT_2',	EnableActions, DisableActions, MoveRadius, ShortMoveRadius, ChargeRadius, AttackRadius, RangedAttackRadius, MoveRate, ShortMoveRate, TurnRateMin, TurnRateMax, TurnFacingRateMin, TurnFacingRateMax, RollRateMin, RollRateMax, PitchRateMin, PitchRateMax, LOSRadiusScale, TargetRadius, TargetHeight, HasShortRangedAttack, HasLongRangedAttack, HasLeftRightAttack, HasStationaryMelee, HasStationaryRangedAttack, HasRefaceAfterCombat, ReformBeforeCombat, HasIndependentWeaponFacing, HasOpponentTracking, HasCollisionAttack, AttackAltitude, AltitudeDecelerationDistance, OnlyTurnInMovementActions, RushAttackFormation
FROM ArtDefine_UnitMemberCombats WHERE UnitMemberType = 'ART_DEF_UNIT_MEMBER_LONGSWORDSMAN';

INSERT INTO ArtDefine_UnitMemberCombats 
		(UnitMemberType,								EnableActions, DisableActions, MoveRadius, ShortMoveRadius, ChargeRadius, AttackRadius, RangedAttackRadius, MoveRate, ShortMoveRate, TurnRateMin, TurnRateMax, TurnFacingRateMin, TurnFacingRateMax, RollRateMin, RollRateMax, PitchRateMin, PitchRateMax, LOSRadiusScale, TargetRadius, TargetHeight, HasShortRangedAttack, HasLongRangedAttack, HasLeftRightAttack, HasStationaryMelee, HasStationaryRangedAttack, HasRefaceAfterCombat, ReformBeforeCombat, HasIndependentWeaponFacing, HasOpponentTracking, HasCollisionAttack, AttackAltitude, AltitudeDecelerationDistance, OnlyTurnInMovementActions, RushAttackFormation)
SELECT	'ART_DEF_UNIT_MEMBER_U_GERMAN_LANDSKNECHT_3',	EnableActions, DisableActions, MoveRadius, ShortMoveRadius, ChargeRadius, AttackRadius, RangedAttackRadius, MoveRate, ShortMoveRate, TurnRateMin, TurnRateMax, TurnFacingRateMin, TurnFacingRateMax, RollRateMin, RollRateMax, PitchRateMin, PitchRateMax, LOSRadiusScale, TargetRadius, TargetHeight, HasShortRangedAttack, HasLongRangedAttack, HasLeftRightAttack, HasStationaryMelee, HasStationaryRangedAttack, HasRefaceAfterCombat, ReformBeforeCombat, HasIndependentWeaponFacing, HasOpponentTracking, HasCollisionAttack, AttackAltitude, AltitudeDecelerationDistance, OnlyTurnInMovementActions, RushAttackFormation
FROM ArtDefine_UnitMemberCombats WHERE UnitMemberType = 'ART_DEF_UNIT_MEMBER_U_FRENCH_MUSKETEER';

INSERT INTO ArtDefine_UnitMemberCombatWeapons	
		(UnitMemberType,									"Index", SubIndex, ID, VisKillStrengthMin, VisKillStrengthMax, ProjectileSpeed, ProjectileTurnRateMin, ProjectileTurnRateMax, HitEffect, HitEffectScale, HitRadius, ProjectileChildEffectScale, AreaDamageDelay, ContinuousFire, WaitForEffectCompletion, TargetGround, IsDropped, WeaponTypeTag, WeaponTypeSoundOverrideTag)
SELECT	'ART_DEF_UNIT_MEMBER_U_GERMAN_LANDSKNECHT_2',		"Index", SubIndex, ID, VisKillStrengthMin, VisKillStrengthMax, ProjectileSpeed, ProjectileTurnRateMin, ProjectileTurnRateMax, HitEffect, HitEffectScale, HitRadius, ProjectileChildEffectScale, AreaDamageDelay, ContinuousFire, WaitForEffectCompletion, TargetGround, IsDropped, WeaponTypeTag, WeaponTypeSoundOverrideTag
FROM ArtDefine_UnitMemberCombatWeapons WHERE UnitMemberType = 'ART_DEF_UNIT_MEMBER_LONGSWORDSMAN';

INSERT INTO ArtDefine_UnitMemberCombatWeapons	
		(UnitMemberType,								"Index", SubIndex, ID, VisKillStrengthMin, VisKillStrengthMax, ProjectileSpeed, ProjectileTurnRateMin, ProjectileTurnRateMax, HitEffect, HitEffectScale, HitRadius, ProjectileChildEffectScale, AreaDamageDelay, ContinuousFire, WaitForEffectCompletion, TargetGround, IsDropped, WeaponTypeTag, WeaponTypeSoundOverrideTag)
SELECT	'ART_DEF_UNIT_MEMBER_U_GERMAN_LANDSKNECHT_3',	"Index", SubIndex, ID, VisKillStrengthMin, VisKillStrengthMax, ProjectileSpeed, ProjectileTurnRateMin, ProjectileTurnRateMax, HitEffect, HitEffectScale, HitRadius, ProjectileChildEffectScale, AreaDamageDelay, ContinuousFire, WaitForEffectCompletion, TargetGround, IsDropped, WeaponTypeTag, WeaponTypeSoundOverrideTag
FROM ArtDefine_UnitMemberCombatWeapons WHERE UnitMemberType = 'ART_DEF_UNIT_MEMBER_U_FRENCH_MUSKETEER';

INSERT INTO ArtDefine_UnitMemberInfos 	
		(Type, 											Scale,  ZOffset, Domain, Model,				MaterialTypeTag, MaterialTypeSoundOverrideTag)
SELECT	'ART_DEF_UNIT_MEMBER_U_GERMAN_LANDSKNECHT_2',	Scale,	ZOffset, Domain, 'dopp_a.fxsxml',	MaterialTypeTag, MaterialTypeSoundOverrideTag
FROM ArtDefine_UnitMemberInfos WHERE Type = 'ART_DEF_UNIT_MEMBER_LONGSWORDSMAN';

INSERT INTO ArtDefine_UnitMemberInfos 	
		(Type, 											Scale,  ZOffset, Domain, Model,							MaterialTypeTag, MaterialTypeSoundOverrideTag)
SELECT	'ART_DEF_UNIT_MEMBER_U_GERMAN_LANDSKNECHT_3',	Scale,	ZOffset, Domain, 'landsknecht_musket_b.fxsxml',	MaterialTypeTag, MaterialTypeSoundOverrideTag
FROM ArtDefine_UnitMemberInfos WHERE Type = 'ART_DEF_UNIT_MEMBER_U_FRENCH_MUSKETEER';

-- Slinger
INSERT INTO ArtDefine_StrategicView 
			(StrategicViewType, 		TileType,	Asset)
VALUES		('ART_DEF_UNIT_VP_SLINGER',	'Unit',		'Slinger_SV_128.dds');

INSERT INTO ArtDefine_UnitInfos 
			(Type,						DamageStates,	Formation)
SELECT		'ART_DEF_UNIT_VP_SLINGER', 	DamageStates, 	Formation
FROM ArtDefine_UnitInfos WHERE Type = 'ART_DEF_UNIT_U_INCAN_SLINGER';

INSERT INTO ArtDefine_UnitInfoMemberInfos 	
			(UnitInfoType,				UnitMemberInfoType,					NumMembers)
SELECT		'ART_DEF_UNIT_VP_SLINGER', 	'ART_DEF_UNIT_MEMBER_VP_SLINGER',	NumMembers
FROM ArtDefine_UnitInfoMemberInfos WHERE UnitInfoType = 'ART_DEF_UNIT_U_INCAN_SLINGER';

INSERT INTO ArtDefine_UnitMemberCombats 
			(UnitMemberType,					EnableActions, DisableActions, MoveRadius, ShortMoveRadius, ChargeRadius, AttackRadius, RangedAttackRadius, MoveRate, ShortMoveRate, TurnRateMin, TurnRateMax, TurnFacingRateMin, TurnFacingRateMax, RollRateMin, RollRateMax, PitchRateMin, PitchRateMax, LOSRadiusScale, TargetRadius, TargetHeight, HasShortRangedAttack, HasLongRangedAttack, HasLeftRightAttack, HasStationaryMelee, HasStationaryRangedAttack, HasRefaceAfterCombat, ReformBeforeCombat, HasIndependentWeaponFacing, HasOpponentTracking, HasCollisionAttack, AttackAltitude, AltitudeDecelerationDistance, OnlyTurnInMovementActions, RushAttackFormation)
SELECT		'ART_DEF_UNIT_MEMBER_VP_SLINGER',	EnableActions, DisableActions, MoveRadius, ShortMoveRadius, ChargeRadius, AttackRadius, RangedAttackRadius, MoveRate, ShortMoveRate, TurnRateMin, TurnRateMax, TurnFacingRateMin, TurnFacingRateMax, RollRateMin, RollRateMax, PitchRateMin, PitchRateMax, LOSRadiusScale, TargetRadius, TargetHeight, HasShortRangedAttack, HasLongRangedAttack, HasLeftRightAttack, HasStationaryMelee, HasStationaryRangedAttack, HasRefaceAfterCombat, ReformBeforeCombat, HasIndependentWeaponFacing, HasOpponentTracking, HasCollisionAttack, AttackAltitude, AltitudeDecelerationDistance, OnlyTurnInMovementActions, RushAttackFormation
FROM ArtDefine_UnitMemberCombats WHERE UnitMemberType = 'ART_DEF_UNIT_MEMBER_U_INCAN_SLINGER';

INSERT INTO ArtDefine_UnitMemberCombatWeapons	
			(UnitMemberType,					"Index", SubIndex, ID, VisKillStrengthMin, VisKillStrengthMax, ProjectileSpeed, ProjectileTurnRateMin, ProjectileTurnRateMax, HitEffect, HitEffectScale, HitRadius, ProjectileChildEffectScale, AreaDamageDelay, ContinuousFire, WaitForEffectCompletion, TargetGround, IsDropped, WeaponTypeTag, WeaponTypeSoundOverrideTag)
SELECT		'ART_DEF_UNIT_MEMBER_VP_SLINGER',	"Index", SubIndex, ID, VisKillStrengthMin, VisKillStrengthMax, ProjectileSpeed, ProjectileTurnRateMin, ProjectileTurnRateMax, HitEffect, HitEffectScale, HitRadius, ProjectileChildEffectScale, AreaDamageDelay, ContinuousFire, WaitForEffectCompletion, TargetGround, IsDropped, WeaponTypeTag, WeaponTypeSoundOverrideTag
FROM ArtDefine_UnitMemberCombatWeapons WHERE UnitMemberType = 'ART_DEF_UNIT_MEMBER_U_INCAN_SLINGER';

INSERT INTO ArtDefine_UnitMemberInfos 	
		(Type, 								Scale, ZOffset, Domain, Model, 						MaterialTypeTag, MaterialTypeSoundOverrideTag)
SELECT	'ART_DEF_UNIT_MEMBER_VP_SLINGER',	Scale, ZOffset, Domain, 'hebrew_slinger.fxsxml',	MaterialTypeTag, MaterialTypeSoundOverrideTag
FROM ArtDefine_UnitMemberInfos WHERE Type = 'ART_DEF_UNIT_MEMBER_U_INCAN_SLINGER';

--LIBURNA/Liburna
INSERT INTO ArtDefine_UnitInfos (Type,DamageStates,Formation)
    SELECT  ('ART_DEF_UNIT_VP_LIBURNA'), 3, Formation
    FROM ArtDefine_UnitInfos WHERE (Type = 'ART_DEF_UNIT_TRIREME');
     
INSERT INTO ArtDefine_UnitInfoMemberInfos VALUES    ('ART_DEF_UNIT_VP_LIBURNA', 'ART_DEF_UNIT_MEMBER_VP_LIBURNA', "1");
     
INSERT INTO ArtDefine_UnitMemberCombats (UnitMemberType, EnableActions, DisableActions, MoveRadius, ShortMoveRadius, ChargeRadius, AttackRadius, RangedAttackRadius, MoveRate, ShortMoveRate, TurnRateMin, TurnRateMax, TurnFacingRateMin, TurnFacingRateMax, RollRateMin, RollRateMax, PitchRateMin, PitchRateMax, LOSRadiusScale, TargetRadius, TargetHeight, HasShortRangedAttack, HasLongRangedAttack, HasLeftRightAttack, HasStationaryMelee, HasStationaryRangedAttack, HasRefaceAfterCombat, ReformBeforeCombat, HasIndependentWeaponFacing, HasOpponentTracking, HasCollisionAttack, AttackAltitude, AltitudeDecelerationDistance, OnlyTurnInMovementActions, RushAttackFormation)
    SELECT  ('ART_DEF_UNIT_MEMBER_VP_LIBURNA'), EnableActions, DisableActions, MoveRadius, ShortMoveRadius, ChargeRadius, AttackRadius, RangedAttackRadius, MoveRate, ShortMoveRate, TurnRateMin, TurnRateMax, TurnFacingRateMin, TurnFacingRateMax, RollRateMin, RollRateMax, PitchRateMin, PitchRateMax, LOSRadiusScale, TargetRadius, TargetHeight, HasShortRangedAttack, HasLongRangedAttack, HasLeftRightAttack, HasStationaryMelee, HasStationaryRangedAttack, HasRefaceAfterCombat, ReformBeforeCombat, HasIndependentWeaponFacing, HasOpponentTracking, HasCollisionAttack, AttackAltitude, AltitudeDecelerationDistance, OnlyTurnInMovementActions, RushAttackFormation
    FROM ArtDefine_UnitMemberCombats WHERE (UnitMemberType = 'ART_DEF_UNIT_MEMBER_TRIREME');
 
INSERT INTO ArtDefine_UnitMemberCombatWeapons (UnitMemberType, "Index", SubIndex, ID, VisKillStrengthMin, VisKillStrengthMax, ProjectileSpeed, ProjectileTurnRateMin, ProjectileTurnRateMax, HitEffect, HitEffectScale, HitRadius, ProjectileChildEffectScale, AreaDamageDelay, ContinuousFire, WaitForEffectCompletion, TargetGround, IsDropped, WeaponTypeTag, WeaponTypeSoundOverrideTag)
    SELECT ('ART_DEF_UNIT_MEMBER_VP_LIBURNA'), "Index", SubIndex, ID, VisKillStrengthMin, VisKillStrengthMax, ProjectileSpeed, ProjectileTurnRateMin, ProjectileTurnRateMax, HitEffect, HitEffectScale, HitRadius, ProjectileChildEffectScale, AreaDamageDelay, ContinuousFire, WaitForEffectCompletion, TargetGround, IsDropped, WeaponTypeTag, WeaponTypeSoundOverrideTag
    FROM ArtDefine_UnitMemberCombatWeapons WHERE (UnitMemberType = 'ART_DEF_UNIT_MEMBER_TRIREME');
 
INSERT INTO ArtDefine_UnitMemberInfos (Type, Scale, ZOffset, Domain, Model, MaterialTypeTag, MaterialTypeSoundOverrideTag)
    SELECT  ('ART_DEF_UNIT_MEMBER_VP_LIBURNA'), Scale-0.1, ZOffset, Domain, ('minoan_galea.fxsxml'), MaterialTypeTag, MaterialTypeSoundOverrideTag
    FROM ArtDefine_UnitMemberInfos WHERE (Type = 'ART_DEF_UNIT_MEMBER_TRIREME');
 
INSERT INTO ArtDefine_StrategicView (StrategicViewType, TileType, Asset )
    SELECT  ('ART_DEF_UNIT_VP_LIBURNA'), TileType, 'sv_galea.dds'
    FROM ArtDefine_StrategicView WHERE (StrategicViewType = 'ART_DEF_UNIT_TRIREME');
	
-- Galley
INSERT INTO ArtDefine_UnitInfos (Type,DamageStates,Formation)
    SELECT  ('ART_DEF_UNIT_VP_GALLEY'), DamageStates, Formation
    FROM ArtDefine_UnitInfos WHERE (Type = 'ART_DEF_UNIT_BARBARIAN_GALLEY');
     
INSERT INTO ArtDefine_UnitInfoMemberInfos VALUES    ('ART_DEF_UNIT_VP_GALLEY', 'ART_DEF_UNIT_MEMBER_VP_GALLEY', "1");
     
INSERT INTO ArtDefine_UnitMemberCombats (UnitMemberType, EnableActions, DisableActions, MoveRadius, ShortMoveRadius, ChargeRadius, AttackRadius, RangedAttackRadius, MoveRate, ShortMoveRate, TurnRateMin, TurnRateMax, TurnFacingRateMin, TurnFacingRateMax, RollRateMin, RollRateMax, PitchRateMin, PitchRateMax, LOSRadiusScale, TargetRadius, TargetHeight, HasShortRangedAttack, HasLongRangedAttack, HasLeftRightAttack, HasStationaryMelee, HasStationaryRangedAttack, HasRefaceAfterCombat, ReformBeforeCombat, HasIndependentWeaponFacing, HasOpponentTracking, HasCollisionAttack, AttackAltitude, AltitudeDecelerationDistance, OnlyTurnInMovementActions, RushAttackFormation)
    SELECT  ('ART_DEF_UNIT_MEMBER_VP_GALLEY'), EnableActions, DisableActions, MoveRadius, ShortMoveRadius, ChargeRadius, AttackRadius, RangedAttackRadius, MoveRate, ShortMoveRate, TurnRateMin, TurnRateMax, TurnFacingRateMin, TurnFacingRateMax, RollRateMin, RollRateMax, PitchRateMin, PitchRateMax, LOSRadiusScale, TargetRadius, TargetHeight, HasShortRangedAttack, HasLongRangedAttack, HasLeftRightAttack, HasStationaryMelee, HasStationaryRangedAttack, HasRefaceAfterCombat, ReformBeforeCombat, HasIndependentWeaponFacing, HasOpponentTracking, HasCollisionAttack, AttackAltitude, AltitudeDecelerationDistance, OnlyTurnInMovementActions, RushAttackFormation
    FROM ArtDefine_UnitMemberCombats WHERE (UnitMemberType = 'ART_DEF_UNIT_MEMBER_BARBARIAN_GALLEY');
 
INSERT INTO ArtDefine_UnitMemberCombatWeapons (UnitMemberType, "Index", SubIndex, ID, VisKillStrengthMin, VisKillStrengthMax, ProjectileSpeed, ProjectileTurnRateMin, ProjectileTurnRateMax, HitEffect, HitEffectScale, HitRadius, ProjectileChildEffectScale, AreaDamageDelay, ContinuousFire, WaitForEffectCompletion, TargetGround, IsDropped, WeaponTypeTag, WeaponTypeSoundOverrideTag)
    SELECT ('ART_DEF_UNIT_MEMBER_VP_GALLEY'), "Index", SubIndex, ID, VisKillStrengthMin, VisKillStrengthMax, ProjectileSpeed, ProjectileTurnRateMin, ProjectileTurnRateMax, HitEffect, HitEffectScale, HitRadius, ProjectileChildEffectScale, AreaDamageDelay, ContinuousFire, WaitForEffectCompletion, TargetGround, IsDropped, WeaponTypeTag, WeaponTypeSoundOverrideTag
    FROM ArtDefine_UnitMemberCombatWeapons WHERE (UnitMemberType = 'ART_DEF_UNIT_MEMBER_BARBARIAN_GALLEY');
 
INSERT INTO ArtDefine_UnitMemberInfos (Type, Scale, ZOffset, Domain, Model, MaterialTypeTag, MaterialTypeSoundOverrideTag)
    SELECT  ('ART_DEF_UNIT_MEMBER_VP_GALLEY'), Scale, ZOffset, Domain, ('battle_galley.fxsxml'), MaterialTypeTag, MaterialTypeSoundOverrideTag
    FROM ArtDefine_UnitMemberInfos WHERE (Type = 'ART_DEF_UNIT_MEMBER_BARBARIAN_GALLEY');
 
INSERT INTO ArtDefine_StrategicView (StrategicViewType, TileType, Asset )
    SELECT  ('ART_DEF_UNIT_VP_GALLEY'), TileType, Asset
    FROM ArtDefine_StrategicView WHERE (StrategicViewType = 'ART_DEF_UNIT_BARBARIAN_GALLEY');